model,label,precision,item_id,mode,peak_allocated_gib,peak_reserved_gib,input_tokens,output_tokens,hardware
meta-llama/Llama-3.2-1B-Instruct,Llama 3.2 1B,NF4,clinical_astra_b01_001,no_rag,1.014638900756836,1.0390625,214,135,NVIDIA RTX A6000
meta-llama/Llama-3.2-1B-Instruct,Llama 3.2 1B,NF4,clinical_astra_b01_001,with_rag,1.1334419250488281,1.18359375,1701,145,NVIDIA RTX A6000
meta-llama/Llama-3.2-1B-Instruct,Llama 3.2 1B,NF4,clinical_astra_b02_001,with_rag,1.1366539001464844,1.2109375,1749,252,NVIDIA RTX A6000
meta-llama/Llama-3.2-1B-Instruct,Llama 3.2 1B,NF4,clinical_astra_b02_001,no_rag,1.0124177932739258,1.2109375,185,128,NVIDIA RTX A6000
meta-llama/Llama-3.2-1B-Instruct,Llama 3.2 1B,NF4,clinical_astra_b03_001,no_rag,1.0127239227294922,1.212890625,189,189,NVIDIA RTX A6000
meta-llama/Llama-3.2-1B-Instruct,Llama 3.2 1B,NF4,clinical_astra_b03_001,with_rag,1.1135444641113281,1.212890625,1413,254,NVIDIA RTX A6000
meta-llama/Llama-3.2-1B-Instruct,Llama 3.2 1B,NF4,clinical_astra_b04_001,with_rag,1.118485450744629,1.212890625,1490,302,NVIDIA RTX A6000
meta-llama/Llama-3.2-1B-Instruct,Llama 3.2 1B,NF4,clinical_astra_b04_001,no_rag,1.0139503479003906,1.216796875,205,290,NVIDIA RTX A6000
meta-llama/Llama-3.2-1B-Instruct,Llama 3.2 1B,NF4,clinical_astra_b05_001,no_rag,1.0149450302124023,1.216796875,218,155,NVIDIA RTX A6000
meta-llama/Llama-3.2-1B-Instruct,Llama 3.2 1B,NF4,clinical_astra_b05_001,with_rag,1.1384859085083008,1.216796875,1804,263,NVIDIA RTX A6000
meta-llama/Llama-3.2-1B-Instruct,Llama 3.2 1B,NF4,clinical_astra_b06_001,with_rag,1.1297531127929688,1.216796875,1689,172,NVIDIA RTX A6000
meta-llama/Llama-3.2-1B-Instruct,Llama 3.2 1B,NF4,clinical_astra_b06_001,no_rag,1.0139503479003906,1.216796875,205,129,NVIDIA RTX A6000
meta-llama/Llama-3.2-1B-Instruct,Llama 3.2 1B,NF4,clinical_astra_b01_002,no_rag,1.0154809951782227,1.216796875,225,271,NVIDIA RTX A6000
meta-llama/Llama-3.2-1B-Instruct,Llama 3.2 1B,NF4,clinical_astra_b01_002,with_rag,1.1228094100952148,1.216796875,1572,213,NVIDIA RTX A6000
meta-llama/Llama-3.2-1B-Instruct,Llama 3.2 1B,NF4,clinical_astra_b01_003,with_rag,1.126317024230957,1.216796875,1615,254,NVIDIA RTX A6000
meta-llama/Llama-3.2-1B-Instruct,Llama 3.2 1B,NF4,clinical_astra_b01_003,no_rag,1.0130319595336914,1.216796875,193,106,NVIDIA RTX A6000
meta-llama/Llama-3.2-1B-Instruct,Llama 3.2 1B,NF4,clinical_astra_b01_004,no_rag,1.0153274536132812,1.216796875,223,112,NVIDIA RTX A6000
meta-llama/Llama-3.2-1B-Instruct,Llama 3.2 1B,NF4,clinical_astra_b01_004,with_rag,1.1300334930419922,1.216796875,1640,240,NVIDIA RTX A6000
meta-llama/Llama-3.2-1B-Instruct,Llama 3.2 1B,NF4,clinical_astra_b01_005,with_rag,1.1347894668579102,1.216796875,1738,258,NVIDIA RTX A6000
meta-llama/Llama-3.2-1B-Instruct,Llama 3.2 1B,NF4,clinical_astra_b01_005,no_rag,1.0151748657226562,1.216796875,221,186,NVIDIA RTX A6000
meta-llama/Llama-3.2-1B-Instruct,Llama 3.2 1B,NF4,clinical_astra_b01_006,no_rag,1.0144853591918945,1.216796875,212,137,NVIDIA RTX A6000
meta-llama/Llama-3.2-1B-Instruct,Llama 3.2 1B,NF4,clinical_astra_b01_006,with_rag,1.1232690811157227,1.216796875,1562,133,NVIDIA RTX A6000
meta-llama/Llama-3.2-1B-Instruct,Llama 3.2 1B,NF4,clinical_astra_b01_007,with_rag,1.1316490173339844,1.216796875,1699,320,NVIDIA RTX A6000
meta-llama/Llama-3.2-1B-Instruct,Llama 3.2 1B,NF4,clinical_astra_b01_007,no_rag,1.0162458419799805,1.216796875,235,223,NVIDIA RTX A6000
meta-llama/Llama-3.2-1B-Instruct,Llama 3.2 1B,NF4,clinical_astra_b01_008,no_rag,1.014409065246582,1.216796875,211,191,NVIDIA RTX A6000
meta-llama/Llama-3.2-1B-Instruct,Llama 3.2 1B,NF4,clinical_astra_b01_008,with_rag,1.1185102462768555,1.216796875,1491,170,NVIDIA RTX A6000
meta-llama/Llama-3.2-1B-Instruct,Llama 3.2 1B,NF4,clinical_astra_b01_009,with_rag,1.1352920532226562,1.216796875,1760,136,NVIDIA RTX A6000
meta-llama/Llama-3.2-1B-Instruct,Llama 3.2 1B,NF4,clinical_astra_b01_009,no_rag,1.0145626068115234,1.216796875,213,245,NVIDIA RTX A6000
meta-llama/Llama-3.2-1B-Instruct,Llama 3.2 1B,NF4,clinical_astra_b01_010,no_rag,1.0149450302124023,1.216796875,218,122,NVIDIA RTX A6000
meta-llama/Llama-3.2-1B-Instruct,Llama 3.2 1B,NF4,clinical_astra_b01_010,with_rag,1.1214818954467773,1.216796875,1515,158,NVIDIA RTX A6000
meta-llama/Llama-3.2-1B-Instruct,Llama 3.2 1B,NF4,clinical_astra_b01_011,with_rag,1.159280776977539,1.31640625,2091,228,NVIDIA RTX A6000
meta-llama/Llama-3.2-1B-Instruct,Llama 3.2 1B,NF4,clinical_astra_b01_011,no_rag,1.0148687362670898,1.318359375,217,218,NVIDIA RTX A6000
meta-llama/Llama-3.2-1B-Instruct,Llama 3.2 1B,NF4,clinical_astra_b01_012,no_rag,1.0143327713012695,1.318359375,210,117,NVIDIA RTX A6000
meta-llama/Llama-3.2-1B-Instruct,Llama 3.2 1B,NF4,clinical_astra_b01_012,with_rag,1.1205835342407227,1.318359375,1508,232,NVIDIA RTX A6000
meta-llama/Llama-3.2-1B-Instruct,Llama 3.2 1B,NF4,clinical_astra_b01_013,with_rag,1.119044303894043,1.318359375,1532,252,NVIDIA RTX A6000
meta-llama/Llama-3.2-1B-Instruct,Llama 3.2 1B,NF4,clinical_astra_b01_013,no_rag,1.014791488647461,1.318359375,216,189,NVIDIA RTX A6000
meta-llama/Llama-3.2-1B-Instruct,Llama 3.2 1B,NF4,clinical_astra_b01_014,no_rag,1.013260841369629,1.318359375,196,164,NVIDIA RTX A6000
meta-llama/Llama-3.2-1B-Instruct,Llama 3.2 1B,NF4,clinical_astra_b01_014,with_rag,1.119985580444336,1.318359375,1472,136,NVIDIA RTX A6000
meta-llama/Llama-3.2-1B-Instruct,Llama 3.2 1B,NF4,clinical_astra_b01_015,with_rag,1.1319656372070312,1.318359375,1705,304,NVIDIA RTX A6000
meta-llama/Llama-3.2-1B-Instruct,Llama 3.2 1B,NF4,clinical_astra_b01_015,no_rag,1.0135669708251953,1.318359375,200,122,NVIDIA RTX A6000
meta-llama/Llama-3.2-1B-Instruct,Llama 3.2 1B,NF4,clinical_astra_b01_016,no_rag,1.0134143829345703,1.318359375,198,154,NVIDIA RTX A6000
meta-llama/Llama-3.2-1B-Instruct,Llama 3.2 1B,NF4,clinical_astra_b01_016,with_rag,1.1287117004394531,1.318359375,1673,359,NVIDIA RTX A6000
meta-llama/Llama-3.2-1B-Instruct,Llama 3.2 1B,NF4,clinical_astra_b01_017,with_rag,1.1300020217895508,1.318359375,1637,235,NVIDIA RTX A6000
meta-llama/Llama-3.2-1B-Instruct,Llama 3.2 1B,NF4,clinical_astra_b01_017,no_rag,1.0144853591918945,1.318359375,212,158,NVIDIA RTX A6000
meta-llama/Llama-3.2-1B-Instruct,Llama 3.2 1B,NF4,clinical_astra_b01_018,no_rag,1.0133380889892578,1.318359375,197,180,NVIDIA RTX A6000
meta-llama/Llama-3.2-1B-Instruct,Llama 3.2 1B,NF4,clinical_astra_b01_018,with_rag,1.1183347702026367,1.318359375,1484,208,NVIDIA RTX A6000
meta-llama/Llama-3.2-1B-Instruct,Llama 3.2 1B,NF4,clinical_astra_b01_019,with_rag,1.1263580322265625,1.318359375,1616,173,NVIDIA RTX A6000
meta-llama/Llama-3.2-1B-Instruct,Llama 3.2 1B,NF4,clinical_astra_b01_019,no_rag,1.0137205123901367,1.318359375,202,140,NVIDIA RTX A6000
meta-llama/Llama-3.2-1B-Instruct,Llama 3.2 1B,NF4,clinical_astra_b01_020,no_rag,1.0139503479003906,1.318359375,205,182,NVIDIA RTX A6000
meta-llama/Llama-3.2-1B-Instruct,Llama 3.2 1B,NF4,clinical_astra_b01_020,with_rag,1.143366813659668,1.318359375,1844,319,NVIDIA RTX A6000
meta-llama/Llama-3.2-1B-Instruct,Llama 3.2 1B,NF4,clinical_astra_b02_002,with_rag,1.1228904724121094,1.318359375,1576,188,NVIDIA RTX A6000
meta-llama/Llama-3.2-1B-Instruct,Llama 3.2 1B,NF4,clinical_astra_b02_002,no_rag,1.0122642517089844,1.318359375,183,139,NVIDIA RTX A6000
meta-llama/Llama-3.2-1B-Instruct,Llama 3.2 1B,NF4,clinical_astra_b02_003,no_rag,1.0126466751098633,1.318359375,188,113,NVIDIA RTX A6000
meta-llama/Llama-3.2-1B-Instruct,Llama 3.2 1B,NF4,clinical_astra_b02_003,with_rag,1.129990577697754,1.318359375,1636,254,NVIDIA RTX A6000
meta-llama/Llama-3.2-1B-Instruct,Llama 3.2 1B,NF4,clinical_astra_b02_004,with_rag,1.1434955596923828,1.318359375,1851,144,NVIDIA RTX A6000
meta-llama/Llama-3.2-1B-Instruct,Llama 3.2 1B,NF4,clinical_astra_b02_004,no_rag,1.0122642517089844,1.318359375,183,191,NVIDIA RTX A6000
meta-llama/Llama-3.2-1B-Instruct,Llama 3.2 1B,NF4,clinical_astra_b02_005,no_rag,1.0124177932739258,1.318359375,185,154,NVIDIA RTX A6000
meta-llama/Llama-3.2-1B-Instruct,Llama 3.2 1B,NF4,clinical_astra_b02_005,with_rag,1.1260700225830078,1.318359375,1609,249,NVIDIA RTX A6000
meta-llama/Llama-3.2-1B-Instruct,Llama 3.2 1B,NF4,clinical_astra_b02_006,with_rag,1.1367979049682617,1.318359375,1754,192,NVIDIA RTX A6000
meta-llama/Llama-3.2-1B-Instruct,Llama 3.2 1B,NF4,clinical_astra_b02_006,no_rag,1.0121879577636719,1.318359375,182,123,NVIDIA RTX A6000
meta-llama/Llama-3.2-1B-Instruct,Llama 3.2 1B,NF4,clinical_astra_b02_007,no_rag,1.0124177932739258,1.318359375,185,163,NVIDIA RTX A6000
meta-llama/Llama-3.2-1B-Instruct,Llama 3.2 1B,NF4,clinical_astra_b02_007,with_rag,1.129979133605957,1.318359375,1693,180,NVIDIA RTX A6000
meta-llama/Llama-3.2-1B-Instruct,Llama 3.2 1B,NF4,clinical_astra_b02_008,with_rag,1.1291236877441406,1.318359375,1683,157,NVIDIA RTX A6000
meta-llama/Llama-3.2-1B-Instruct,Llama 3.2 1B,NF4,clinical_astra_b02_008,no_rag,1.0124177932739258,1.318359375,185,135,NVIDIA RTX A6000
meta-llama/Llama-3.2-1B-Instruct,Llama 3.2 1B,NF4,clinical_astra_b02_009,no_rag,1.0130319595336914,1.318359375,193,126,NVIDIA RTX A6000
meta-llama/Llama-3.2-1B-Instruct,Llama 3.2 1B,NF4,clinical_astra_b02_009,with_rag,1.1300554275512695,1.318359375,1642,211,NVIDIA RTX A6000
meta-llama/Llama-3.2-1B-Instruct,Llama 3.2 1B,NF4,clinical_astra_b02_010,with_rag,1.1302375793457031,1.318359375,1659,294,NVIDIA RTX A6000
meta-llama/Llama-3.2-1B-Instruct,Llama 3.2 1B,NF4,clinical_astra_b02_010,no_rag,1.0135669708251953,1.318359375,200,150,NVIDIA RTX A6000
meta-llama/Llama-3.2-1B-Instruct,Llama 3.2 1B,NF4,clinical_astra_b02_011,no_rag,1.0127239227294922,1.318359375,189,122,NVIDIA RTX A6000
meta-llama/Llama-3.2-1B-Instruct,Llama 3.2 1B,NF4,clinical_astra_b02_011,with_rag,1.1175117492675781,1.318359375,1449,214,NVIDIA RTX A6000
meta-llama/Llama-3.2-1B-Instruct,Llama 3.2 1B,NF4,clinical_astra_b02_012,with_rag,1.1188535690307617,1.318359375,1460,348,NVIDIA RTX A6000
meta-llama/Llama-3.2-1B-Instruct,Llama 3.2 1B,NF4,clinical_astra_b02_012,no_rag,1.0128765106201172,1.318359375,191,160,NVIDIA RTX A6000
meta-llama/Llama-3.2-1B-Instruct,Llama 3.2 1B,NF4,clinical_astra_b02_013,no_rag,1.0125703811645508,1.318359375,187,119,NVIDIA RTX A6000
meta-llama/Llama-3.2-1B-Instruct,Llama 3.2 1B,NF4,clinical_astra_b02_013,with_rag,1.1405916213989258,1.318359375,1826,334,NVIDIA RTX A6000
meta-llama/Llama-3.2-1B-Instruct,Llama 3.2 1B,NF4,clinical_astra_b02_014,with_rag,1.1285877227783203,1.318359375,1670,186,NVIDIA RTX A6000
meta-llama/Llama-3.2-1B-Instruct,Llama 3.2 1B,NF4,clinical_astra_b02_014,no_rag,1.0128765106201172,1.318359375,191,135,NVIDIA RTX A6000
meta-llama/Llama-3.2-1B-Instruct,Llama 3.2 1B,NF4,clinical_astra_b02_015,no_rag,1.0129528045654297,1.318359375,192,172,NVIDIA RTX A6000
meta-llama/Llama-3.2-1B-Instruct,Llama 3.2 1B,NF4,clinical_astra_b02_015,with_rag,1.1286697387695312,1.318359375,1672,197,NVIDIA RTX A6000
meta-llama/Llama-3.2-1B-Instruct,Llama 3.2 1B,NF4,clinical_astra_b02_016,with_rag,1.1226530075073242,1.318359375,1586,318,NVIDIA RTX A6000
meta-llama/Llama-3.2-1B-Instruct,Llama 3.2 1B,NF4,clinical_astra_b02_016,no_rag,1.0134143829345703,1.318359375,198,115,NVIDIA RTX A6000
meta-llama/Llama-3.2-1B-Instruct,Llama 3.2 1B,NF4,clinical_astra_b02_017,no_rag,1.0134143829345703,1.318359375,198,173,NVIDIA RTX A6000
meta-llama/Llama-3.2-1B-Instruct,Llama 3.2 1B,NF4,clinical_astra_b02_017,with_rag,1.120138168334961,1.318359375,1478,236,NVIDIA RTX A6000
meta-llama/Llama-3.2-1B-Instruct,Llama 3.2 1B,NF4,clinical_astra_b02_018,with_rag,1.1225252151489258,1.318359375,1580,308,NVIDIA RTX A6000
meta-llama/Llama-3.2-1B-Instruct,Llama 3.2 1B,NF4,clinical_astra_b02_018,no_rag,1.013108253479004,1.318359375,194,141,NVIDIA RTX A6000
meta-llama/Llama-3.2-1B-Instruct,Llama 3.2 1B,NF4,clinical_astra_b02_019,no_rag,1.0123405456542969,1.318359375,184,117,NVIDIA RTX A6000
meta-llama/Llama-3.2-1B-Instruct,Llama 3.2 1B,NF4,clinical_astra_b02_019,with_rag,1.118988037109375,1.318359375,1531,195,NVIDIA RTX A6000
meta-llama/Llama-3.2-1B-Instruct,Llama 3.2 1B,NF4,clinical_astra_b02_020,with_rag,1.1300334930419922,1.318359375,1640,202,NVIDIA RTX A6000
meta-llama/Llama-3.2-1B-Instruct,Llama 3.2 1B,NF4,clinical_astra_b02_020,no_rag,1.0138731002807617,1.318359375,204,171,NVIDIA RTX A6000
meta-llama/Llama-3.2-1B-Instruct,Llama 3.2 1B,NF4,clinical_astra_b03_002,no_rag,1.0141792297363281,1.318359375,208,248,NVIDIA RTX A6000
meta-llama/Llama-3.2-1B-Instruct,Llama 3.2 1B,NF4,clinical_astra_b03_002,with_rag,1.1226739883422852,1.318359375,1587,354,NVIDIA RTX A6000
meta-llama/Llama-3.2-1B-Instruct,Llama 3.2 1B,NF4,clinical_astra_b03_003,with_rag,1.1450309753417969,1.318359375,1888,302,NVIDIA RTX A6000
meta-llama/Llama-3.2-1B-Instruct,Llama 3.2 1B,NF4,clinical_astra_b03_003,no_rag,1.015787124633789,1.318359375,229,230,NVIDIA RTX A6000
meta-llama/Llama-3.2-1B-Instruct,Llama 3.2 1B,NF4,clinical_astra_b03_004,no_rag,1.0137205123901367,1.318359375,202,183,NVIDIA RTX A6000
meta-llama/Llama-3.2-1B-Instruct,Llama 3.2 1B,NF4,clinical_astra_b03_004,with_rag,1.128504753112793,1.318359375,1668,383,NVIDIA RTX A6000
meta-llama/Llama-3.2-1B-Instruct,Llama 3.2 1B,NF4,clinical_astra_b03_005,with_rag,1.1227531433105469,1.318359375,1544,272,NVIDIA RTX A6000
meta-llama/Llama-3.2-1B-Instruct,Llama 3.2 1B,NF4,clinical_astra_b03_005,no_rag,1.0150213241577148,1.318359375,219,210,NVIDIA RTX A6000
meta-llama/Llama-3.2-1B-Instruct,Llama 3.2 1B,NF4,clinical_astra_b03_006,no_rag,1.013260841369629,1.318359375,196,141,NVIDIA RTX A6000
meta-llama/Llama-3.2-1B-Instruct,Llama 3.2 1B,NF4,clinical_astra_b03_006,with_rag,1.123147964477539,1.318359375,1566,204,NVIDIA RTX A6000
meta-llama/Llama-3.2-1B-Instruct,Llama 3.2 1B,NF4,clinical_astra_b03_007,with_rag,1.122589111328125,1.318359375,1583,149,NVIDIA RTX A6000
meta-llama/Llama-3.2-1B-Instruct,Llama 3.2 1B,NF4,clinical_astra_b03_007,no_rag,1.014638900756836,1.318359375,214,124,NVIDIA RTX A6000
meta-llama/Llama-3.2-1B-Instruct,Llama 3.2 1B,NF4,clinical_astra_b03_008,no_rag,1.0126466751098633,1.318359375,188,158,NVIDIA RTX A6000
meta-llama/Llama-3.2-1B-Instruct,Llama 3.2 1B,NF4,clinical_astra_b03_008,with_rag,1.1200876235961914,1.318359375,1476,188,NVIDIA RTX A6000
meta-llama/Llama-3.2-1B-Instruct,Llama 3.2 1B,NF4,clinical_astra_b03_009,with_rag,1.1140851974487305,1.318359375,1388,125,NVIDIA RTX A6000
meta-llama/Llama-3.2-1B-Instruct,Llama 3.2 1B,NF4,clinical_astra_b03_009,no_rag,1.0127239227294922,1.318359375,189,181,NVIDIA RTX A6000
meta-llama/Llama-3.2-1B-Instruct,Llama 3.2 1B,NF4,clinical_astra_b03_010,no_rag,1.0133380889892578,1.318359375,197,166,NVIDIA RTX A6000
meta-llama/Llama-3.2-1B-Instruct,Llama 3.2 1B,NF4,clinical_astra_b03_010,with_rag,1.1221141815185547,1.318359375,1526,437,NVIDIA RTX A6000
meta-llama/Llama-3.2-1B-Instruct,Llama 3.2 1B,NF4,clinical_astra_b03_011,with_rag,1.1241207122802734,1.318359375,1597,219,NVIDIA RTX A6000
meta-llama/Llama-3.2-1B-Instruct,Llama 3.2 1B,NF4,clinical_astra_b03_011,no_rag,1.0128765106201172,1.318359375,191,156,NVIDIA RTX A6000
meta-llama/Llama-3.2-1B-Instruct,Llama 3.2 1B,NF4,clinical_astra_b03_012,no_rag,1.0131845474243164,1.318359375,195,123,NVIDIA RTX A6000
meta-llama/Llama-3.2-1B-Instruct,Llama 3.2 1B,NF4,clinical_astra_b03_012,with_rag,1.1238908767700195,1.318359375,1593,250,NVIDIA RTX A6000
meta-llama/Llama-3.2-1B-Instruct,Llama 3.2 1B,NF4,clinical_astra_b03_013,with_rag,1.1240053176879883,1.318359375,1595,276,NVIDIA RTX A6000
meta-llama/Llama-3.2-1B-Instruct,Llama 3.2 1B,NF4,clinical_astra_b03_013,no_rag,1.0129528045654297,1.318359375,192,176,NVIDIA RTX A6000
meta-llama/Llama-3.2-1B-Instruct,Llama 3.2 1B,NF4,clinical_astra_b03_014,no_rag,1.0137205123901367,1.318359375,202,152,NVIDIA RTX A6000
meta-llama/Llama-3.2-1B-Instruct,Llama 3.2 1B,NF4,clinical_astra_b03_014,with_rag,1.1299047470092773,1.318359375,1628,108,NVIDIA RTX A6000
meta-llama/Llama-3.2-1B-Instruct,Llama 3.2 1B,NF4,clinical_astra_b03_015,with_rag,1.130044937133789,1.318359375,1641,221,NVIDIA RTX A6000
meta-llama/Llama-3.2-1B-Instruct,Llama 3.2 1B,NF4,clinical_astra_b03_015,no_rag,1.0147151947021484,1.318359375,215,164,NVIDIA RTX A6000
meta-llama/Llama-3.2-1B-Instruct,Llama 3.2 1B,NF4,clinical_astra_b03_016,no_rag,1.0140266418457031,1.318359375,206,244,NVIDIA RTX A6000
meta-llama/Llama-3.2-1B-Instruct,Llama 3.2 1B,NF4,clinical_astra_b03_016,with_rag,1.1299476623535156,1.318359375,1632,359,NVIDIA RTX A6000
meta-llama/Llama-3.2-1B-Instruct,Llama 3.2 1B,NF4,clinical_astra_b03_017,with_rag,1.1366243362426758,1.318359375,1748,258,NVIDIA RTX A6000
meta-llama/Llama-3.2-1B-Instruct,Llama 3.2 1B,NF4,clinical_astra_b03_017,no_rag,1.0141029357910156,1.318359375,207,221,NVIDIA RTX A6000
meta-llama/Llama-3.2-1B-Instruct,Llama 3.2 1B,NF4,clinical_astra_b03_018,no_rag,1.0144853591918945,1.318359375,212,222,NVIDIA RTX A6000
meta-llama/Llama-3.2-1B-Instruct,Llama 3.2 1B,NF4,clinical_astra_b03_018,with_rag,1.1318778991699219,1.318359375,1710,274,NVIDIA RTX A6000
meta-llama/Llama-3.2-1B-Instruct,Llama 3.2 1B,NF4,clinical_astra_b03_019,with_rag,1.126688003540039,1.318359375,1624,508,NVIDIA RTX A6000
meta-llama/Llama-3.2-1B-Instruct,Llama 3.2 1B,NF4,clinical_astra_b03_019,no_rag,1.014256477355957,1.318359375,209,177,NVIDIA RTX A6000
meta-llama/Llama-3.2-1B-Instruct,Llama 3.2 1B,NF4,clinical_astra_b03_020,no_rag,1.0141792297363281,1.318359375,208,147,NVIDIA RTX A6000
meta-llama/Llama-3.2-1B-Instruct,Llama 3.2 1B,NF4,clinical_astra_b03_020,with_rag,1.1153240203857422,1.318359375,1429,207,NVIDIA RTX A6000
meta-llama/Llama-3.2-1B-Instruct,Llama 3.2 1B,NF4,clinical_astra_b04_002,with_rag,1.1300554275512695,1.318359375,1642,243,NVIDIA RTX A6000
meta-llama/Llama-3.2-1B-Instruct,Llama 3.2 1B,NF4,clinical_astra_b04_002,no_rag,1.0148687362670898,1.318359375,217,140,NVIDIA RTX A6000
meta-llama/Llama-3.2-1B-Instruct,Llama 3.2 1B,NF4,clinical_astra_b04_003,no_rag,1.0136442184448242,1.318359375,201,147,NVIDIA RTX A6000
meta-llama/Llama-3.2-1B-Instruct,Llama 3.2 1B,NF4,clinical_astra_b04_003,with_rag,1.1440296173095703,1.318359375,1880,178,NVIDIA RTX A6000
meta-llama/Llama-3.2-1B-Instruct,Llama 3.2 1B,NF4,clinical_astra_b04_004,with_rag,1.1233501434326172,1.318359375,1565,299,NVIDIA RTX A6000
meta-llama/Llama-3.2-1B-Instruct,Llama 3.2 1B,NF4,clinical_astra_b04_004,no_rag,1.0133380889892578,1.318359375,197,151,NVIDIA RTX A6000
meta-llama/Llama-3.2-1B-Instruct,Llama 3.2 1B,NF4,clinical_astra_b04_005,no_rag,1.0137968063354492,1.318359375,203,194,NVIDIA RTX A6000
meta-llama/Llama-3.2-1B-Instruct,Llama 3.2 1B,NF4,clinical_astra_b04_005,with_rag,1.1302804946899414,1.318359375,1663,344,NVIDIA RTX A6000
meta-llama/Llama-3.2-1B-Instruct,Llama 3.2 1B,NF4,clinical_astra_b04_006,with_rag,1.1302595138549805,1.318359375,1661,231,NVIDIA RTX A6000
meta-llama/Llama-3.2-1B-Instruct,Llama 3.2 1B,NF4,clinical_astra_b04_006,no_rag,1.0139503479003906,1.318359375,205,160,NVIDIA RTX A6000
meta-llama/Llama-3.2-1B-Instruct,Llama 3.2 1B,NF4,clinical_astra_b04_007,no_rag,1.0140266418457031,1.318359375,206,159,NVIDIA RTX A6000
meta-llama/Llama-3.2-1B-Instruct,Llama 3.2 1B,NF4,clinical_astra_b04_007,with_rag,1.1205434799194336,1.318359375,1507,169,NVIDIA RTX A6000
meta-llama/Llama-3.2-1B-Instruct,Llama 3.2 1B,NF4,clinical_astra_b04_008,with_rag,1.1229314804077148,1.318359375,1578,174,NVIDIA RTX A6000
meta-llama/Llama-3.2-1B-Instruct,Llama 3.2 1B,NF4,clinical_astra_b04_008,no_rag,1.0147151947021484,1.318359375,215,193,NVIDIA RTX A6000
meta-llama/Llama-3.2-1B-Instruct,Llama 3.2 1B,NF4,clinical_astra_b04_009,no_rag,1.0128002166748047,1.318359375,190,135,NVIDIA RTX A6000
meta-llama/Llama-3.2-1B-Instruct,Llama 3.2 1B,NF4,clinical_astra_b04_009,with_rag,1.1347455978393555,1.318359375,1735,219,NVIDIA RTX A6000
meta-llama/Llama-3.2-1B-Instruct,Llama 3.2 1B,NF4,clinical_astra_b04_010,with_rag,1.1149396896362305,1.318359375,1434,195,NVIDIA RTX A6000
meta-llama/Llama-3.2-1B-Instruct,Llama 3.2 1B,NF4,clinical_astra_b04_010,no_rag,1.0133380889892578,1.318359375,197,130,NVIDIA RTX A6000
meta-llama/Llama-3.2-1B-Instruct,Llama 3.2 1B,NF4,clinical_astra_b04_011,no_rag,1.0127239227294922,1.318359375,189,134,NVIDIA RTX A6000
meta-llama/Llama-3.2-1B-Instruct,Llama 3.2 1B,NF4,clinical_astra_b04_011,with_rag,1.1409673690795898,1.318359375,1834,185,NVIDIA RTX A6000
meta-llama/Llama-3.2-1B-Instruct,Llama 3.2 1B,NF4,clinical_astra_b04_012,with_rag,1.1318073272705078,1.318359375,1702,158,NVIDIA RTX A6000
meta-llama/Llama-3.2-1B-Instruct,Llama 3.2 1B,NF4,clinical_astra_b04_012,no_rag,1.0125703811645508,1.318359375,187,100,NVIDIA RTX A6000
meta-llama/Llama-3.2-1B-Instruct,Llama 3.2 1B,NF4,clinical_astra_b04_013,no_rag,1.0126466751098633,1.318359375,188,101,NVIDIA RTX A6000
meta-llama/Llama-3.2-1B-Instruct,Llama 3.2 1B,NF4,clinical_astra_b04_013,with_rag,1.1404504776000977,1.318359375,1823,177,NVIDIA RTX A6000
meta-llama/Llama-3.2-1B-Instruct,Llama 3.2 1B,NF4,clinical_astra_b04_014,with_rag,1.1184606552124023,1.318359375,1489,226,NVIDIA RTX A6000
meta-llama/Llama-3.2-1B-Instruct,Llama 3.2 1B,NF4,clinical_astra_b04_014,no_rag,1.0138731002807617,1.318359375,204,132,NVIDIA RTX A6000
meta-llama/Llama-3.2-1B-Instruct,Llama 3.2 1B,NF4,clinical_astra_b04_015,no_rag,1.0129528045654297,1.318359375,192,123,NVIDIA RTX A6000
meta-llama/Llama-3.2-1B-Instruct,Llama 3.2 1B,NF4,clinical_astra_b04_015,with_rag,1.1336650848388672,1.318359375,1728,165,NVIDIA RTX A6000
meta-llama/Llama-3.2-1B-Instruct,Llama 3.2 1B,NF4,clinical_astra_b04_016,with_rag,1.129990577697754,1.318359375,1636,188,NVIDIA RTX A6000
meta-llama/Llama-3.2-1B-Instruct,Llama 3.2 1B,NF4,clinical_astra_b04_016,no_rag,1.0144853591918945,1.318359375,212,141,NVIDIA RTX A6000
meta-llama/Llama-3.2-1B-Instruct,Llama 3.2 1B,NF4,clinical_astra_b04_017,no_rag,1.0126466751098633,1.318359375,188,121,NVIDIA RTX A6000
meta-llama/Llama-3.2-1B-Instruct,Llama 3.2 1B,NF4,clinical_astra_b04_017,with_rag,1.1302595138549805,1.318359375,1661,126,NVIDIA RTX A6000
meta-llama/Llama-3.2-1B-Instruct,Llama 3.2 1B,NF4,clinical_astra_b04_018,with_rag,1.1250267028808594,1.318359375,1601,359,NVIDIA RTX A6000
meta-llama/Llama-3.2-1B-Instruct,Llama 3.2 1B,NF4,clinical_astra_b04_018,no_rag,1.0133380889892578,1.318359375,197,245,NVIDIA RTX A6000
meta-llama/Llama-3.2-1B-Instruct,Llama 3.2 1B,NF4,clinical_astra_b04_019,no_rag,1.013260841369629,1.318359375,196,137,NVIDIA RTX A6000
meta-llama/Llama-3.2-1B-Instruct,Llama 3.2 1B,NF4,clinical_astra_b04_019,with_rag,1.1204633712768555,1.318359375,1505,332,NVIDIA RTX A6000
meta-llama/Llama-3.2-1B-Instruct,Llama 3.2 1B,NF4,clinical_astra_b04_020,with_rag,1.117593765258789,1.318359375,1451,332,NVIDIA RTX A6000
meta-llama/Llama-3.2-1B-Instruct,Llama 3.2 1B,NF4,clinical_astra_b04_020,no_rag,1.0137968063354492,1.318359375,203,162,NVIDIA RTX A6000
meta-llama/Llama-3.2-1B-Instruct,Llama 3.2 1B,NF4,clinical_astra_b05_002,no_rag,1.0144853591918945,1.318359375,212,150,NVIDIA RTX A6000
meta-llama/Llama-3.2-1B-Instruct,Llama 3.2 1B,NF4,clinical_astra_b05_002,with_rag,1.122694969177246,1.318359375,1588,279,NVIDIA RTX A6000
meta-llama/Llama-3.2-1B-Instruct,Llama 3.2 1B,NF4,clinical_astra_b05_003,with_rag,1.136826515197754,1.318359375,1755,311,NVIDIA RTX A6000
meta-llama/Llama-3.2-1B-Instruct,Llama 3.2 1B,NF4,clinical_astra_b05_003,no_rag,1.014256477355957,1.318359375,209,208,NVIDIA RTX A6000
meta-llama/Llama-3.2-1B-Instruct,Llama 3.2 1B,NF4,clinical_astra_b05_004,no_rag,1.0124177932739258,1.318359375,185,209,NVIDIA RTX A6000
meta-llama/Llama-3.2-1B-Instruct,Llama 3.2 1B,NF4,clinical_astra_b05_004,with_rag,1.1279191970825195,1.318359375,1626,211,NVIDIA RTX A6000
meta-llama/Llama-3.2-1B-Instruct,Llama 3.2 1B,NF4,clinical_astra_b05_005,with_rag,1.1436080932617188,1.318359375,1857,150,NVIDIA RTX A6000
meta-llama/Llama-3.2-1B-Instruct,Llama 3.2 1B,NF4,clinical_astra_b05_005,no_rag,1.0134143829345703,1.318359375,198,177,NVIDIA RTX A6000
meta-llama/Llama-3.2-1B-Instruct,Llama 3.2 1B,NF4,clinical_astra_b05_006,no_rag,1.0122642517089844,1.318359375,183,182,NVIDIA RTX A6000
meta-llama/Llama-3.2-1B-Instruct,Llama 3.2 1B,NF4,clinical_astra_b05_006,with_rag,1.1408262252807617,1.318359375,1831,171,NVIDIA RTX A6000
meta-llama/Llama-3.2-1B-Instruct,Llama 3.2 1B,NF4,clinical_astra_b05_007,with_rag,1.1258220672607422,1.318359375,1603,155,NVIDIA RTX A6000
meta-llama/Llama-3.2-1B-Instruct,Llama 3.2 1B,NF4,clinical_astra_b05_007,no_rag,1.0124940872192383,1.318359375,186,147,NVIDIA RTX A6000
meta-llama/Llama-3.2-1B-Instruct,Llama 3.2 1B,NF4,clinical_astra_b05_008,no_rag,1.014638900756836,1.318359375,214,185,NVIDIA RTX A6000
meta-llama/Llama-3.2-1B-Instruct,Llama 3.2 1B,NF4,clinical_astra_b05_008,with_rag,1.1179323196411133,1.318359375,1468,152,NVIDIA RTX A6000
meta-llama/Llama-3.2-1B-Instruct,Llama 3.2 1B,NF4,clinical_astra_b05_009,with_rag,1.130147933959961,1.318359375,1696,318,NVIDIA RTX A6000
meta-llama/Llama-3.2-1B-Instruct,Llama 3.2 1B,NF4,clinical_astra_b05_009,no_rag,1.0141792297363281,1.318359375,208,141,NVIDIA RTX A6000
meta-llama/Llama-3.2-1B-Instruct,Llama 3.2 1B,NF4,clinical_astra_b05_010,no_rag,1.0155572891235352,1.318359375,226,163,NVIDIA RTX A6000
meta-llama/Llama-3.2-1B-Instruct,Llama 3.2 1B,NF4,clinical_astra_b05_010,with_rag,1.125946044921875,1.318359375,1606,302,NVIDIA RTX A6000
meta-llama/Llama-3.2-1B-Instruct,Llama 3.2 1B,NF4,clinical_astra_b05_011,with_rag,1.135599136352539,1.318359375,1771,210,NVIDIA RTX A6000
meta-llama/Llama-3.2-1B-Instruct,Llama 3.2 1B,NF4,clinical_astra_b05_011,no_rag,1.0138731002807617,1.318359375,204,129,NVIDIA RTX A6000
meta-llama/Llama-3.2-1B-Instruct,Llama 3.2 1B,NF4,clinical_astra_b05_012,no_rag,1.014256477355957,1.318359375,209,180,NVIDIA RTX A6000
meta-llama/Llama-3.2-1B-Instruct,Llama 3.2 1B,NF4,clinical_astra_b05_012,with_rag,1.1404504776000977,1.318359375,1823,220,NVIDIA RTX A6000
meta-llama/Llama-3.2-1B-Instruct,Llama 3.2 1B,NF4,clinical_astra_b05_013,with_rag,1.1300334930419922,1.318359375,1640,257,NVIDIA RTX A6000
meta-llama/Llama-3.2-1B-Instruct,Llama 3.2 1B,NF4,clinical_astra_b05_013,no_rag,1.0134906768798828,1.318359375,199,191,NVIDIA RTX A6000
meta-llama/Llama-3.2-1B-Instruct,Llama 3.2 1B,NF4,clinical_astra_b05_014,no_rag,1.0125703811645508,1.318359375,187,117,NVIDIA RTX A6000
meta-llama/Llama-3.2-1B-Instruct,Llama 3.2 1B,NF4,clinical_astra_b05_014,with_rag,1.1226377487182617,1.318359375,1539,122,NVIDIA RTX A6000
meta-llama/Llama-3.2-1B-Instruct,Llama 3.2 1B,NF4,clinical_astra_b05_015,with_rag,1.118988037109375,1.318359375,1531,263,NVIDIA RTX A6000
meta-llama/Llama-3.2-1B-Instruct,Llama 3.2 1B,NF4,clinical_astra_b05_015,no_rag,1.0124177932739258,1.318359375,185,167,NVIDIA RTX A6000
meta-llama/Llama-3.2-1B-Instruct,Llama 3.2 1B,NF4,clinical_astra_b05_016,no_rag,1.011958122253418,1.318359375,179,188,NVIDIA RTX A6000
meta-llama/Llama-3.2-1B-Instruct,Llama 3.2 1B,NF4,clinical_astra_b05_016,with_rag,1.130173683166504,1.318359375,1653,328,NVIDIA RTX A6000
meta-llama/Llama-3.2-1B-Instruct,Llama 3.2 1B,NF4,clinical_astra_b05_017,with_rag,1.122610092163086,1.318359375,1584,361,NVIDIA RTX A6000
meta-llama/Llama-3.2-1B-Instruct,Llama 3.2 1B,NF4,clinical_astra_b05_017,no_rag,1.0138731002807617,1.318359375,204,126,NVIDIA RTX A6000
meta-llama/Llama-3.2-1B-Instruct,Llama 3.2 1B,NF4,clinical_astra_b05_018,no_rag,1.0126466751098633,1.318359375,188,139,NVIDIA RTX A6000
meta-llama/Llama-3.2-1B-Instruct,Llama 3.2 1B,NF4,clinical_astra_b05_018,with_rag,1.1183099746704102,1.318359375,1483,164,NVIDIA RTX A6000
meta-llama/Llama-3.2-1B-Instruct,Llama 3.2 1B,NF4,clinical_astra_b05_019,with_rag,1.1402626037597656,1.318359375,1819,175,NVIDIA RTX A6000
meta-llama/Llama-3.2-1B-Instruct,Llama 3.2 1B,NF4,clinical_astra_b05_019,no_rag,1.0124940872192383,1.318359375,186,168,NVIDIA RTX A6000
meta-llama/Llama-3.2-1B-Instruct,Llama 3.2 1B,NF4,clinical_astra_b05_020,no_rag,1.0141029357910156,1.318359375,207,144,NVIDIA RTX A6000
meta-llama/Llama-3.2-1B-Instruct,Llama 3.2 1B,NF4,clinical_astra_b05_020,with_rag,1.1176347732543945,1.318359375,1452,146,NVIDIA RTX A6000
meta-llama/Llama-3.2-1B-Instruct,Llama 3.2 1B,NF4,clinical_astra_b06_002,with_rag,1.1535911560058594,1.318359375,1982,383,NVIDIA RTX A6000
meta-llama/Llama-3.2-1B-Instruct,Llama 3.2 1B,NF4,clinical_astra_b06_002,no_rag,1.0138731002807617,1.318359375,204,184,NVIDIA RTX A6000
meta-llama/Llama-3.2-1B-Instruct,Llama 3.2 1B,NF4,clinical_astra_b06_003,no_rag,1.0136442184448242,1.318359375,201,206,NVIDIA RTX A6000
meta-llama/Llama-3.2-1B-Instruct,Llama 3.2 1B,NF4,clinical_astra_b06_003,with_rag,1.1216545104980469,1.318359375,1518,306,NVIDIA RTX A6000
meta-llama/Llama-3.2-1B-Instruct,Llama 3.2 1B,NF4,clinical_astra_b06_004,with_rag,1.1227073669433594,1.318359375,1542,209,NVIDIA RTX A6000
meta-llama/Llama-3.2-1B-Instruct,Llama 3.2 1B,NF4,clinical_astra_b06_004,no_rag,1.014256477355957,1.318359375,209,119,NVIDIA RTX A6000
meta-llama/Llama-3.2-1B-Instruct,Llama 3.2 1B,NF4,clinical_astra_b06_005,no_rag,1.0133380889892578,1.318359375,197,187,NVIDIA RTX A6000
meta-llama/Llama-3.2-1B-Instruct,Llama 3.2 1B,NF4,clinical_astra_b06_005,with_rag,1.1289997100830078,1.318359375,1680,321,NVIDIA RTX A6000
meta-llama/Llama-3.2-1B-Instruct,Llama 3.2 1B,NF4,clinical_astra_b06_006,with_rag,1.1299800872802734,1.318359375,1635,133,NVIDIA RTX A6000
meta-llama/Llama-3.2-1B-Instruct,Llama 3.2 1B,NF4,clinical_astra_b06_006,no_rag,1.0143327713012695,1.318359375,210,219,NVIDIA RTX A6000
meta-llama/Llama-3.2-1B-Instruct,Llama 3.2 1B,NF4,clinical_astra_b06_007,no_rag,1.0147151947021484,1.318359375,215,165,NVIDIA RTX A6000
meta-llama/Llama-3.2-1B-Instruct,Llama 3.2 1B,NF4,clinical_astra_b06_007,with_rag,1.1302375793457031,1.318359375,1659,218,NVIDIA RTX A6000
meta-llama/Llama-3.2-1B-Instruct,Llama 3.2 1B,NF4,clinical_astra_b06_008,with_rag,1.136343002319336,1.318359375,1784,247,NVIDIA RTX A6000
meta-llama/Llama-3.2-1B-Instruct,Llama 3.2 1B,NF4,clinical_astra_b06_008,no_rag,1.0139503479003906,1.318359375,205,234,NVIDIA RTX A6000
meta-llama/Llama-3.2-1B-Instruct,Llama 3.2 1B,NF4,clinical_astra_b06_009,no_rag,1.0140266418457031,1.318359375,206,165,NVIDIA RTX A6000
meta-llama/Llama-3.2-1B-Instruct,Llama 3.2 1B,NF4,clinical_astra_b06_009,with_rag,1.1227378845214844,1.318359375,1590,219,NVIDIA RTX A6000
meta-llama/Llama-3.2-1B-Instruct,Llama 3.2 1B,NF4,clinical_astra_b06_010,with_rag,1.1448659896850586,1.318359375,1893,271,NVIDIA RTX A6000
meta-llama/Llama-3.2-1B-Instruct,Llama 3.2 1B,NF4,clinical_astra_b06_010,no_rag,1.0137205123901367,1.318359375,202,172,NVIDIA RTX A6000
meta-llama/Llama-3.2-1B-Instruct,Llama 3.2 1B,NF4,clinical_astra_b06_011,no_rag,1.0150213241577148,1.318359375,219,219,NVIDIA RTX A6000
meta-llama/Llama-3.2-1B-Instruct,Llama 3.2 1B,NF4,clinical_astra_b06_011,with_rag,1.1290416717529297,1.318359375,1681,265,NVIDIA RTX A6000
meta-llama/Llama-3.2-1B-Instruct,Llama 3.2 1B,NF4,clinical_astra_b06_012,with_rag,1.130173683166504,1.318359375,1653,184,NVIDIA RTX A6000
meta-llama/Llama-3.2-1B-Instruct,Llama 3.2 1B,NF4,clinical_astra_b06_012,no_rag,1.014791488647461,1.318359375,216,163,NVIDIA RTX A6000
meta-llama/Llama-3.2-1B-Instruct,Llama 3.2 1B,NF4,clinical_astra_b06_013,no_rag,1.0138731002807617,1.318359375,204,122,NVIDIA RTX A6000
meta-llama/Llama-3.2-1B-Instruct,Llama 3.2 1B,NF4,clinical_astra_b06_013,with_rag,1.1133146286010742,1.318359375,1409,329,NVIDIA RTX A6000
meta-llama/Llama-3.2-1B-Instruct,Llama 3.2 1B,NF4,clinical_astra_b06_014,with_rag,1.1435871124267578,1.318359375,1856,293,NVIDIA RTX A6000
meta-llama/Llama-3.2-1B-Instruct,Llama 3.2 1B,NF4,clinical_astra_b06_014,no_rag,1.013260841369629,1.318359375,196,135,NVIDIA RTX A6000
meta-llama/Llama-3.2-1B-Instruct,Llama 3.2 1B,NF4,clinical_astra_b06_015,no_rag,1.0136442184448242,1.318359375,201,154,NVIDIA RTX A6000
meta-llama/Llama-3.2-1B-Instruct,Llama 3.2 1B,NF4,clinical_astra_b06_015,with_rag,1.1215972900390625,1.318359375,1517,130,NVIDIA RTX A6000
meta-llama/Llama-3.2-1B-Instruct,Llama 3.2 1B,NF4,clinical_astra_b06_016,with_rag,1.137831687927246,1.318359375,1781,299,NVIDIA RTX A6000
meta-llama/Llama-3.2-1B-Instruct,Llama 3.2 1B,NF4,clinical_astra_b06_016,no_rag,1.0144853591918945,1.318359375,212,158,NVIDIA RTX A6000
meta-llama/Llama-3.2-1B-Instruct,Llama 3.2 1B,NF4,clinical_astra_b06_017,no_rag,1.0147151947021484,1.318359375,215,137,NVIDIA RTX A6000
meta-llama/Llama-3.2-1B-Instruct,Llama 3.2 1B,NF4,clinical_astra_b06_017,with_rag,1.1201410293579102,1.318359375,1497,282,NVIDIA RTX A6000
meta-llama/Llama-3.2-1B-Instruct,Llama 3.2 1B,NF4,clinical_astra_b06_018,with_rag,1.1184606552124023,1.318359375,1489,251,NVIDIA RTX A6000
meta-llama/Llama-3.2-1B-Instruct,Llama 3.2 1B,NF4,clinical_astra_b06_018,no_rag,1.0138731002807617,1.318359375,204,164,NVIDIA RTX A6000
meta-llama/Llama-3.2-1B-Instruct,Llama 3.2 1B,NF4,clinical_astra_b06_019,no_rag,1.0136442184448242,1.318359375,201,152,NVIDIA RTX A6000
meta-llama/Llama-3.2-1B-Instruct,Llama 3.2 1B,NF4,clinical_astra_b06_019,with_rag,1.135711669921875,1.318359375,1775,258,NVIDIA RTX A6000
meta-llama/Llama-3.2-1B-Instruct,Llama 3.2 1B,NF4,clinical_astra_b06_020,with_rag,1.1413898468017578,1.318359375,1843,246,NVIDIA RTX A6000
meta-llama/Llama-3.2-1B-Instruct,Llama 3.2 1B,NF4,clinical_astra_b06_020,no_rag,1.0141029357910156,1.318359375,207,168,NVIDIA RTX A6000
meta-llama/Llama-3.2-1B-Instruct,Llama 3.2 1B,BF16,clinical_astra_b01_001,no_rag,2.330449104309082,2.337890625,214,135,NVIDIA RTX A6000
meta-llama/Llama-3.2-1B-Instruct,Llama 3.2 1B,BF16,clinical_astra_b01_001,with_rag,2.4686813354492188,2.521484375,1701,118,NVIDIA RTX A6000
meta-llama/Llama-3.2-1B-Instruct,Llama 3.2 1B,BF16,clinical_astra_b02_001,with_rag,2.474675178527832,2.521484375,1749,184,NVIDIA RTX A6000
meta-llama/Llama-3.2-1B-Instruct,Llama 3.2 1B,BF16,clinical_astra_b02_001,no_rag,2.3277854919433594,2.521484375,185,114,NVIDIA RTX A6000
meta-llama/Llama-3.2-1B-Instruct,Llama 3.2 1B,BF16,clinical_astra_b03_001,no_rag,2.328152656555176,2.5234375,189,178,NVIDIA RTX A6000
meta-llama/Llama-3.2-1B-Instruct,Llama 3.2 1B,BF16,clinical_astra_b03_001,with_rag,2.442418098449707,2.5234375,1413,204,NVIDIA RTX A6000
meta-llama/Llama-3.2-1B-Instruct,Llama 3.2 1B,BF16,clinical_astra_b04_001,with_rag,2.449953079223633,2.5234375,1490,272,NVIDIA RTX A6000
meta-llama/Llama-3.2-1B-Instruct,Llama 3.2 1B,BF16,clinical_astra_b04_001,no_rag,2.329623222351074,2.5234375,205,167,NVIDIA RTX A6000
meta-llama/Llama-3.2-1B-Instruct,Llama 3.2 1B,BF16,clinical_astra_b05_001,no_rag,2.3308162689208984,2.525390625,218,230,NVIDIA RTX A6000
meta-llama/Llama-3.2-1B-Instruct,Llama 3.2 1B,BF16,clinical_astra_b05_001,with_rag,2.47705078125,2.61328125,1804,217,NVIDIA RTX A6000
meta-llama/Llama-3.2-1B-Instruct,Llama 3.2 1B,BF16,clinical_astra_b06_001,with_rag,2.46798038482666,2.61328125,1689,244,NVIDIA RTX A6000
meta-llama/Llama-3.2-1B-Instruct,Llama 3.2 1B,BF16,clinical_astra_b06_001,no_rag,2.329623222351074,2.61328125,205,146,NVIDIA RTX A6000
meta-llama/Llama-3.2-1B-Instruct,Llama 3.2 1B,BF16,clinical_astra_b01_002,no_rag,2.3314590454101562,2.61328125,225,146,NVIDIA RTX A6000
meta-llama/Llama-3.2-1B-Instruct,Llama 3.2 1B,BF16,clinical_astra_b01_002,with_rag,2.456258773803711,2.61328125,1572,255,NVIDIA RTX A6000
meta-llama/Llama-3.2-1B-Instruct,Llama 3.2 1B,BF16,clinical_astra_b01_003,with_rag,2.4599056243896484,2.61328125,1615,292,NVIDIA RTX A6000
meta-llama/Llama-3.2-1B-Instruct,Llama 3.2 1B,BF16,clinical_astra_b01_003,no_rag,2.328521728515625,2.61328125,193,166,NVIDIA RTX A6000
meta-llama/Llama-3.2-1B-Instruct,Llama 3.2 1B,BF16,clinical_astra_b01_004,no_rag,2.33127498626709,2.61328125,223,96,NVIDIA RTX A6000
meta-llama/Llama-3.2-1B-Instruct,Llama 3.2 1B,BF16,clinical_astra_b01_004,with_rag,2.4635515213012695,2.61328125,1640,195,NVIDIA RTX A6000
meta-llama/Llama-3.2-1B-Instruct,Llama 3.2 1B,BF16,clinical_astra_b01_005,with_rag,2.4745044708251953,2.61328125,1738,163,NVIDIA RTX A6000
meta-llama/Llama-3.2-1B-Instruct,Llama 3.2 1B,BF16,clinical_astra_b01_005,no_rag,2.33109188079834,2.61328125,221,161,NVIDIA RTX A6000
meta-llama/Llama-3.2-1B-Instruct,Llama 3.2 1B,BF16,clinical_astra_b01_006,no_rag,2.3302650451660156,2.61328125,212,171,NVIDIA RTX A6000
meta-llama/Llama-3.2-1B-Instruct,Llama 3.2 1B,BF16,clinical_astra_b01_006,with_rag,2.4559803009033203,2.61328125,1562,202,NVIDIA RTX A6000
meta-llama/Llama-3.2-1B-Instruct,Llama 3.2 1B,BF16,clinical_astra_b01_007,with_rag,2.468564033508301,2.61328125,1699,311,NVIDIA RTX A6000
meta-llama/Llama-3.2-1B-Instruct,Llama 3.2 1B,BF16,clinical_astra_b01_007,no_rag,2.3332157135009766,2.61328125,235,156,NVIDIA RTX A6000
meta-llama/Llama-3.2-1B-Instruct,Llama 3.2 1B,BF16,clinical_astra_b01_008,no_rag,2.3301734924316406,2.61328125,211,173,NVIDIA RTX A6000
meta-llama/Llama-3.2-1B-Instruct,Llama 3.2 1B,BF16,clinical_astra_b01_008,with_rag,2.4500017166137695,2.61328125,1491,102,NVIDIA RTX A6000
meta-llama/Llama-3.2-1B-Instruct,Llama 3.2 1B,BF16,clinical_astra_b01_009,with_rag,2.4748449325561523,2.61328125,1760,207,NVIDIA RTX A6000
meta-llama/Llama-3.2-1B-Instruct,Llama 3.2 1B,BF16,clinical_astra_b01_009,no_rag,2.330357551574707,2.61328125,213,147,NVIDIA RTX A6000
meta-llama/Llama-3.2-1B-Instruct,Llama 3.2 1B,BF16,clinical_astra_b01_010,no_rag,2.3308162689208984,2.61328125,218,148,NVIDIA RTX A6000
meta-llama/Llama-3.2-1B-Instruct,Llama 3.2 1B,BF16,clinical_astra_b01_010,with_rag,2.452031135559082,2.61328125,1515,160,NVIDIA RTX A6000
meta-llama/Llama-3.2-1B-Instruct,Llama 3.2 1B,BF16,clinical_astra_b01_011,with_rag,2.502796173095703,2.712890625,2091,119,NVIDIA RTX A6000
meta-llama/Llama-3.2-1B-Instruct,Llama 3.2 1B,BF16,clinical_astra_b01_011,no_rag,2.3307247161865234,2.712890625,217,188,NVIDIA RTX A6000
meta-llama/Llama-3.2-1B-Instruct,Llama 3.2 1B,BF16,clinical_astra_b01_012,no_rag,2.3300819396972656,2.712890625,210,109,NVIDIA RTX A6000
meta-llama/Llama-3.2-1B-Instruct,Llama 3.2 1B,BF16,clinical_astra_b01_012,with_rag,2.4516677856445312,2.712890625,1508,131,NVIDIA RTX A6000
meta-llama/Llama-3.2-1B-Instruct,Llama 3.2 1B,BF16,clinical_astra_b01_013,with_rag,2.4530506134033203,2.712890625,1532,214,NVIDIA RTX A6000
meta-llama/Llama-3.2-1B-Instruct,Llama 3.2 1B,BF16,clinical_astra_b01_013,no_rag,2.330632209777832,2.712890625,216,187,NVIDIA RTX A6000
meta-llama/Llama-3.2-1B-Instruct,Llama 3.2 1B,BF16,clinical_astra_b01_014,no_rag,2.32879638671875,2.712890625,196,86,NVIDIA RTX A6000
meta-llama/Llama-3.2-1B-Instruct,Llama 3.2 1B,BF16,clinical_astra_b01_014,with_rag,2.446995735168457,2.712890625,1472,215,NVIDIA RTX A6000
meta-llama/Llama-3.2-1B-Instruct,Llama 3.2 1B,BF16,clinical_astra_b01_015,with_rag,2.4689149856567383,2.712890625,1705,200,NVIDIA RTX A6000
meta-llama/Llama-3.2-1B-Instruct,Llama 3.2 1B,BF16,clinical_astra_b01_015,no_rag,2.3291635513305664,2.712890625,200,146,NVIDIA RTX A6000
meta-llama/Llama-3.2-1B-Instruct,Llama 3.2 1B,BF16,clinical_astra_b01_016,no_rag,2.3289804458618164,2.712890625,198,200,NVIDIA RTX A6000
meta-llama/Llama-3.2-1B-Instruct,Llama 3.2 1B,BF16,clinical_astra_b01_016,with_rag,2.467266082763672,2.712890625,1673,252,NVIDIA RTX A6000
meta-llama/Llama-3.2-1B-Instruct,Llama 3.2 1B,BF16,clinical_astra_b01_017,with_rag,2.4633798599243164,2.712890625,1637,198,NVIDIA RTX A6000
meta-llama/Llama-3.2-1B-Instruct,Llama 3.2 1B,BF16,clinical_astra_b01_017,no_rag,2.3302650451660156,2.712890625,212,156,NVIDIA RTX A6000
meta-llama/Llama-3.2-1B-Instruct,Llama 3.2 1B,BF16,clinical_astra_b01_018,no_rag,2.3288888931274414,2.712890625,197,195,NVIDIA RTX A6000
meta-llama/Llama-3.2-1B-Instruct,Llama 3.2 1B,BF16,clinical_astra_b01_018,with_rag,2.4496593475341797,2.712890625,1484,171,NVIDIA RTX A6000
meta-llama/Llama-3.2-1B-Instruct,Llama 3.2 1B,BF16,clinical_astra_b01_019,with_rag,2.4599905014038086,2.712890625,1616,174,NVIDIA RTX A6000
meta-llama/Llama-3.2-1B-Instruct,Llama 3.2 1B,BF16,clinical_astra_b01_019,no_rag,2.329347610473633,2.712890625,202,185,NVIDIA RTX A6000
meta-llama/Llama-3.2-1B-Instruct,Llama 3.2 1B,BF16,clinical_astra_b01_020,no_rag,2.329623222351074,2.712890625,205,185,NVIDIA RTX A6000
meta-llama/Llama-3.2-1B-Instruct,Llama 3.2 1B,BF16,clinical_astra_b01_020,with_rag,2.4822330474853516,2.712890625,1844,195,NVIDIA RTX A6000
meta-llama/Llama-3.2-1B-Instruct,Llama 3.2 1B,BF16,clinical_astra_b02_002,with_rag,2.4557981491088867,2.712890625,1576,229,NVIDIA RTX A6000
meta-llama/Llama-3.2-1B-Instruct,Llama 3.2 1B,BF16,clinical_astra_b02_002,no_rag,2.327601432800293,2.712890625,183,130,NVIDIA RTX A6000
meta-llama/Llama-3.2-1B-Instruct,Llama 3.2 1B,BF16,clinical_astra_b02_003,no_rag,2.3280601501464844,2.712890625,188,144,NVIDIA RTX A6000
meta-llama/Llama-3.2-1B-Instruct,Llama 3.2 1B,BF16,clinical_astra_b02_003,with_rag,2.4633216857910156,2.712890625,1636,194,NVIDIA RTX A6000
meta-llama/Llama-3.2-1B-Instruct,Llama 3.2 1B,BF16,clinical_astra_b02_004,with_rag,2.482602119445801,2.712890625,1851,200,NVIDIA RTX A6000
meta-llama/Llama-3.2-1B-Instruct,Llama 3.2 1B,BF16,clinical_astra_b02_004,no_rag,2.327601432800293,2.712890625,183,132,NVIDIA RTX A6000
meta-llama/Llama-3.2-1B-Instruct,Llama 3.2 1B,BF16,clinical_astra_b02_005,no_rag,2.3277854919433594,2.712890625,185,147,NVIDIA RTX A6000
meta-llama/Llama-3.2-1B-Instruct,Llama 3.2 1B,BF16,clinical_astra_b02_005,with_rag,2.459395408630371,2.712890625,1609,143,NVIDIA RTX A6000
meta-llama/Llama-3.2-1B-Instruct,Llama 3.2 1B,BF16,clinical_astra_b02_006,with_rag,2.474752426147461,2.712890625,1754,267,NVIDIA RTX A6000
meta-llama/Llama-3.2-1B-Instruct,Llama 3.2 1B,BF16,clinical_astra_b02_006,no_rag,2.327509880065918,2.712890625,182,102,NVIDIA RTX A6000
meta-llama/Llama-3.2-1B-Instruct,Llama 3.2 1B,BF16,clinical_astra_b02_007,no_rag,2.3277854919433594,2.712890625,185,112,NVIDIA RTX A6000
meta-llama/Llama-3.2-1B-Instruct,Llama 3.2 1B,BF16,clinical_astra_b02_007,with_rag,2.4682140350341797,2.712890625,1693,151,NVIDIA RTX A6000
meta-llama/Llama-3.2-1B-Instruct,Llama 3.2 1B,BF16,clinical_astra_b02_008,with_rag,2.4676876068115234,2.712890625,1683,152,NVIDIA RTX A6000
meta-llama/Llama-3.2-1B-Instruct,Llama 3.2 1B,BF16,clinical_astra_b02_008,no_rag,2.3277854919433594,2.712890625,185,84,NVIDIA RTX A6000
meta-llama/Llama-3.2-1B-Instruct,Llama 3.2 1B,BF16,clinical_astra_b02_009,no_rag,2.328521728515625,2.712890625,193,141,NVIDIA RTX A6000
meta-llama/Llama-3.2-1B-Instruct,Llama 3.2 1B,BF16,clinical_astra_b02_009,with_rag,2.4636669158935547,2.712890625,1642,145,NVIDIA RTX A6000
meta-llama/Llama-3.2-1B-Instruct,Llama 3.2 1B,BF16,clinical_astra_b02_010,with_rag,2.4646434783935547,2.712890625,1659,237,NVIDIA RTX A6000
meta-llama/Llama-3.2-1B-Instruct,Llama 3.2 1B,BF16,clinical_astra_b02_010,no_rag,2.3291635513305664,2.712890625,200,151,NVIDIA RTX A6000
meta-llama/Llama-3.2-1B-Instruct,Llama 3.2 1B,BF16,clinical_astra_b02_011,no_rag,2.328152656555176,2.712890625,189,117,NVIDIA RTX A6000
meta-llama/Llama-3.2-1B-Instruct,Llama 3.2 1B,BF16,clinical_astra_b02_011,with_rag,2.4445743560791016,2.712890625,1449,153,NVIDIA RTX A6000
meta-llama/Llama-3.2-1B-Instruct,Llama 3.2 1B,BF16,clinical_astra_b02_012,with_rag,2.4462413787841797,2.712890625,1460,257,NVIDIA RTX A6000
meta-llama/Llama-3.2-1B-Instruct,Llama 3.2 1B,BF16,clinical_astra_b02_012,no_rag,2.328335762023926,2.712890625,191,118,NVIDIA RTX A6000
meta-llama/Llama-3.2-1B-Instruct,Llama 3.2 1B,BF16,clinical_astra_b02_013,no_rag,2.3279685974121094,2.712890625,187,157,NVIDIA RTX A6000
meta-llama/Llama-3.2-1B-Instruct,Llama 3.2 1B,BF16,clinical_astra_b02_013,with_rag,2.478839874267578,2.712890625,1826,137,NVIDIA RTX A6000
meta-llama/Llama-3.2-1B-Instruct,Llama 3.2 1B,BF16,clinical_astra_b02_014,with_rag,2.46713924407959,2.712890625,1670,123,NVIDIA RTX A6000
meta-llama/Llama-3.2-1B-Instruct,Llama 3.2 1B,BF16,clinical_astra_b02_014,no_rag,2.328335762023926,2.712890625,191,149,NVIDIA RTX A6000
meta-llama/Llama-3.2-1B-Instruct,Llama 3.2 1B,BF16,clinical_astra_b02_015,no_rag,2.328427314758301,2.712890625,192,178,NVIDIA RTX A6000
meta-llama/Llama-3.2-1B-Instruct,Llama 3.2 1B,BF16,clinical_astra_b02_015,with_rag,2.4672231674194336,2.712890625,1672,247,NVIDIA RTX A6000
meta-llama/Llama-3.2-1B-Instruct,Llama 3.2 1B,BF16,clinical_astra_b02_016,with_rag,2.456544876098633,2.712890625,1586,255,NVIDIA RTX A6000
meta-llama/Llama-3.2-1B-Instruct,Llama 3.2 1B,BF16,clinical_astra_b02_016,no_rag,2.3289804458618164,2.712890625,198,126,NVIDIA RTX A6000
meta-llama/Llama-3.2-1B-Instruct,Llama 3.2 1B,BF16,clinical_astra_b02_017,no_rag,2.3289804458618164,2.712890625,198,217,NVIDIA RTX A6000
meta-llama/Llama-3.2-1B-Instruct,Llama 3.2 1B,BF16,clinical_astra_b02_017,with_rag,2.447394371032715,2.712890625,1478,278,NVIDIA RTX A6000
meta-llama/Llama-3.2-1B-Instruct,Llama 3.2 1B,BF16,clinical_astra_b02_018,with_rag,2.456096649169922,2.712890625,1580,280,NVIDIA RTX A6000
meta-llama/Llama-3.2-1B-Instruct,Llama 3.2 1B,BF16,clinical_astra_b02_018,no_rag,2.32861328125,2.712890625,194,121,NVIDIA RTX A6000
meta-llama/Llama-3.2-1B-Instruct,Llama 3.2 1B,BF16,clinical_astra_b02_019,no_rag,2.327692985534668,2.712890625,184,126,NVIDIA RTX A6000
meta-llama/Llama-3.2-1B-Instruct,Llama 3.2 1B,BF16,clinical_astra_b02_019,with_rag,2.452988624572754,2.712890625,1531,247,NVIDIA RTX A6000
meta-llama/Llama-3.2-1B-Instruct,Llama 3.2 1B,BF16,clinical_astra_b02_020,with_rag,2.4635515213012695,2.712890625,1640,194,NVIDIA RTX A6000
meta-llama/Llama-3.2-1B-Instruct,Llama 3.2 1B,BF16,clinical_astra_b02_020,no_rag,2.329530715942383,2.712890625,204,203,NVIDIA RTX A6000
meta-llama/Llama-3.2-1B-Instruct,Llama 3.2 1B,BF16,clinical_astra_b03_002,no_rag,2.329897880554199,2.712890625,208,173,NVIDIA RTX A6000
meta-llama/Llama-3.2-1B-Instruct,Llama 3.2 1B,BF16,clinical_astra_b03_002,with_rag,2.4566192626953125,2.712890625,1587,321,NVIDIA RTX A6000
meta-llama/Llama-3.2-1B-Instruct,Llama 3.2 1B,BF16,clinical_astra_b03_003,with_rag,2.487086296081543,2.712890625,1888,274,NVIDIA RTX A6000
meta-llama/Llama-3.2-1B-Instruct,Llama 3.2 1B,BF16,clinical_astra_b03_003,no_rag,2.3318262100219727,2.712890625,229,175,NVIDIA RTX A6000
meta-llama/Llama-3.2-1B-Instruct,Llama 3.2 1B,BF16,clinical_astra_b03_004,no_rag,2.329347610473633,2.712890625,202,250,NVIDIA RTX A6000
meta-llama/Llama-3.2-1B-Instruct,Llama 3.2 1B,BF16,clinical_astra_b03_004,with_rag,2.4670543670654297,2.712890625,1668,253,NVIDIA RTX A6000
meta-llama/Llama-3.2-1B-Instruct,Llama 3.2 1B,BF16,clinical_astra_b03_005,with_rag,2.455477714538574,2.712890625,1544,289,NVIDIA RTX A6000
meta-llama/Llama-3.2-1B-Instruct,Llama 3.2 1B,BF16,clinical_astra_b03_005,no_rag,2.3309078216552734,2.712890625,219,183,NVIDIA RTX A6000
meta-llama/Llama-3.2-1B-Instruct,Llama 3.2 1B,BF16,clinical_astra_b03_006,no_rag,2.32879638671875,2.712890625,196,181,NVIDIA RTX A6000
meta-llama/Llama-3.2-1B-Instruct,Llama 3.2 1B,BF16,clinical_astra_b03_006,with_rag,2.45609188079834,2.712890625,1566,243,NVIDIA RTX A6000
meta-llama/Llama-3.2-1B-Instruct,Llama 3.2 1B,BF16,clinical_astra_b03_007,with_rag,2.4563207626342773,2.712890625,1583,110,NVIDIA RTX A6000
meta-llama/Llama-3.2-1B-Instruct,Llama 3.2 1B,BF16,clinical_astra_b03_007,no_rag,2.330449104309082,2.712890625,214,139,NVIDIA RTX A6000
meta-llama/Llama-3.2-1B-Instruct,Llama 3.2 1B,BF16,clinical_astra_b03_008,no_rag,2.3280601501464844,2.712890625,188,113,NVIDIA RTX A6000
meta-llama/Llama-3.2-1B-Instruct,Llama 3.2 1B,BF16,clinical_astra_b03_008,with_rag,2.4472618103027344,2.712890625,1476,133,NVIDIA RTX A6000
meta-llama/Llama-3.2-1B-Instruct,Llama 3.2 1B,BF16,clinical_astra_b03_009,with_rag,2.439115524291992,2.712890625,1388,132,NVIDIA RTX A6000
meta-llama/Llama-3.2-1B-Instruct,Llama 3.2 1B,BF16,clinical_astra_b03_009,no_rag,2.328152656555176,2.712890625,189,158,NVIDIA RTX A6000
meta-llama/Llama-3.2-1B-Instruct,Llama 3.2 1B,BF16,clinical_astra_b03_010,no_rag,2.3288888931274414,2.712890625,197,177,NVIDIA RTX A6000
meta-llama/Llama-3.2-1B-Instruct,Llama 3.2 1B,BF16,clinical_astra_b03_010,with_rag,2.4526777267456055,2.712890625,1526,221,NVIDIA RTX A6000
meta-llama/Llama-3.2-1B-Instruct,Llama 3.2 1B,BF16,clinical_astra_b03_011,with_rag,2.458372116088867,2.712890625,1597,270,NVIDIA RTX A6000
meta-llama/Llama-3.2-1B-Instruct,Llama 3.2 1B,BF16,clinical_astra_b03_011,no_rag,2.328335762023926,2.71484375,191,278,NVIDIA RTX A6000
meta-llama/Llama-3.2-1B-Instruct,Llama 3.2 1B,BF16,clinical_astra_b03_012,no_rag,2.328704833984375,2.71484375,195,157,NVIDIA RTX A6000
meta-llama/Llama-3.2-1B-Instruct,Llama 3.2 1B,BF16,clinical_astra_b03_012,with_rag,2.45803165435791,2.71484375,1593,222,NVIDIA RTX A6000
meta-llama/Llama-3.2-1B-Instruct,Llama 3.2 1B,BF16,clinical_astra_b03_013,with_rag,2.4582014083862305,2.71484375,1595,314,NVIDIA RTX A6000
meta-llama/Llama-3.2-1B-Instruct,Llama 3.2 1B,BF16,clinical_astra_b03_013,no_rag,2.328427314758301,2.71484375,192,158,NVIDIA RTX A6000
meta-llama/Llama-3.2-1B-Instruct,Llama 3.2 1B,BF16,clinical_astra_b03_014,no_rag,2.329347610473633,2.71484375,202,142,NVIDIA RTX A6000
meta-llama/Llama-3.2-1B-Instruct,Llama 3.2 1B,BF16,clinical_astra_b03_014,with_rag,2.462862014770508,2.71484375,1628,182,NVIDIA RTX A6000
meta-llama/Llama-3.2-1B-Instruct,Llama 3.2 1B,BF16,clinical_astra_b03_015,with_rag,2.4636096954345703,2.71484375,1641,303,NVIDIA RTX A6000
meta-llama/Llama-3.2-1B-Instruct,Llama 3.2 1B,BF16,clinical_astra_b03_015,no_rag,2.330540657043457,2.71484375,215,238,NVIDIA RTX A6000
meta-llama/Llama-3.2-1B-Instruct,Llama 3.2 1B,BF16,clinical_astra_b03_016,no_rag,2.329714775085449,2.71484375,206,175,NVIDIA RTX A6000
meta-llama/Llama-3.2-1B-Instruct,Llama 3.2 1B,BF16,clinical_astra_b03_016,with_rag,2.4630918502807617,2.71484375,1632,242,NVIDIA RTX A6000
meta-llama/Llama-3.2-1B-Instruct,Llama 3.2 1B,BF16,clinical_astra_b03_017,with_rag,2.474658966064453,2.71484375,1748,127,NVIDIA RTX A6000
meta-llama/Llama-3.2-1B-Instruct,Llama 3.2 1B,BF16,clinical_astra_b03_017,no_rag,2.329806327819824,2.71484375,207,101,NVIDIA RTX A6000
meta-llama/Llama-3.2-1B-Instruct,Llama 3.2 1B,BF16,clinical_astra_b03_018,no_rag,2.3302650451660156,2.71484375,212,184,NVIDIA RTX A6000
meta-llama/Llama-3.2-1B-Instruct,Llama 3.2 1B,BF16,clinical_astra_b03_018,with_rag,2.469244956970215,2.71484375,1710,334,NVIDIA RTX A6000
meta-llama/Llama-3.2-1B-Instruct,Llama 3.2 1B,BF16,clinical_astra_b03_019,with_rag,2.4616174697875977,2.71484375,1624,187,NVIDIA RTX A6000
meta-llama/Llama-3.2-1B-Instruct,Llama 3.2 1B,BF16,clinical_astra_b03_019,no_rag,2.3299903869628906,2.71484375,209,215,NVIDIA RTX A6000
meta-llama/Llama-3.2-1B-Instruct,Llama 3.2 1B,BF16,clinical_astra_b03_020,no_rag,2.329897880554199,2.71484375,208,155,NVIDIA RTX A6000
meta-llama/Llama-3.2-1B-Instruct,Llama 3.2 1B,BF16,clinical_astra_b03_020,with_rag,2.4432458877563477,2.71484375,1429,253,NVIDIA RTX A6000
meta-llama/Llama-3.2-1B-Instruct,Llama 3.2 1B,BF16,clinical_astra_b04_002,with_rag,2.4636669158935547,2.71484375,1642,200,NVIDIA RTX A6000
meta-llama/Llama-3.2-1B-Instruct,Llama 3.2 1B,BF16,clinical_astra_b04_002,no_rag,2.3307247161865234,2.71484375,217,101,NVIDIA RTX A6000
meta-llama/Llama-3.2-1B-Instruct,Llama 3.2 1B,BF16,clinical_astra_b04_003,no_rag,2.329256057739258,2.71484375,201,206,NVIDIA RTX A6000
meta-llama/Llama-3.2-1B-Instruct,Llama 3.2 1B,BF16,clinical_astra_b04_003,with_rag,2.486992835998535,2.71484375,1880,151,NVIDIA RTX A6000
meta-llama/Llama-3.2-1B-Instruct,Llama 3.2 1B,BF16,clinical_astra_b04_004,with_rag,2.456064224243164,2.71484375,1565,281,NVIDIA RTX A6000
meta-llama/Llama-3.2-1B-Instruct,Llama 3.2 1B,BF16,clinical_astra_b04_004,no_rag,2.3288888931274414,2.71484375,197,149,NVIDIA RTX A6000
meta-llama/Llama-3.2-1B-Instruct,Llama 3.2 1B,BF16,clinical_astra_b04_005,no_rag,2.329439163208008,2.71484375,203,219,NVIDIA RTX A6000
meta-llama/Llama-3.2-1B-Instruct,Llama 3.2 1B,BF16,clinical_astra_b04_005,with_rag,2.4648733139038086,2.71484375,1663,339,NVIDIA RTX A6000
meta-llama/Llama-3.2-1B-Instruct,Llama 3.2 1B,BF16,clinical_astra_b04_006,with_rag,2.46475887298584,2.71484375,1661,200,NVIDIA RTX A6000
meta-llama/Llama-3.2-1B-Instruct,Llama 3.2 1B,BF16,clinical_astra_b04_006,no_rag,2.329623222351074,2.71484375,205,124,NVIDIA RTX A6000
meta-llama/Llama-3.2-1B-Instruct,Llama 3.2 1B,BF16,clinical_astra_b04_007,no_rag,2.329714775085449,2.71484375,206,145,NVIDIA RTX A6000
meta-llama/Llama-3.2-1B-Instruct,Llama 3.2 1B,BF16,clinical_astra_b04_007,with_rag,2.451631546020508,2.71484375,1507,154,NVIDIA RTX A6000
meta-llama/Llama-3.2-1B-Instruct,Llama 3.2 1B,BF16,clinical_astra_b04_008,with_rag,2.4559478759765625,2.71484375,1578,131,NVIDIA RTX A6000
meta-llama/Llama-3.2-1B-Instruct,Llama 3.2 1B,BF16,clinical_astra_b04_008,no_rag,2.330540657043457,2.71484375,215,180,NVIDIA RTX A6000
meta-llama/Llama-3.2-1B-Instruct,Llama 3.2 1B,BF16,clinical_astra_b04_009,no_rag,2.328244209289551,2.71484375,190,169,NVIDIA RTX A6000
meta-llama/Llama-3.2-1B-Instruct,Llama 3.2 1B,BF16,clinical_astra_b04_009,with_rag,2.475341796875,2.71484375,1735,230,NVIDIA RTX A6000
meta-llama/Llama-3.2-1B-Instruct,Llama 3.2 1B,BF16,clinical_astra_b04_010,with_rag,2.443511962890625,2.71484375,1434,229,NVIDIA RTX A6000
meta-llama/Llama-3.2-1B-Instruct,Llama 3.2 1B,BF16,clinical_astra_b04_010,no_rag,2.3288888931274414,2.71484375,197,137,NVIDIA RTX A6000
meta-llama/Llama-3.2-1B-Instruct,Llama 3.2 1B,BF16,clinical_astra_b04_011,no_rag,2.328152656555176,2.71484375,189,144,NVIDIA RTX A6000
meta-llama/Llama-3.2-1B-Instruct,Llama 3.2 1B,BF16,clinical_astra_b04_011,with_rag,2.479490280151367,2.71484375,1834,167,NVIDIA RTX A6000
meta-llama/Llama-3.2-1B-Instruct,Llama 3.2 1B,BF16,clinical_astra_b04_012,with_rag,2.4687395095825195,2.71484375,1702,85,NVIDIA RTX A6000
meta-llama/Llama-3.2-1B-Instruct,Llama 3.2 1B,BF16,clinical_astra_b04_012,no_rag,2.3279685974121094,2.71484375,187,190,NVIDIA RTX A6000
meta-llama/Llama-3.2-1B-Instruct,Llama 3.2 1B,BF16,clinical_astra_b04_013,no_rag,2.3280601501464844,2.71484375,188,120,NVIDIA RTX A6000
meta-llama/Llama-3.2-1B-Instruct,Llama 3.2 1B,BF16,clinical_astra_b04_013,with_rag,2.478595733642578,2.71484375,1823,138,NVIDIA RTX A6000
meta-llama/Llama-3.2-1B-Instruct,Llama 3.2 1B,BF16,clinical_astra_b04_014,with_rag,2.449904441833496,2.71484375,1489,179,NVIDIA RTX A6000
meta-llama/Llama-3.2-1B-Instruct,Llama 3.2 1B,BF16,clinical_astra_b04_014,no_rag,2.329530715942383,2.71484375,204,181,NVIDIA RTX A6000
meta-llama/Llama-3.2-1B-Instruct,Llama 3.2 1B,BF16,clinical_astra_b04_015,no_rag,2.328427314758301,2.71484375,192,168,NVIDIA RTX A6000
meta-llama/Llama-3.2-1B-Instruct,Llama 3.2 1B,BF16,clinical_astra_b04_015,with_rag,2.4753847122192383,2.71484375,1728,207,NVIDIA RTX A6000
meta-llama/Llama-3.2-1B-Instruct,Llama 3.2 1B,BF16,clinical_astra_b04_016,with_rag,2.4633216857910156,2.71484375,1636,234,NVIDIA RTX A6000
meta-llama/Llama-3.2-1B-Instruct,Llama 3.2 1B,BF16,clinical_astra_b04_016,no_rag,2.3302650451660156,2.71484375,212,131,NVIDIA RTX A6000
meta-llama/Llama-3.2-1B-Instruct,Llama 3.2 1B,BF16,clinical_astra_b04_017,no_rag,2.3280601501464844,2.71484375,188,112,NVIDIA RTX A6000
meta-llama/Llama-3.2-1B-Instruct,Llama 3.2 1B,BF16,clinical_astra_b04_017,with_rag,2.46475887298584,2.71484375,1661,181,NVIDIA RTX A6000
meta-llama/Llama-3.2-1B-Instruct,Llama 3.2 1B,BF16,clinical_astra_b04_018,with_rag,2.458714485168457,2.71484375,1601,212,NVIDIA RTX A6000
meta-llama/Llama-3.2-1B-Instruct,Llama 3.2 1B,BF16,clinical_astra_b04_018,no_rag,2.3288888931274414,2.71484375,197,235,NVIDIA RTX A6000
meta-llama/Llama-3.2-1B-Instruct,Llama 3.2 1B,BF16,clinical_astra_b04_019,no_rag,2.32879638671875,2.71484375,196,143,NVIDIA RTX A6000
meta-llama/Llama-3.2-1B-Instruct,Llama 3.2 1B,BF16,clinical_astra_b04_019,with_rag,2.451559066772461,2.71484375,1505,221,NVIDIA RTX A6000
meta-llama/Llama-3.2-1B-Instruct,Llama 3.2 1B,BF16,clinical_astra_b04_020,with_rag,2.4447154998779297,2.71484375,1451,159,NVIDIA RTX A6000
meta-llama/Llama-3.2-1B-Instruct,Llama 3.2 1B,BF16,clinical_astra_b04_020,no_rag,2.329439163208008,2.71484375,203,203,NVIDIA RTX A6000
meta-llama/Llama-3.2-1B-Instruct,Llama 3.2 1B,BF16,clinical_astra_b05_002,no_rag,2.3302650451660156,2.71484375,212,200,NVIDIA RTX A6000
meta-llama/Llama-3.2-1B-Instruct,Llama 3.2 1B,BF16,clinical_astra_b05_002,with_rag,2.456693649291992,2.71484375,1588,274,NVIDIA RTX A6000
meta-llama/Llama-3.2-1B-Instruct,Llama 3.2 1B,BF16,clinical_astra_b05_003,with_rag,2.4747676849365234,2.71484375,1755,177,NVIDIA RTX A6000
meta-llama/Llama-3.2-1B-Instruct,Llama 3.2 1B,BF16,clinical_astra_b05_003,no_rag,2.3299903869628906,2.71484375,209,137,NVIDIA RTX A6000
meta-llama/Llama-3.2-1B-Instruct,Llama 3.2 1B,BF16,clinical_astra_b05_004,no_rag,2.3277854919433594,2.71484375,185,124,NVIDIA RTX A6000
meta-llama/Llama-3.2-1B-Instruct,Llama 3.2 1B,BF16,clinical_astra_b05_004,with_rag,2.4617652893066406,2.71484375,1626,189,NVIDIA RTX A6000
meta-llama/Llama-3.2-1B-Instruct,Llama 3.2 1B,BF16,clinical_astra_b05_005,with_rag,2.4867753982543945,2.71484375,1857,76,NVIDIA RTX A6000
meta-llama/Llama-3.2-1B-Instruct,Llama 3.2 1B,BF16,clinical_astra_b05_005,no_rag,2.3289804458618164,2.71484375,198,109,NVIDIA RTX A6000
meta-llama/Llama-3.2-1B-Instruct,Llama 3.2 1B,BF16,clinical_astra_b05_006,no_rag,2.327601432800293,2.71484375,183,180,NVIDIA RTX A6000
meta-llama/Llama-3.2-1B-Instruct,Llama 3.2 1B,BF16,clinical_astra_b05_006,with_rag,2.479246139526367,2.71484375,1831,278,NVIDIA RTX A6000
meta-llama/Llama-3.2-1B-Instruct,Llama 3.2 1B,BF16,clinical_astra_b05_007,with_rag,2.4588842391967773,2.71484375,1603,259,NVIDIA RTX A6000
meta-llama/Llama-3.2-1B-Instruct,Llama 3.2 1B,BF16,clinical_astra_b05_007,no_rag,2.3278770446777344,2.71484375,186,116,NVIDIA RTX A6000
meta-llama/Llama-3.2-1B-Instruct,Llama 3.2 1B,BF16,clinical_astra_b05_008,no_rag,2.330449104309082,2.71484375,214,133,NVIDIA RTX A6000
meta-llama/Llama-3.2-1B-Instruct,Llama 3.2 1B,BF16,clinical_astra_b05_008,with_rag,2.4467315673828125,2.71484375,1468,386,NVIDIA RTX A6000
meta-llama/Llama-3.2-1B-Instruct,Llama 3.2 1B,BF16,clinical_astra_b05_009,with_rag,2.468388557434082,2.71484375,1696,182,NVIDIA RTX A6000
meta-llama/Llama-3.2-1B-Instruct,Llama 3.2 1B,BF16,clinical_astra_b05_009,no_rag,2.329897880554199,2.71484375,208,132,NVIDIA RTX A6000
meta-llama/Llama-3.2-1B-Instruct,Llama 3.2 1B,BF16,clinical_astra_b05_010,no_rag,2.3315505981445312,2.71484375,226,216,NVIDIA RTX A6000
meta-llama/Llama-3.2-1B-Instruct,Llama 3.2 1B,BF16,clinical_astra_b05_010,with_rag,2.459139823913574,2.71484375,1606,343,NVIDIA RTX A6000
meta-llama/Llama-3.2-1B-Instruct,Llama 3.2 1B,BF16,clinical_astra_b05_011,with_rag,2.475968360900879,2.71484375,1771,142,NVIDIA RTX A6000
meta-llama/Llama-3.2-1B-Instruct,Llama 3.2 1B,BF16,clinical_astra_b05_011,no_rag,2.329530715942383,2.71484375,204,82,NVIDIA RTX A6000
meta-llama/Llama-3.2-1B-Instruct,Llama 3.2 1B,BF16,clinical_astra_b05_012,no_rag,2.3299903869628906,2.71484375,209,147,NVIDIA RTX A6000
meta-llama/Llama-3.2-1B-Instruct,Llama 3.2 1B,BF16,clinical_astra_b05_012,with_rag,2.478595733642578,2.71484375,1823,271,NVIDIA RTX A6000
meta-llama/Llama-3.2-1B-Instruct,Llama 3.2 1B,BF16,clinical_astra_b05_013,with_rag,2.4635515213012695,2.71484375,1640,143,NVIDIA RTX A6000
meta-llama/Llama-3.2-1B-Instruct,Llama 3.2 1B,BF16,clinical_astra_b05_013,no_rag,2.3290719985961914,2.71484375,199,203,NVIDIA RTX A6000
meta-llama/Llama-3.2-1B-Instruct,Llama 3.2 1B,BF16,clinical_astra_b05_014,no_rag,2.3279685974121094,2.71484375,187,159,NVIDIA RTX A6000
meta-llama/Llama-3.2-1B-Instruct,Llama 3.2 1B,BF16,clinical_astra_b05_014,with_rag,2.455338478088379,2.71484375,1539,197,NVIDIA RTX A6000
meta-llama/Llama-3.2-1B-Instruct,Llama 3.2 1B,BF16,clinical_astra_b05_015,with_rag,2.452988624572754,2.71484375,1531,227,NVIDIA RTX A6000
meta-llama/Llama-3.2-1B-Instruct,Llama 3.2 1B,BF16,clinical_astra_b05_015,no_rag,2.3277854919433594,2.71484375,185,116,NVIDIA RTX A6000
meta-llama/Llama-3.2-1B-Instruct,Llama 3.2 1B,BF16,clinical_astra_b05_016,no_rag,2.3272342681884766,2.71484375,179,158,NVIDIA RTX A6000
meta-llama/Llama-3.2-1B-Instruct,Llama 3.2 1B,BF16,clinical_astra_b05_016,with_rag,2.464299201965332,2.71484375,1653,124,NVIDIA RTX A6000
meta-llama/Llama-3.2-1B-Instruct,Llama 3.2 1B,BF16,clinical_astra_b05_017,with_rag,2.456395149230957,2.71484375,1584,215,NVIDIA RTX A6000
meta-llama/Llama-3.2-1B-Instruct,Llama 3.2 1B,BF16,clinical_astra_b05_017,no_rag,2.329530715942383,2.71484375,204,176,NVIDIA RTX A6000
meta-llama/Llama-3.2-1B-Instruct,Llama 3.2 1B,BF16,clinical_astra_b05_018,no_rag,2.3280601501464844,2.71484375,188,85,NVIDIA RTX A6000
meta-llama/Llama-3.2-1B-Instruct,Llama 3.2 1B,BF16,clinical_astra_b05_018,with_rag,2.449610710144043,2.71484375,1483,223,NVIDIA RTX A6000
meta-llama/Llama-3.2-1B-Instruct,Llama 3.2 1B,BF16,clinical_astra_b05_019,with_rag,2.4782705307006836,2.71484375,1819,434,NVIDIA RTX A6000
meta-llama/Llama-3.2-1B-Instruct,Llama 3.2 1B,BF16,clinical_astra_b05_019,no_rag,2.3278770446777344,2.71484375,186,117,NVIDIA RTX A6000
meta-llama/Llama-3.2-1B-Instruct,Llama 3.2 1B,BF16,clinical_astra_b05_020,no_rag,2.329806327819824,2.71484375,207,134,NVIDIA RTX A6000
meta-llama/Llama-3.2-1B-Instruct,Llama 3.2 1B,BF16,clinical_astra_b05_020,with_rag,2.4447860717773438,2.71484375,1452,166,NVIDIA RTX A6000
meta-llama/Llama-3.2-1B-Instruct,Llama 3.2 1B,BF16,clinical_astra_b06_002,with_rag,2.4963159561157227,2.71484375,1982,228,NVIDIA RTX A6000
meta-llama/Llama-3.2-1B-Instruct,Llama 3.2 1B,BF16,clinical_astra_b06_002,no_rag,2.329530715942383,2.71484375,204,169,NVIDIA RTX A6000
meta-llama/Llama-3.2-1B-Instruct,Llama 3.2 1B,BF16,clinical_astra_b06_003,no_rag,2.329256057739258,2.71484375,201,169,NVIDIA RTX A6000
meta-llama/Llama-3.2-1B-Instruct,Llama 3.2 1B,BF16,clinical_astra_b06_003,with_rag,2.452195167541504,2.71484375,1518,316,NVIDIA RTX A6000
meta-llama/Llama-3.2-1B-Instruct,Llama 3.2 1B,BF16,clinical_astra_b06_004,with_rag,2.4554224014282227,2.71484375,1542,138,NVIDIA RTX A6000
meta-llama/Llama-3.2-1B-Instruct,Llama 3.2 1B,BF16,clinical_astra_b06_004,no_rag,2.3299903869628906,2.71484375,209,110,NVIDIA RTX A6000
meta-llama/Llama-3.2-1B-Instruct,Llama 3.2 1B,BF16,clinical_astra_b06_005,no_rag,2.3288888931274414,2.71484375,197,181,NVIDIA RTX A6000
meta-llama/Llama-3.2-1B-Instruct,Llama 3.2 1B,BF16,clinical_astra_b06_005,with_rag,2.4675607681274414,2.71484375,1680,148,NVIDIA RTX A6000
meta-llama/Llama-3.2-1B-Instruct,Llama 3.2 1B,BF16,clinical_astra_b06_006,with_rag,2.4632644653320312,2.71484375,1635,242,NVIDIA RTX A6000
meta-llama/Llama-3.2-1B-Instruct,Llama 3.2 1B,BF16,clinical_astra_b06_006,no_rag,2.3300819396972656,2.71484375,210,160,NVIDIA RTX A6000
meta-llama/Llama-3.2-1B-Instruct,Llama 3.2 1B,BF16,clinical_astra_b06_007,no_rag,2.330540657043457,2.71484375,215,148,NVIDIA RTX A6000
meta-llama/Llama-3.2-1B-Instruct,Llama 3.2 1B,BF16,clinical_astra_b06_007,with_rag,2.4646434783935547,2.71484375,1659,240,NVIDIA RTX A6000
meta-llama/Llama-3.2-1B-Instruct,Llama 3.2 1B,BF16,clinical_astra_b06_008,with_rag,2.4760332107543945,2.71484375,1784,205,NVIDIA RTX A6000
meta-llama/Llama-3.2-1B-Instruct,Llama 3.2 1B,BF16,clinical_astra_b06_008,no_rag,2.329623222351074,2.71484375,205,236,NVIDIA RTX A6000
meta-llama/Llama-3.2-1B-Instruct,Llama 3.2 1B,BF16,clinical_astra_b06_009,no_rag,2.329714775085449,2.71484375,206,170,NVIDIA RTX A6000
meta-llama/Llama-3.2-1B-Instruct,Llama 3.2 1B,BF16,clinical_astra_b06_009,with_rag,2.456843376159668,2.71484375,1590,189,NVIDIA RTX A6000
meta-llama/Llama-3.2-1B-Instruct,Llama 3.2 1B,BF16,clinical_astra_b06_010,with_rag,2.48714542388916,2.71484375,1893,220,NVIDIA RTX A6000
meta-llama/Llama-3.2-1B-Instruct,Llama 3.2 1B,BF16,clinical_astra_b06_010,no_rag,2.329347610473633,2.71484375,202,156,NVIDIA RTX A6000
meta-llama/Llama-3.2-1B-Instruct,Llama 3.2 1B,BF16,clinical_astra_b06_011,no_rag,2.3309078216552734,2.71484375,219,136,NVIDIA RTX A6000
meta-llama/Llama-3.2-1B-Instruct,Llama 3.2 1B,BF16,clinical_astra_b06_011,with_rag,2.4676036834716797,2.71484375,1681,197,NVIDIA RTX A6000
meta-llama/Llama-3.2-1B-Instruct,Llama 3.2 1B,BF16,clinical_astra_b06_012,with_rag,2.464299201965332,2.71484375,1653,175,NVIDIA RTX A6000
meta-llama/Llama-3.2-1B-Instruct,Llama 3.2 1B,BF16,clinical_astra_b06_012,no_rag,2.330632209777832,2.71484375,216,154,NVIDIA RTX A6000
meta-llama/Llama-3.2-1B-Instruct,Llama 3.2 1B,BF16,clinical_astra_b06_013,no_rag,2.329530715942383,2.71484375,204,210,NVIDIA RTX A6000
meta-llama/Llama-3.2-1B-Instruct,Llama 3.2 1B,BF16,clinical_astra_b06_013,with_rag,2.442211151123047,2.71484375,1409,188,NVIDIA RTX A6000
meta-llama/Llama-3.2-1B-Instruct,Llama 3.2 1B,BF16,clinical_astra_b06_014,with_rag,2.486771583557129,2.71484375,1856,195,NVIDIA RTX A6000
meta-llama/Llama-3.2-1B-Instruct,Llama 3.2 1B,BF16,clinical_astra_b06_014,no_rag,2.32879638671875,2.71484375,196,291,NVIDIA RTX A6000
meta-llama/Llama-3.2-1B-Instruct,Llama 3.2 1B,BF16,clinical_astra_b06_015,no_rag,2.329256057739258,2.71484375,201,137,NVIDIA RTX A6000
meta-llama/Llama-3.2-1B-Instruct,Llama 3.2 1B,BF16,clinical_astra_b06_015,with_rag,2.4521408081054688,2.71484375,1517,138,NVIDIA RTX A6000
meta-llama/Llama-3.2-1B-Instruct,Llama 3.2 1B,BF16,clinical_astra_b06_016,with_rag,2.4760189056396484,2.71484375,1781,358,NVIDIA RTX A6000
meta-llama/Llama-3.2-1B-Instruct,Llama 3.2 1B,BF16,clinical_astra_b06_016,no_rag,2.3302650451660156,2.71484375,212,177,NVIDIA RTX A6000
meta-llama/Llama-3.2-1B-Instruct,Llama 3.2 1B,BF16,clinical_astra_b06_017,no_rag,2.330540657043457,2.71484375,215,180,NVIDIA RTX A6000
meta-llama/Llama-3.2-1B-Instruct,Llama 3.2 1B,BF16,clinical_astra_b06_017,with_rag,2.4512672424316406,2.71484375,1497,263,NVIDIA RTX A6000
meta-llama/Llama-3.2-1B-Instruct,Llama 3.2 1B,BF16,clinical_astra_b06_018,with_rag,2.449904441833496,2.71484375,1489,182,NVIDIA RTX A6000
meta-llama/Llama-3.2-1B-Instruct,Llama 3.2 1B,BF16,clinical_astra_b06_018,no_rag,2.329530715942383,2.71484375,204,137,NVIDIA RTX A6000
meta-llama/Llama-3.2-1B-Instruct,Llama 3.2 1B,BF16,clinical_astra_b06_019,no_rag,2.329256057739258,2.71484375,201,194,NVIDIA RTX A6000
meta-llama/Llama-3.2-1B-Instruct,Llama 3.2 1B,BF16,clinical_astra_b06_019,with_rag,2.4759883880615234,2.71484375,1775,274,NVIDIA RTX A6000
meta-llama/Llama-3.2-1B-Instruct,Llama 3.2 1B,BF16,clinical_astra_b06_020,with_rag,2.480221748352051,2.71484375,1843,165,NVIDIA RTX A6000
meta-llama/Llama-3.2-1B-Instruct,Llama 3.2 1B,BF16,clinical_astra_b06_020,no_rag,2.329806327819824,2.71484375,207,253,NVIDIA RTX A6000
XHToken/Spark-X2.5-4B,SPARK 4B,NF4,clinical_astra_b01_001,no_rag,2.549165725708008,3.939453125,209,133,NVIDIA A100-SXM4-40GB
XHToken/Spark-X2.5-4B,SPARK 4B,NF4,clinical_astra_b01_001,with_rag,3.2959532737731934,3.9453125,1804,137,NVIDIA A100-SXM4-40GB
XHToken/Spark-X2.5-4B,SPARK 4B,NF4,clinical_astra_b02_001,with_rag,3.3464479446411133,3.9453125,1871,181,NVIDIA A100-SXM4-40GB
XHToken/Spark-X2.5-4B,SPARK 4B,NF4,clinical_astra_b02_001,no_rag,2.539781093597412,3.9453125,176,126,NVIDIA A100-SXM4-40GB
XHToken/Spark-X2.5-4B,SPARK 4B,NF4,clinical_astra_b03_001,no_rag,2.5418448448181152,3.9453125,182,150,NVIDIA A100-SXM4-40GB
XHToken/Spark-X2.5-4B,SPARK 4B,NF4,clinical_astra_b03_001,with_rag,3.0774178504943848,3.9453125,1491,172,NVIDIA A100-SXM4-40GB
XHToken/Spark-X2.5-4B,SPARK 4B,NF4,clinical_astra_b04_001,with_rag,3.1350350379943848,3.9453125,1578,115,NVIDIA A100-SXM4-40GB
XHToken/Spark-X2.5-4B,SPARK 4B,NF4,clinical_astra_b04_001,no_rag,2.5443167686462402,3.9453125,196,124,NVIDIA A100-SXM4-40GB
XHToken/Spark-X2.5-4B,SPARK 4B,NF4,clinical_astra_b05_001,no_rag,2.5490236282348633,3.9453125,208,125,NVIDIA A100-SXM4-40GB
XHToken/Spark-X2.5-4B,SPARK 4B,NF4,clinical_astra_b05_001,with_rag,3.350142002105713,3.9453125,1876,229,NVIDIA A100-SXM4-40GB
XHToken/Spark-X2.5-4B,SPARK 4B,NF4,clinical_astra_b06_001,with_rag,3.278446674346924,3.9453125,1779,264,NVIDIA A100-SXM4-40GB
XHToken/Spark-X2.5-4B,SPARK 4B,NF4,clinical_astra_b06_001,no_rag,2.5444984436035156,3.96875,197,319,NVIDIA A100-SXM4-40GB
XHToken/Spark-X2.5-4B,SPARK 4B,NF4,clinical_astra_b01_002,no_rag,2.5504517555236816,3.96875,218,109,NVIDIA A100-SXM4-40GB
XHToken/Spark-X2.5-4B,SPARK 4B,NF4,clinical_astra_b01_002,with_rag,3.169987201690674,3.96875,1628,240,NVIDIA A100-SXM4-40GB
XHToken/Spark-X2.5-4B,SPARK 4B,NF4,clinical_astra_b01_003,with_rag,3.2306089401245117,3.96875,1715,136,NVIDIA A100-SXM4-40GB
XHToken/Spark-X2.5-4B,SPARK 4B,NF4,clinical_astra_b01_003,no_rag,2.5423312187194824,3.96875,185,129,NVIDIA A100-SXM4-40GB
XHToken/Spark-X2.5-4B,SPARK 4B,NF4,clinical_astra_b01_004,no_rag,2.5504517555236816,3.96875,218,121,NVIDIA A100-SXM4-40GB
XHToken/Spark-X2.5-4B,SPARK 4B,NF4,clinical_astra_b01_004,with_rag,3.248331069946289,3.96875,1738,218,NVIDIA A100-SXM4-40GB
XHToken/Spark-X2.5-4B,SPARK 4B,NF4,clinical_astra_b01_005,with_rag,3.376157283782959,3.96875,1910,235,NVIDIA A100-SXM4-40GB
XHToken/Spark-X2.5-4B,SPARK 4B,NF4,clinical_astra_b01_005,no_rag,2.549589157104492,3.96875,212,185,NVIDIA A100-SXM4-40GB
XHToken/Spark-X2.5-4B,SPARK 4B,NF4,clinical_astra_b01_006,no_rag,2.5454154014587402,3.96875,202,226,NVIDIA A100-SXM4-40GB
XHToken/Spark-X2.5-4B,SPARK 4B,NF4,clinical_astra_b01_006,with_rag,3.171318531036377,3.96875,1630,164,NVIDIA A100-SXM4-40GB
XHToken/Spark-X2.5-4B,SPARK 4B,NF4,clinical_astra_b01_007,with_rag,3.2952146530151367,3.96875,1803,210,NVIDIA A100-SXM4-40GB
XHToken/Spark-X2.5-4B,SPARK 4B,NF4,clinical_astra_b01_007,no_rag,2.5525436401367188,3.96875,230,206,NVIDIA A100-SXM4-40GB
XHToken/Spark-X2.5-4B,SPARK 4B,NF4,clinical_astra_b01_008,no_rag,2.5490236282348633,3.96875,208,114,NVIDIA A100-SXM4-40GB
XHToken/Spark-X2.5-4B,SPARK 4B,NF4,clinical_astra_b01_008,with_rag,3.120121955871582,3.96875,1555,161,NVIDIA A100-SXM4-40GB
XHToken/Spark-X2.5-4B,SPARK 4B,NF4,clinical_astra_b01_009,with_rag,3.3250837326049805,3.96875,1841,294,NVIDIA A100-SXM4-40GB
XHToken/Spark-X2.5-4B,SPARK 4B,NF4,clinical_astra_b01_009,no_rag,2.546971321105957,3.96875,204,94,NVIDIA A100-SXM4-40GB
XHToken/Spark-X2.5-4B,SPARK 4B,NF4,clinical_astra_b01_010,no_rag,2.549306869506836,3.96875,210,150,NVIDIA A100-SXM4-40GB
XHToken/Spark-X2.5-4B,SPARK 4B,NF4,clinical_astra_b01_010,with_rag,3.126002311706543,3.96875,1564,145,NVIDIA A100-SXM4-40GB
XHToken/Spark-X2.5-4B,SPARK 4B,NF4,clinical_astra_b01_011,with_rag,3.7189974784851074,4.291015625,2319,331,NVIDIA A100-SXM4-40GB
XHToken/Spark-X2.5-4B,SPARK 4B,NF4,clinical_astra_b01_011,no_rag,2.548741340637207,4.291015625,206,202,NVIDIA A100-SXM4-40GB
XHToken/Spark-X2.5-4B,SPARK 4B,NF4,clinical_astra_b01_012,no_rag,2.5468015670776367,4.291015625,203,122,NVIDIA A100-SXM4-40GB
XHToken/Spark-X2.5-4B,SPARK 4B,NF4,clinical_astra_b01_012,with_rag,3.1337404251098633,4.291015625,1576,128,NVIDIA A100-SXM4-40GB
XHToken/Spark-X2.5-4B,SPARK 4B,NF4,clinical_astra_b01_013,with_rag,3.1487975120544434,4.291015625,1597,172,NVIDIA A100-SXM4-40GB
XHToken/Spark-X2.5-4B,SPARK 4B,NF4,clinical_astra_b01_013,no_rag,2.5490236282348633,4.291015625,208,151,NVIDIA A100-SXM4-40GB
XHToken/Spark-X2.5-4B,SPARK 4B,NF4,clinical_astra_b01_014,no_rag,2.5426831245422363,4.291015625,187,132,NVIDIA A100-SXM4-40GB
XHToken/Spark-X2.5-4B,SPARK 4B,NF4,clinical_astra_b01_014,with_rag,3.101736068725586,4.291015625,1530,183,NVIDIA A100-SXM4-40GB
XHToken/Spark-X2.5-4B,SPARK 4B,NF4,clinical_astra_b01_015,with_rag,3.303373336791992,4.291015625,1814,177,NVIDIA A100-SXM4-40GB
XHToken/Spark-X2.5-4B,SPARK 4B,NF4,clinical_astra_b01_015,no_rag,2.543954372406006,4.291015625,194,112,NVIDIA A100-SXM4-40GB
XHToken/Spark-X2.5-4B,SPARK 4B,NF4,clinical_astra_b01_016,no_rag,2.5428638458251953,4.291015625,188,193,NVIDIA A100-SXM4-40GB
XHToken/Spark-X2.5-4B,SPARK 4B,NF4,clinical_astra_b01_016,with_rag,3.2960524559020996,4.291015625,1804,106,NVIDIA A100-SXM4-40GB
XHToken/Spark-X2.5-4B,SPARK 4B,NF4,clinical_astra_b01_017,with_rag,3.2202630043029785,4.291015625,1700,139,NVIDIA A100-SXM4-40GB
XHToken/Spark-X2.5-4B,SPARK 4B,NF4,clinical_astra_b01_017,no_rag,2.5468015670776367,4.291015625,203,135,NVIDIA A100-SXM4-40GB
XHToken/Spark-X2.5-4B,SPARK 4B,NF4,clinical_astra_b01_018,no_rag,2.5430450439453125,4.291015625,189,156,NVIDIA A100-SXM4-40GB
XHToken/Spark-X2.5-4B,SPARK 4B,NF4,clinical_astra_b01_018,with_rag,3.13558292388916,4.291015625,1578,138,NVIDIA A100-SXM4-40GB
XHToken/Spark-X2.5-4B,SPARK 4B,NF4,clinical_astra_b01_019,with_rag,3.2168312072753906,4.291015625,1695,181,NVIDIA A100-SXM4-40GB
XHToken/Spark-X2.5-4B,SPARK 4B,NF4,clinical_astra_b01_019,no_rag,2.5437731742858887,4.291015625,193,188,NVIDIA A100-SXM4-40GB
XHToken/Spark-X2.5-4B,SPARK 4B,NF4,clinical_astra_b01_020,no_rag,2.5444984436035156,4.291015625,197,154,NVIDIA A100-SXM4-40GB
XHToken/Spark-X2.5-4B,SPARK 4B,NF4,clinical_astra_b01_020,with_rag,3.43259334564209,4.291015625,1982,194,NVIDIA A100-SXM4-40GB
XHToken/Spark-X2.5-4B,SPARK 4B,NF4,clinical_astra_b02_002,with_rag,3.210357189178467,4.291015625,1687,152,NVIDIA A100-SXM4-40GB
XHToken/Spark-X2.5-4B,SPARK 4B,NF4,clinical_astra_b02_002,no_rag,2.539621353149414,4.291015625,175,98,NVIDIA A100-SXM4-40GB
XHToken/Spark-X2.5-4B,SPARK 4B,NF4,clinical_astra_b02_003,no_rag,2.541238784790039,4.291015625,179,125,NVIDIA A100-SXM4-40GB
XHToken/Spark-X2.5-4B,SPARK 4B,NF4,clinical_astra_b02_003,with_rag,3.244856357574463,4.291015625,1732,160,NVIDIA A100-SXM4-40GB
XHToken/Spark-X2.5-4B,SPARK 4B,NF4,clinical_astra_b02_004,with_rag,3.4485535621643066,4.291015625,2002,118,NVIDIA A100-SXM4-40GB
XHToken/Spark-X2.5-4B,SPARK 4B,NF4,clinical_astra_b02_004,no_rag,2.5379672050476074,4.291015625,171,91,NVIDIA A100-SXM4-40GB
XHToken/Spark-X2.5-4B,SPARK 4B,NF4,clinical_astra_b02_005,no_rag,2.539621353149414,4.291015625,175,96,NVIDIA A100-SXM4-40GB
XHToken/Spark-X2.5-4B,SPARK 4B,NF4,clinical_astra_b02_005,with_rag,3.2188897132873535,4.291015625,1698,239,NVIDIA A100-SXM4-40GB
XHToken/Spark-X2.5-4B,SPARK 4B,NF4,clinical_astra_b02_006,with_rag,3.357680320739746,4.291015625,1883,178,NVIDIA A100-SXM4-40GB
XHToken/Spark-X2.5-4B,SPARK 4B,NF4,clinical_astra_b02_006,no_rag,2.5381460189819336,4.291015625,172,89,NVIDIA A100-SXM4-40GB
XHToken/Spark-X2.5-4B,SPARK 4B,NF4,clinical_astra_b02_007,no_rag,2.5394601821899414,4.291015625,174,94,NVIDIA A100-SXM4-40GB
XHToken/Spark-X2.5-4B,SPARK 4B,NF4,clinical_astra_b02_007,with_rag,3.2607626914978027,4.291015625,1756,147,NVIDIA A100-SXM4-40GB
XHToken/Spark-X2.5-4B,SPARK 4B,NF4,clinical_astra_b02_008,with_rag,3.318941116333008,4.291015625,1832,114,NVIDIA A100-SXM4-40GB
XHToken/Spark-X2.5-4B,SPARK 4B,NF4,clinical_astra_b02_008,no_rag,2.5394601821899414,4.291015625,174,93,NVIDIA A100-SXM4-40GB
XHToken/Spark-X2.5-4B,SPARK 4B,NF4,clinical_astra_b02_009,no_rag,2.5420069694519043,4.291015625,183,137,NVIDIA A100-SXM4-40GB
XHToken/Spark-X2.5-4B,SPARK 4B,NF4,clinical_astra_b02_009,with_rag,3.2354583740234375,4.291015625,1722,178,NVIDIA A100-SXM4-40GB
XHToken/Spark-X2.5-4B,SPARK 4B,NF4,clinical_astra_b02_010,with_rag,3.2753376960754395,4.291015625,1776,150,NVIDIA A100-SXM4-40GB
XHToken/Spark-X2.5-4B,SPARK 4B,NF4,clinical_astra_b02_010,no_rag,2.5428638458251953,4.291015625,188,137,NVIDIA A100-SXM4-40GB
XHToken/Spark-X2.5-4B,SPARK 4B,NF4,clinical_astra_b02_011,no_rag,2.541238784790039,4.291015625,179,222,NVIDIA A100-SXM4-40GB
XHToken/Spark-X2.5-4B,SPARK 4B,NF4,clinical_astra_b02_011,with_rag,3.1010823249816895,4.291015625,1529,247,NVIDIA A100-SXM4-40GB
XHToken/Spark-X2.5-4B,SPARK 4B,NF4,clinical_astra_b02_012,with_rag,3.1102476119995117,4.291015625,1540,137,NVIDIA A100-SXM4-40GB
XHToken/Spark-X2.5-4B,SPARK 4B,NF4,clinical_astra_b02_012,no_rag,2.5414180755615234,4.291015625,180,92,NVIDIA A100-SXM4-40GB
XHToken/Spark-X2.5-4B,SPARK 4B,NF4,clinical_astra_b02_013,no_rag,2.5414180755615234,4.291015625,180,114,NVIDIA A100-SXM4-40GB
XHToken/Spark-X2.5-4B,SPARK 4B,NF4,clinical_astra_b02_013,with_rag,3.3934178352355957,4.291015625,1932,137,NVIDIA A100-SXM4-40GB
XHToken/Spark-X2.5-4B,SPARK 4B,NF4,clinical_astra_b02_014,with_rag,3.267528533935547,4.291015625,1764,133,NVIDIA A100-SXM4-40GB
XHToken/Spark-X2.5-4B,SPARK 4B,NF4,clinical_astra_b02_014,no_rag,2.5420069694519043,4.291015625,183,157,NVIDIA A100-SXM4-40GB
XHToken/Spark-X2.5-4B,SPARK 4B,NF4,clinical_astra_b02_015,no_rag,2.5415987968444824,4.291015625,181,144,NVIDIA A100-SXM4-40GB
XHToken/Spark-X2.5-4B,SPARK 4B,NF4,clinical_astra_b02_015,with_rag,3.303373336791992,4.291015625,1814,140,NVIDIA A100-SXM4-40GB
XHToken/Spark-X2.5-4B,SPARK 4B,NF4,clinical_astra_b02_016,with_rag,3.19260835647583,4.291015625,1661,299,NVIDIA A100-SXM4-40GB
XHToken/Spark-X2.5-4B,SPARK 4B,NF4,clinical_astra_b02_016,no_rag,2.5430450439453125,4.291015625,189,159,NVIDIA A100-SXM4-40GB
XHToken/Spark-X2.5-4B,SPARK 4B,NF4,clinical_astra_b02_017,no_rag,2.5425024032592773,4.291015625,186,99,NVIDIA A100-SXM4-40GB
XHToken/Spark-X2.5-4B,SPARK 4B,NF4,clinical_astra_b02_017,with_rag,3.126466751098633,4.291015625,1564,102,NVIDIA A100-SXM4-40GB
XHToken/Spark-X2.5-4B,SPARK 4B,NF4,clinical_astra_b02_018,with_rag,3.2059879302978516,4.291015625,1680,355,NVIDIA A100-SXM4-40GB
XHToken/Spark-X2.5-4B,SPARK 4B,NF4,clinical_astra_b02_018,no_rag,2.5420069694519043,4.291015625,183,124,NVIDIA A100-SXM4-40GB
XHToken/Spark-X2.5-4B,SPARK 4B,NF4,clinical_astra_b02_019,no_rag,2.5392990112304688,4.291015625,173,102,NVIDIA A100-SXM4-40GB
XHToken/Spark-X2.5-4B,SPARK 4B,NF4,clinical_astra_b02_019,with_rag,3.140005588531494,4.291015625,1585,173,NVIDIA A100-SXM4-40GB
XHToken/Spark-X2.5-4B,SPARK 4B,NF4,clinical_astra_b02_020,with_rag,3.256171703338623,4.291015625,1748,258,NVIDIA A100-SXM4-40GB
XHToken/Spark-X2.5-4B,SPARK 4B,NF4,clinical_astra_b02_020,no_rag,2.544680118560791,4.291015625,198,152,NVIDIA A100-SXM4-40GB
XHToken/Spark-X2.5-4B,SPARK 4B,NF4,clinical_astra_b03_002,no_rag,2.5450429916381836,4.291015625,200,236,NVIDIA A100-SXM4-40GB
XHToken/Spark-X2.5-4B,SPARK 4B,NF4,clinical_astra_b03_002,with_rag,3.1938486099243164,4.291015625,1663,359,NVIDIA A100-SXM4-40GB
XHToken/Spark-X2.5-4B,SPARK 4B,NF4,clinical_astra_b03_003,with_rag,3.4429545402526855,4.291015625,1995,233,NVIDIA A100-SXM4-40GB
XHToken/Spark-X2.5-4B,SPARK 4B,NF4,clinical_astra_b03_003,no_rag,2.552061080932617,4.291015625,222,173,NVIDIA A100-SXM4-40GB
XHToken/Spark-X2.5-4B,SPARK 4B,NF4,clinical_astra_b03_004,no_rag,2.5430450439453125,4.291015625,189,128,NVIDIA A100-SXM4-40GB
XHToken/Spark-X2.5-4B,SPARK 4B,NF4,clinical_astra_b03_004,with_rag,3.254525661468506,4.291015625,1747,316,NVIDIA A100-SXM4-40GB
XHToken/Spark-X2.5-4B,SPARK 4B,NF4,clinical_astra_b03_005,with_rag,3.1772122383117676,4.291015625,1638,383,NVIDIA A100-SXM4-40GB
XHToken/Spark-X2.5-4B,SPARK 4B,NF4,clinical_astra_b03_005,no_rag,2.549589157104492,4.291015625,212,247,NVIDIA A100-SXM4-40GB
XHToken/Spark-X2.5-4B,SPARK 4B,NF4,clinical_astra_b03_006,no_rag,2.5426831245422363,4.291015625,187,178,NVIDIA A100-SXM4-40GB
XHToken/Spark-X2.5-4B,SPARK 4B,NF4,clinical_astra_b03_006,with_rag,3.1983885765075684,4.291015625,1670,130,NVIDIA A100-SXM4-40GB
XHToken/Spark-X2.5-4B,SPARK 4B,NF4,clinical_astra_b03_007,with_rag,3.2011961936950684,4.291015625,1674,238,NVIDIA A100-SXM4-40GB
XHToken/Spark-X2.5-4B,SPARK 4B,NF4,clinical_astra_b03_007,no_rag,2.5468015670776367,4.291015625,203,161,NVIDIA A100-SXM4-40GB
XHToken/Spark-X2.5-4B,SPARK 4B,NF4,clinical_astra_b03_008,no_rag,2.5415987968444824,4.291015625,181,95,NVIDIA A100-SXM4-40GB
XHToken/Spark-X2.5-4B,SPARK 4B,NF4,clinical_astra_b03_008,with_rag,3.1151928901672363,4.291015625,1547,194,NVIDIA A100-SXM4-40GB
XHToken/Spark-X2.5-4B,SPARK 4B,NF4,clinical_astra_b03_009,with_rag,3.0371484756469727,4.291015625,1430,126,NVIDIA A100-SXM4-40GB
XHToken/Spark-X2.5-4B,SPARK 4B,NF4,clinical_astra_b03_009,no_rag,2.541057586669922,4.291015625,178,107,NVIDIA A100-SXM4-40GB
XHToken/Spark-X2.5-4B,SPARK 4B,NF4,clinical_astra_b03_010,no_rag,2.5425024032592773,4.291015625,186,132,NVIDIA A100-SXM4-40GB
XHToken/Spark-X2.5-4B,SPARK 4B,NF4,clinical_astra_b03_010,with_rag,3.152848720550537,4.291015625,1604,148,NVIDIA A100-SXM4-40GB
XHToken/Spark-X2.5-4B,SPARK 4B,NF4,clinical_astra_b03_011,with_rag,3.212035655975342,4.291015625,1688,124,NVIDIA A100-SXM4-40GB
XHToken/Spark-X2.5-4B,SPARK 4B,NF4,clinical_astra_b03_011,no_rag,2.5418448448181152,4.291015625,182,141,NVIDIA A100-SXM4-40GB
XHToken/Spark-X2.5-4B,SPARK 4B,NF4,clinical_astra_b03_012,no_rag,2.5426831245422363,4.291015625,187,183,NVIDIA A100-SXM4-40GB
XHToken/Spark-X2.5-4B,SPARK 4B,NF4,clinical_astra_b03_012,with_rag,3.1914048194885254,4.291015625,1660,261,NVIDIA A100-SXM4-40GB
XHToken/Spark-X2.5-4B,SPARK 4B,NF4,clinical_astra_b03_013,with_rag,3.2168312072753906,4.291015625,1695,310,NVIDIA A100-SXM4-40GB
XHToken/Spark-X2.5-4B,SPARK 4B,NF4,clinical_astra_b03_013,no_rag,2.5421690940856934,4.291015625,184,272,NVIDIA A100-SXM4-40GB
XHToken/Spark-X2.5-4B,SPARK 4B,NF4,clinical_astra_b03_014,no_rag,2.543954372406006,4.291015625,194,117,NVIDIA A100-SXM4-40GB
XHToken/Spark-X2.5-4B,SPARK 4B,NF4,clinical_astra_b03_014,with_rag,3.251068592071533,4.291015625,1741,131,NVIDIA A100-SXM4-40GB
XHToken/Spark-X2.5-4B,SPARK 4B,NF4,clinical_astra_b03_015,with_rag,3.248633861541748,4.291015625,1736,190,NVIDIA A100-SXM4-40GB
XHToken/Spark-X2.5-4B,SPARK 4B,NF4,clinical_astra_b03_015,no_rag,2.5488834381103516,4.291015625,207,147,NVIDIA A100-SXM4-40GB
XHToken/Spark-X2.5-4B,SPARK 4B,NF4,clinical_astra_b03_016,no_rag,2.545257568359375,4.291015625,201,136,NVIDIA A100-SXM4-40GB
XHToken/Spark-X2.5-4B,SPARK 4B,NF4,clinical_astra_b03_016,with_rag,3.2361531257629395,4.291015625,1723,123,NVIDIA A100-SXM4-40GB
XHToken/Spark-X2.5-4B,SPARK 4B,NF4,clinical_astra_b03_017,with_rag,3.3183841705322266,4.291015625,1831,133,NVIDIA A100-SXM4-40GB
XHToken/Spark-X2.5-4B,SPARK 4B,NF4,clinical_astra_b03_017,no_rag,2.5448617935180664,4.291015625,199,138,NVIDIA A100-SXM4-40GB
XHToken/Spark-X2.5-4B,SPARK 4B,NF4,clinical_astra_b03_018,no_rag,2.548741340637207,4.291015625,206,146,NVIDIA A100-SXM4-40GB
XHToken/Spark-X2.5-4B,SPARK 4B,NF4,clinical_astra_b03_018,with_rag,3.2915029525756836,4.291015625,1797,141,NVIDIA A100-SXM4-40GB
XHToken/Spark-X2.5-4B,SPARK 4B,NF4,clinical_astra_b03_019,with_rag,3.22698974609375,4.291015625,1709,174,NVIDIA A100-SXM4-40GB
XHToken/Spark-X2.5-4B,SPARK 4B,NF4,clinical_astra_b03_019,no_rag,2.5450429916381836,4.291015625,200,212,NVIDIA A100-SXM4-40GB
XHToken/Spark-X2.5-4B,SPARK 4B,NF4,clinical_astra_b03_020,no_rag,2.5448617935180664,4.291015625,199,107,NVIDIA A100-SXM4-40GB
XHToken/Spark-X2.5-4B,SPARK 4B,NF4,clinical_astra_b03_020,with_rag,3.084860324859619,4.291015625,1503,274,NVIDIA A100-SXM4-40GB
XHToken/Spark-X2.5-4B,SPARK 4B,NF4,clinical_astra_b04_002,with_rag,3.2615842819213867,4.291015625,1754,84,NVIDIA A100-SXM4-40GB
XHToken/Spark-X2.5-4B,SPARK 4B,NF4,clinical_astra_b04_002,no_rag,2.5490236282348633,4.291015625,208,105,NVIDIA A100-SXM4-40GB
XHToken/Spark-X2.5-4B,SPARK 4B,NF4,clinical_astra_b04_003,no_rag,2.543954372406006,4.291015625,194,123,NVIDIA A100-SXM4-40GB
XHToken/Spark-X2.5-4B,SPARK 4B,NF4,clinical_astra_b04_003,with_rag,3.500781536102295,4.291015625,2065,223,NVIDIA A100-SXM4-40GB
XHToken/Spark-X2.5-4B,SPARK 4B,NF4,clinical_astra_b04_004,with_rag,3.154877185821533,4.291015625,1607,92,NVIDIA A100-SXM4-40GB
XHToken/Spark-X2.5-4B,SPARK 4B,NF4,clinical_astra_b04_004,no_rag,2.5421690940856934,4.291015625,184,108,NVIDIA A100-SXM4-40GB
XHToken/Spark-X2.5-4B,SPARK 4B,NF4,clinical_astra_b04_005,no_rag,2.5444984436035156,4.291015625,197,134,NVIDIA A100-SXM4-40GB
XHToken/Spark-X2.5-4B,SPARK 4B,NF4,clinical_astra_b04_005,with_rag,3.2936630249023438,4.291015625,1799,147,NVIDIA A100-SXM4-40GB
XHToken/Spark-X2.5-4B,SPARK 4B,NF4,clinical_astra_b04_006,with_rag,3.2629427909851074,4.291015625,1759,176,NVIDIA A100-SXM4-40GB
XHToken/Spark-X2.5-4B,SPARK 4B,NF4,clinical_astra_b04_006,no_rag,2.544135570526123,4.291015625,195,182,NVIDIA A100-SXM4-40GB
XHToken/Spark-X2.5-4B,SPARK 4B,NF4,clinical_astra_b04_007,no_rag,2.544680118560791,4.291015625,198,196,NVIDIA A100-SXM4-40GB
XHToken/Spark-X2.5-4B,SPARK 4B,NF4,clinical_astra_b04_007,with_rag,3.1395864486694336,4.291015625,1584,165,NVIDIA A100-SXM4-40GB
XHToken/Spark-X2.5-4B,SPARK 4B,NF4,clinical_astra_b04_008,with_rag,3.165341377258301,4.291015625,1621,178,NVIDIA A100-SXM4-40GB
XHToken/Spark-X2.5-4B,SPARK 4B,NF4,clinical_astra_b04_008,no_rag,2.5448617935180664,4.291015625,199,128,NVIDIA A100-SXM4-40GB
XHToken/Spark-X2.5-4B,SPARK 4B,NF4,clinical_astra_b04_009,no_rag,2.5415987968444824,4.291015625,181,124,NVIDIA A100-SXM4-40GB
XHToken/Spark-X2.5-4B,SPARK 4B,NF4,clinical_astra_b04_009,with_rag,3.389049530029297,4.291015625,1926,166,NVIDIA A100-SXM4-40GB
XHToken/Spark-X2.5-4B,SPARK 4B,NF4,clinical_astra_b04_010,with_rag,3.095855712890625,4.291015625,1521,138,NVIDIA A100-SXM4-40GB
XHToken/Spark-X2.5-4B,SPARK 4B,NF4,clinical_astra_b04_010,no_rag,2.5432262420654297,4.291015625,190,154,NVIDIA A100-SXM4-40GB
XHToken/Spark-X2.5-4B,SPARK 4B,NF4,clinical_astra_b04_011,no_rag,2.541057586669922,4.291015625,178,107,NVIDIA A100-SXM4-40GB
XHToken/Spark-X2.5-4B,SPARK 4B,NF4,clinical_astra_b04_011,with_rag,3.4141860008239746,4.291015625,1958,172,NVIDIA A100-SXM4-40GB
XHToken/Spark-X2.5-4B,SPARK 4B,NF4,clinical_astra_b04_012,with_rag,3.2753376960754395,4.291015625,1776,134,NVIDIA A100-SXM4-40GB
XHToken/Spark-X2.5-4B,SPARK 4B,NF4,clinical_astra_b04_012,no_rag,2.5414180755615234,4.291015625,180,123,NVIDIA A100-SXM4-40GB
XHToken/Spark-X2.5-4B,SPARK 4B,NF4,clinical_astra_b04_013,no_rag,2.5414180755615234,4.291015625,180,155,NVIDIA A100-SXM4-40GB
XHToken/Spark-X2.5-4B,SPARK 4B,NF4,clinical_astra_b04_013,with_rag,3.4254531860351562,4.291015625,1972,119,NVIDIA A100-SXM4-40GB
XHToken/Spark-X2.5-4B,SPARK 4B,NF4,clinical_astra_b04_014,with_rag,3.1495699882507324,4.291015625,1599,352,NVIDIA A100-SXM4-40GB
XHToken/Spark-X2.5-4B,SPARK 4B,NF4,clinical_astra_b04_014,no_rag,2.544135570526123,4.291015625,195,144,NVIDIA A100-SXM4-40GB
XHToken/Spark-X2.5-4B,SPARK 4B,NF4,clinical_astra_b04_015,no_rag,2.5418448448181152,4.291015625,182,146,NVIDIA A100-SXM4-40GB
XHToken/Spark-X2.5-4B,SPARK 4B,NF4,clinical_astra_b04_015,with_rag,3.3251571655273438,4.291015625,1842,134,NVIDIA A100-SXM4-40GB
XHToken/Spark-X2.5-4B,SPARK 4B,NF4,clinical_astra_b04_016,with_rag,3.253836154937744,4.291015625,1746,196,NVIDIA A100-SXM4-40GB
XHToken/Spark-X2.5-4B,SPARK 4B,NF4,clinical_astra_b04_016,no_rag,2.5454154014587402,4.291015625,202,201,NVIDIA A100-SXM4-40GB
XHToken/Spark-X2.5-4B,SPARK 4B,NF4,clinical_astra_b04_017,no_rag,2.541238784790039,4.291015625,179,122,NVIDIA A100-SXM4-40GB
XHToken/Spark-X2.5-4B,SPARK 4B,NF4,clinical_astra_b04_017,with_rag,3.2878189086914062,4.291015625,1792,304,NVIDIA A100-SXM4-40GB
XHToken/Spark-X2.5-4B,SPARK 4B,NF4,clinical_astra_b04_018,with_rag,3.2055091857910156,4.291015625,1679,178,NVIDIA A100-SXM4-40GB
XHToken/Spark-X2.5-4B,SPARK 4B,NF4,clinical_astra_b04_018,no_rag,2.543407440185547,4.291015625,191,136,NVIDIA A100-SXM4-40GB
XHToken/Spark-X2.5-4B,SPARK 4B,NF4,clinical_astra_b04_019,no_rag,2.5425024032592773,4.291015625,186,115,NVIDIA A100-SXM4-40GB
XHToken/Spark-X2.5-4B,SPARK 4B,NF4,clinical_astra_b04_019,with_rag,3.1272897720336914,4.291015625,1566,117,NVIDIA A100-SXM4-40GB
XHToken/Spark-X2.5-4B,SPARK 4B,NF4,clinical_astra_b04_020,with_rag,3.0971603393554688,4.291015625,1523,164,NVIDIA A100-SXM4-40GB
XHToken/Spark-X2.5-4B,SPARK 4B,NF4,clinical_astra_b04_020,no_rag,2.5435872077941895,4.291015625,192,89,NVIDIA A100-SXM4-40GB
XHToken/Spark-X2.5-4B,SPARK 4B,NF4,clinical_astra_b05_002,no_rag,2.548741340637207,4.291015625,206,158,NVIDIA A100-SXM4-40GB
XHToken/Spark-X2.5-4B,SPARK 4B,NF4,clinical_astra_b05_002,with_rag,3.2154598236083984,4.291015625,1693,134,NVIDIA A100-SXM4-40GB
XHToken/Spark-X2.5-4B,SPARK 4B,NF4,clinical_astra_b05_003,with_rag,3.3386287689208984,4.291015625,1859,218,NVIDIA A100-SXM4-40GB
XHToken/Spark-X2.5-4B,SPARK 4B,NF4,clinical_astra_b05_003,no_rag,2.545257568359375,4.291015625,201,194,NVIDIA A100-SXM4-40GB
XHToken/Spark-X2.5-4B,SPARK 4B,NF4,clinical_astra_b05_004,no_rag,2.539621353149414,4.291015625,175,138,NVIDIA A100-SXM4-40GB
XHToken/Spark-X2.5-4B,SPARK 4B,NF4,clinical_astra_b05_004,with_rag,3.273876190185547,4.291015625,1774,186,NVIDIA A100-SXM4-40GB
XHToken/Spark-X2.5-4B,SPARK 4B,NF4,clinical_astra_b05_005,with_rag,3.5266990661621094,4.291015625,2096,167,NVIDIA A100-SXM4-40GB
XHToken/Spark-X2.5-4B,SPARK 4B,NF4,clinical_astra_b05_005,no_rag,2.5430450439453125,4.291015625,189,134,NVIDIA A100-SXM4-40GB
XHToken/Spark-X2.5-4B,SPARK 4B,NF4,clinical_astra_b05_006,no_rag,2.5392990112304688,4.291015625,173,100,NVIDIA A100-SXM4-40GB
XHToken/Spark-X2.5-4B,SPARK 4B,NF4,clinical_astra_b05_006,with_rag,3.413384437561035,4.291015625,1957,200,NVIDIA A100-SXM4-40GB
XHToken/Spark-X2.5-4B,SPARK 4B,NF4,clinical_astra_b05_007,with_rag,3.212035655975342,4.291015625,1688,115,NVIDIA A100-SXM4-40GB
XHToken/Spark-X2.5-4B,SPARK 4B,NF4,clinical_astra_b05_007,no_rag,2.5408782958984375,4.291015625,177,83,NVIDIA A100-SXM4-40GB
XHToken/Spark-X2.5-4B,SPARK 4B,NF4,clinical_astra_b05_008,no_rag,2.5486011505126953,4.291015625,205,172,NVIDIA A100-SXM4-40GB
XHToken/Spark-X2.5-4B,SPARK 4B,NF4,clinical_astra_b05_008,with_rag,3.1030454635620117,4.291015625,1532,128,NVIDIA A100-SXM4-40GB
XHToken/Spark-X2.5-4B,SPARK 4B,NF4,clinical_astra_b05_009,with_rag,3.2826547622680664,4.291015625,1785,153,NVIDIA A100-SXM4-40GB
XHToken/Spark-X2.5-4B,SPARK 4B,NF4,clinical_astra_b05_009,no_rag,2.5448617935180664,4.291015625,199,165,NVIDIA A100-SXM4-40GB
XHToken/Spark-X2.5-4B,SPARK 4B,NF4,clinical_astra_b05_010,no_rag,2.5507702827453613,4.291015625,220,155,NVIDIA A100-SXM4-40GB
XHToken/Spark-X2.5-4B,SPARK 4B,NF4,clinical_astra_b05_010,with_rag,3.2089438438415527,4.291015625,1685,235,NVIDIA A100-SXM4-40GB
XHToken/Spark-X2.5-4B,SPARK 4B,NF4,clinical_astra_b05_011,with_rag,3.4224724769592285,4.291015625,1967,240,NVIDIA A100-SXM4-40GB
XHToken/Spark-X2.5-4B,SPARK 4B,NF4,clinical_astra_b05_011,no_rag,2.5444984436035156,4.291015625,197,137,NVIDIA A100-SXM4-40GB
XHToken/Spark-X2.5-4B,SPARK 4B,NF4,clinical_astra_b05_012,no_rag,2.544680118560791,4.291015625,198,150,NVIDIA A100-SXM4-40GB
XHToken/Spark-X2.5-4B,SPARK 4B,NF4,clinical_astra_b05_012,with_rag,3.3834376335144043,4.291015625,1919,239,NVIDIA A100-SXM4-40GB
XHToken/Spark-X2.5-4B,SPARK 4B,NF4,clinical_astra_b05_013,with_rag,3.2819509506225586,4.291015625,1784,240,NVIDIA A100-SXM4-40GB
XHToken/Spark-X2.5-4B,SPARK 4B,NF4,clinical_astra_b05_013,no_rag,2.543407440185547,4.291015625,191,213,NVIDIA A100-SXM4-40GB
XHToken/Spark-X2.5-4B,SPARK 4B,NF4,clinical_astra_b05_014,no_rag,2.541057586669922,4.291015625,178,117,NVIDIA A100-SXM4-40GB
XHToken/Spark-X2.5-4B,SPARK 4B,NF4,clinical_astra_b05_014,with_rag,3.165341377258301,4.291015625,1621,128,NVIDIA A100-SXM4-40GB
XHToken/Spark-X2.5-4B,SPARK 4B,NF4,clinical_astra_b05_015,with_rag,3.1555519104003906,4.291015625,1608,155,NVIDIA A100-SXM4-40GB
XHToken/Spark-X2.5-4B,SPARK 4B,NF4,clinical_astra_b05_015,no_rag,2.539781093597412,4.291015625,176,111,NVIDIA A100-SXM4-40GB
XHToken/Spark-X2.5-4B,SPARK 4B,NF4,clinical_astra_b05_016,no_rag,2.5374274253845215,4.291015625,168,104,NVIDIA A100-SXM4-40GB
XHToken/Spark-X2.5-4B,SPARK 4B,NF4,clinical_astra_b05_016,with_rag,3.248633861541748,4.291015625,1736,172,NVIDIA A100-SXM4-40GB
XHToken/Spark-X2.5-4B,SPARK 4B,NF4,clinical_astra_b05_017,with_rag,3.2011961936950684,4.291015625,1674,175,NVIDIA A100-SXM4-40GB
XHToken/Spark-X2.5-4B,SPARK 4B,NF4,clinical_astra_b05_017,no_rag,2.545257568359375,4.291015625,201,128,NVIDIA A100-SXM4-40GB
XHToken/Spark-X2.5-4B,SPARK 4B,NF4,clinical_astra_b05_018,no_rag,2.5415987968444824,4.291015625,181,172,NVIDIA A100-SXM4-40GB
XHToken/Spark-X2.5-4B,SPARK 4B,NF4,clinical_astra_b05_018,with_rag,3.1240763664245605,4.291015625,1561,145,NVIDIA A100-SXM4-40GB
XHToken/Spark-X2.5-4B,SPARK 4B,NF4,clinical_astra_b05_019,with_rag,3.4573607444763184,4.291015625,2012,154,NVIDIA A100-SXM4-40GB
XHToken/Spark-X2.5-4B,SPARK 4B,NF4,clinical_astra_b05_019,no_rag,2.539781093597412,4.291015625,176,127,NVIDIA A100-SXM4-40GB
XHToken/Spark-X2.5-4B,SPARK 4B,NF4,clinical_astra_b05_020,no_rag,2.5448617935180664,4.291015625,199,82,NVIDIA A100-SXM4-40GB
XHToken/Spark-X2.5-4B,SPARK 4B,NF4,clinical_astra_b05_020,with_rag,3.097811698913574,4.291015625,1524,166,NVIDIA A100-SXM4-40GB
XHToken/Spark-X2.5-4B,SPARK 4B,NF4,clinical_astra_b06_002,with_rag,3.594757080078125,4.291015625,2177,370,NVIDIA A100-SXM4-40GB
XHToken/Spark-X2.5-4B,SPARK 4B,NF4,clinical_astra_b06_002,no_rag,2.544135570526123,4.291015625,195,178,NVIDIA A100-SXM4-40GB
XHToken/Spark-X2.5-4B,SPARK 4B,NF4,clinical_astra_b06_003,no_rag,2.5435872077941895,4.291015625,192,138,NVIDIA A100-SXM4-40GB
XHToken/Spark-X2.5-4B,SPARK 4B,NF4,clinical_astra_b06_003,with_rag,3.1491827964782715,4.291015625,1598,185,NVIDIA A100-SXM4-40GB
XHToken/Spark-X2.5-4B,SPARK 4B,NF4,clinical_astra_b06_004,with_rag,3.171393394470215,4.291015625,1629,191,NVIDIA A100-SXM4-40GB
XHToken/Spark-X2.5-4B,SPARK 4B,NF4,clinical_astra_b06_004,no_rag,2.5454154014587402,4.291015625,202,145,NVIDIA A100-SXM4-40GB
XHToken/Spark-X2.5-4B,SPARK 4B,NF4,clinical_astra_b06_005,no_rag,2.5428638458251953,4.291015625,188,128,NVIDIA A100-SXM4-40GB
XHToken/Spark-X2.5-4B,SPARK 4B,NF4,clinical_astra_b06_005,with_rag,3.2615842819213867,4.291015625,1754,145,NVIDIA A100-SXM4-40GB
XHToken/Spark-X2.5-4B,SPARK 4B,NF4,clinical_astra_b06_006,with_rag,3.220952033996582,4.291015625,1701,327,NVIDIA A100-SXM4-40GB
XHToken/Spark-X2.5-4B,SPARK 4B,NF4,clinical_astra_b06_006,no_rag,2.544135570526123,4.291015625,195,165,NVIDIA A100-SXM4-40GB
XHToken/Spark-X2.5-4B,SPARK 4B,NF4,clinical_astra_b06_007,no_rag,2.549306869506836,4.291015625,210,191,NVIDIA A100-SXM4-40GB
XHToken/Spark-X2.5-4B,SPARK 4B,NF4,clinical_astra_b06_007,with_rag,3.2724132537841797,4.291015625,1772,281,NVIDIA A100-SXM4-40GB
XHToken/Spark-X2.5-4B,SPARK 4B,NF4,clinical_astra_b06_008,with_rag,3.3589682579040527,4.291015625,1887,195,NVIDIA A100-SXM4-40GB
XHToken/Spark-X2.5-4B,SPARK 4B,NF4,clinical_astra_b06_008,no_rag,2.5444984436035156,4.291015625,197,157,NVIDIA A100-SXM4-40GB
XHToken/Spark-X2.5-4B,SPARK 4B,NF4,clinical_astra_b06_009,no_rag,2.5444984436035156,4.291015625,197,149,NVIDIA A100-SXM4-40GB
XHToken/Spark-X2.5-4B,SPARK 4B,NF4,clinical_astra_b06_009,with_rag,3.209649085998535,4.291015625,1686,252,NVIDIA A100-SXM4-40GB
XHToken/Spark-X2.5-4B,SPARK 4B,NF4,clinical_astra_b06_010,with_rag,3.4535398483276367,4.291015625,2006,206,NVIDIA A100-SXM4-40GB
XHToken/Spark-X2.5-4B,SPARK 4B,NF4,clinical_astra_b06_010,no_rag,2.543954372406006,4.291015625,194,140,NVIDIA A100-SXM4-40GB
XHToken/Spark-X2.5-4B,SPARK 4B,NF4,clinical_astra_b06_011,no_rag,2.5497312545776367,4.291015625,213,140,NVIDIA A100-SXM4-40GB
XHToken/Spark-X2.5-4B,SPARK 4B,NF4,clinical_astra_b06_011,with_rag,3.2819509506225586,4.291015625,1784,180,NVIDIA A100-SXM4-40GB
XHToken/Spark-X2.5-4B,SPARK 4B,NF4,clinical_astra_b06_012,with_rag,3.2368459701538086,4.291015625,1724,149,NVIDIA A100-SXM4-40GB
XHToken/Spark-X2.5-4B,SPARK 4B,NF4,clinical_astra_b06_012,no_rag,2.549165725708008,4.291015625,209,167,NVIDIA A100-SXM4-40GB
XHToken/Spark-X2.5-4B,SPARK 4B,NF4,clinical_astra_b06_013,no_rag,2.544680118560791,4.291015625,198,143,NVIDIA A100-SXM4-40GB
XHToken/Spark-X2.5-4B,SPARK 4B,NF4,clinical_astra_b06_013,with_rag,3.08127498626709,4.291015625,1496,220,NVIDIA A100-SXM4-40GB
XHToken/Spark-X2.5-4B,SPARK 4B,NF4,clinical_astra_b06_014,with_rag,3.6582894325256348,4.291015625,2249,193,NVIDIA A100-SXM4-40GB
XHToken/Spark-X2.5-4B,SPARK 4B,NF4,clinical_astra_b06_014,no_rag,2.5426831245422363,4.291015625,187,186,NVIDIA A100-SXM4-40GB
XHToken/Spark-X2.5-4B,SPARK 4B,NF4,clinical_astra_b06_015,no_rag,2.543407440185547,4.291015625,191,119,NVIDIA A100-SXM4-40GB
XHToken/Spark-X2.5-4B,SPARK 4B,NF4,clinical_astra_b06_015,with_rag,3.161895751953125,4.291015625,1616,136,NVIDIA A100-SXM4-40GB
XHToken/Spark-X2.5-4B,SPARK 4B,NF4,clinical_astra_b06_016,with_rag,3.3592281341552734,4.291015625,1888,221,NVIDIA A100-SXM4-40GB
XHToken/Spark-X2.5-4B,SPARK 4B,NF4,clinical_astra_b06_016,no_rag,2.545257568359375,4.291015625,201,121,NVIDIA A100-SXM4-40GB
XHToken/Spark-X2.5-4B,SPARK 4B,NF4,clinical_astra_b06_017,no_rag,2.5490236282348633,4.291015625,208,179,NVIDIA A100-SXM4-40GB
XHToken/Spark-X2.5-4B,SPARK 4B,NF4,clinical_astra_b06_017,with_rag,3.145641803741455,4.291015625,1593,208,NVIDIA A100-SXM4-40GB
XHToken/Spark-X2.5-4B,SPARK 4B,NF4,clinical_astra_b06_018,with_rag,3.1247177124023438,4.291015625,1562,214,NVIDIA A100-SXM4-40GB
XHToken/Spark-X2.5-4B,SPARK 4B,NF4,clinical_astra_b06_018,no_rag,2.544135570526123,4.291015625,195,115,NVIDIA A100-SXM4-40GB
XHToken/Spark-X2.5-4B,SPARK 4B,NF4,clinical_astra_b06_019,no_rag,2.5428638458251953,4.291015625,188,143,NVIDIA A100-SXM4-40GB
XHToken/Spark-X2.5-4B,SPARK 4B,NF4,clinical_astra_b06_019,with_rag,3.384681224822998,4.291015625,1921,215,NVIDIA A100-SXM4-40GB
XHToken/Spark-X2.5-4B,SPARK 4B,NF4,clinical_astra_b06_020,with_rag,3.4683427810668945,4.291015625,2026,254,NVIDIA A100-SXM4-40GB
XHToken/Spark-X2.5-4B,SPARK 4B,NF4,clinical_astra_b06_020,no_rag,2.543954372406006,4.291015625,194,176,NVIDIA A100-SXM4-40GB
XHToken/Spark-X2.5-4B,SPARK 4B,BF16,clinical_astra_b01_001,no_rag,7.716297626495361,7.75390625,209,87,NVIDIA A100-SXM4-40GB
XHToken/Spark-X2.5-4B,SPARK 4B,BF16,clinical_astra_b01_001,with_rag,8.51584005355835,8.732421875,1804,284,NVIDIA A100-SXM4-40GB
XHToken/Spark-X2.5-4B,SPARK 4B,BF16,clinical_astra_b02_001,with_rag,8.568470001220703,9.150390625,1871,137,NVIDIA A100-SXM4-40GB
XHToken/Spark-X2.5-4B,SPARK 4B,BF16,clinical_astra_b02_001,no_rag,7.711662769317627,9.150390625,176,112,NVIDIA A100-SXM4-40GB
XHToken/Spark-X2.5-4B,SPARK 4B,BF16,clinical_astra_b03_001,no_rag,7.717926502227783,9.150390625,182,147,NVIDIA A100-SXM4-40GB
XHToken/Spark-X2.5-4B,SPARK 4B,BF16,clinical_astra_b03_001,with_rag,8.30120849609375,9.150390625,1491,229,NVIDIA A100-SXM4-40GB
XHToken/Spark-X2.5-4B,SPARK 4B,BF16,clinical_astra_b04_001,with_rag,8.354498386383057,9.150390625,1578,170,NVIDIA A100-SXM4-40GB
XHToken/Spark-X2.5-4B,SPARK 4B,BF16,clinical_astra_b04_001,no_rag,7.718234062194824,9.150390625,196,135,NVIDIA A100-SXM4-40GB
XHToken/Spark-X2.5-4B,SPARK 4B,BF16,clinical_astra_b05_001,no_rag,7.726023197174072,9.171875,208,174,NVIDIA A100-SXM4-40GB
XHToken/Spark-X2.5-4B,SPARK 4B,BF16,clinical_astra_b05_001,with_rag,8.57118558883667,9.59375,1876,193,NVIDIA A100-SXM4-40GB
XHToken/Spark-X2.5-4B,SPARK 4B,BF16,clinical_astra_b06_001,with_rag,8.49550199508667,9.59375,1779,176,NVIDIA A100-SXM4-40GB
XHToken/Spark-X2.5-4B,SPARK 4B,BF16,clinical_astra_b06_001,no_rag,7.726023197174072,9.59375,197,185,NVIDIA A100-SXM4-40GB
XHToken/Spark-X2.5-4B,SPARK 4B,BF16,clinical_astra_b01_002,no_rag,7.72760534286499,9.59375,218,168,NVIDIA A100-SXM4-40GB
XHToken/Spark-X2.5-4B,SPARK 4B,BF16,clinical_astra_b01_002,with_rag,8.389631748199463,9.59375,1628,268,NVIDIA A100-SXM4-40GB
XHToken/Spark-X2.5-4B,SPARK 4B,BF16,clinical_astra_b01_003,with_rag,8.448083877563477,9.59375,1715,132,NVIDIA A100-SXM4-40GB
XHToken/Spark-X2.5-4B,SPARK 4B,BF16,clinical_astra_b01_003,no_rag,7.715634822845459,9.59375,185,129,NVIDIA A100-SXM4-40GB
XHToken/Spark-X2.5-4B,SPARK 4B,BF16,clinical_astra_b01_004,no_rag,7.72083044052124,9.59375,218,130,NVIDIA A100-SXM4-40GB
XHToken/Spark-X2.5-4B,SPARK 4B,BF16,clinical_astra_b01_004,with_rag,8.4650239944458,9.59375,1738,216,NVIDIA A100-SXM4-40GB
XHToken/Spark-X2.5-4B,SPARK 4B,BF16,clinical_astra_b01_005,with_rag,8.594714641571045,10.03125,1910,242,NVIDIA A100-SXM4-40GB
XHToken/Spark-X2.5-4B,SPARK 4B,BF16,clinical_astra_b01_005,no_rag,7.73384428024292,10.03125,212,217,NVIDIA A100-SXM4-40GB
XHToken/Spark-X2.5-4B,SPARK 4B,BF16,clinical_astra_b01_006,no_rag,7.718386650085449,10.03125,202,130,NVIDIA A100-SXM4-40GB
XHToken/Spark-X2.5-4B,SPARK 4B,BF16,clinical_astra_b01_006,with_rag,8.39087724685669,10.03125,1630,222,NVIDIA A100-SXM4-40GB
XHToken/Spark-X2.5-4B,SPARK 4B,BF16,clinical_astra_b01_007,with_rag,8.513847351074219,10.03125,1803,222,NVIDIA A100-SXM4-40GB
XHToken/Spark-X2.5-4B,SPARK 4B,BF16,clinical_astra_b01_007,no_rag,7.731667518615723,10.03125,230,184,NVIDIA A100-SXM4-40GB
XHToken/Spark-X2.5-4B,SPARK 4B,BF16,clinical_astra_b01_008,no_rag,7.717317581176758,10.03125,208,117,NVIDIA A100-SXM4-40GB
XHToken/Spark-X2.5-4B,SPARK 4B,BF16,clinical_astra_b01_008,with_rag,8.339579105377197,10.03125,1555,125,NVIDIA A100-SXM4-40GB
XHToken/Spark-X2.5-4B,SPARK 4B,BF16,clinical_astra_b01_009,with_rag,8.541467666625977,10.03125,1841,155,NVIDIA A100-SXM4-40GB
XHToken/Spark-X2.5-4B,SPARK 4B,BF16,clinical_astra_b01_009,no_rag,7.72052526473999,10.03125,204,142,NVIDIA A100-SXM4-40GB
XHToken/Spark-X2.5-4B,SPARK 4B,BF16,clinical_astra_b01_010,no_rag,7.717164993286133,10.03125,210,114,NVIDIA A100-SXM4-40GB
XHToken/Spark-X2.5-4B,SPARK 4B,BF16,clinical_astra_b01_010,with_rag,8.34732723236084,10.03125,1564,259,NVIDIA A100-SXM4-40GB
XHToken/Spark-X2.5-4B,SPARK 4B,BF16,clinical_astra_b01_011,with_rag,8.939099311828613,10.67578125,2319,162,NVIDIA A100-SXM4-40GB
XHToken/Spark-X2.5-4B,SPARK 4B,BF16,clinical_astra_b01_011,no_rag,7.719913959503174,10.67578125,206,136,NVIDIA A100-SXM4-40GB
XHToken/Spark-X2.5-4B,SPARK 4B,BF16,clinical_astra_b01_012,no_rag,7.718386650085449,10.67578125,203,129,NVIDIA A100-SXM4-40GB
XHToken/Spark-X2.5-4B,SPARK 4B,BF16,clinical_astra_b01_012,with_rag,8.353215217590332,10.67578125,1576,130,NVIDIA A100-SXM4-40GB
XHToken/Spark-X2.5-4B,SPARK 4B,BF16,clinical_astra_b01_013,with_rag,8.368335723876953,10.67578125,1597,174,NVIDIA A100-SXM4-40GB
XHToken/Spark-X2.5-4B,SPARK 4B,BF16,clinical_astra_b01_013,no_rag,7.723579406738281,10.67578125,208,158,NVIDIA A100-SXM4-40GB
XHToken/Spark-X2.5-4B,SPARK 4B,BF16,clinical_astra_b01_014,no_rag,7.715634822845459,10.67578125,187,127,NVIDIA A100-SXM4-40GB
XHToken/Spark-X2.5-4B,SPARK 4B,BF16,clinical_astra_b01_014,with_rag,8.321288108825684,10.67578125,1530,173,NVIDIA A100-SXM4-40GB
XHToken/Spark-X2.5-4B,SPARK 4B,BF16,clinical_astra_b01_015,with_rag,8.522574424743652,10.67578125,1814,185,NVIDIA A100-SXM4-40GB
XHToken/Spark-X2.5-4B,SPARK 4B,BF16,clinical_astra_b01_015,no_rag,7.723121643066406,10.67578125,194,169,NVIDIA A100-SXM4-40GB
XHToken/Spark-X2.5-4B,SPARK 4B,BF16,clinical_astra_b01_016,no_rag,7.722508907318115,10.67578125,188,171,NVIDIA A100-SXM4-40GB
XHToken/Spark-X2.5-4B,SPARK 4B,BF16,clinical_astra_b01_016,with_rag,8.514566898345947,10.67578125,1804,145,NVIDIA A100-SXM4-40GB
XHToken/Spark-X2.5-4B,SPARK 4B,BF16,clinical_astra_b01_017,with_rag,8.438624858856201,10.67578125,1700,144,NVIDIA A100-SXM4-40GB
XHToken/Spark-X2.5-4B,SPARK 4B,BF16,clinical_astra_b01_017,no_rag,7.718844413757324,10.67578125,203,132,NVIDIA A100-SXM4-40GB
XHToken/Spark-X2.5-4B,SPARK 4B,BF16,clinical_astra_b01_018,no_rag,7.714259147644043,10.67578125,189,116,NVIDIA A100-SXM4-40GB
XHToken/Spark-X2.5-4B,SPARK 4B,BF16,clinical_astra_b01_018,with_rag,8.354498386383057,10.67578125,1578,124,NVIDIA A100-SXM4-40GB
XHToken/Spark-X2.5-4B,SPARK 4B,BF16,clinical_astra_b01_019,with_rag,8.435870170593262,10.67578125,1695,186,NVIDIA A100-SXM4-40GB
XHToken/Spark-X2.5-4B,SPARK 4B,BF16,clinical_astra_b01_019,no_rag,7.724496364593506,10.67578125,193,179,NVIDIA A100-SXM4-40GB
XHToken/Spark-X2.5-4B,SPARK 4B,BF16,clinical_astra_b01_020,no_rag,7.73065185546875,10.67578125,197,210,NVIDIA A100-SXM4-40GB
XHToken/Spark-X2.5-4B,SPARK 4B,BF16,clinical_astra_b01_020,with_rag,8.650836944580078,10.67578125,1982,128,NVIDIA A100-SXM4-40GB
XHToken/Spark-X2.5-4B,SPARK 4B,BF16,clinical_astra_b02_002,with_rag,8.43035078048706,10.67578125,1687,119,NVIDIA A100-SXM4-40GB
XHToken/Spark-X2.5-4B,SPARK 4B,BF16,clinical_astra_b02_002,no_rag,7.7095255851745605,10.67578125,175,99,NVIDIA A100-SXM4-40GB
XHToken/Spark-X2.5-4B,SPARK 4B,BF16,clinical_astra_b02_003,no_rag,7.714718341827393,10.67578125,179,129,NVIDIA A100-SXM4-40GB
XHToken/Spark-X2.5-4B,SPARK 4B,BF16,clinical_astra_b02_003,with_rag,8.460127830505371,10.67578125,1732,144,NVIDIA A100-SXM4-40GB
XHToken/Spark-X2.5-4B,SPARK 4B,BF16,clinical_astra_b02_004,with_rag,8.667704105377197,10.67578125,2002,179,NVIDIA A100-SXM4-40GB
XHToken/Spark-X2.5-4B,SPARK 4B,BF16,clinical_astra_b02_004,no_rag,7.715176105499268,10.67578125,171,140,NVIDIA A100-SXM4-40GB
XHToken/Spark-X2.5-4B,SPARK 4B,BF16,clinical_astra_b02_005,no_rag,7.7081499099731445,10.67578125,175,90,NVIDIA A100-SXM4-40GB
XHToken/Spark-X2.5-4B,SPARK 4B,BF16,clinical_astra_b02_005,with_rag,8.437522411346436,10.67578125,1698,154,NVIDIA A100-SXM4-40GB
XHToken/Spark-X2.5-4B,SPARK 4B,BF16,clinical_astra_b02_006,with_rag,8.576675415039062,10.67578125,1883,168,NVIDIA A100-SXM4-40GB
XHToken/Spark-X2.5-4B,SPARK 4B,BF16,clinical_astra_b02_006,no_rag,7.718690395355225,10.67578125,172,162,NVIDIA A100-SXM4-40GB
XHToken/Spark-X2.5-4B,SPARK 4B,BF16,clinical_astra_b02_007,no_rag,7.712579727172852,10.67578125,174,120,NVIDIA A100-SXM4-40GB
XHToken/Spark-X2.5-4B,SPARK 4B,BF16,clinical_astra_b02_007,with_rag,8.479429721832275,10.67578125,1756,171,NVIDIA A100-SXM4-40GB
XHToken/Spark-X2.5-4B,SPARK 4B,BF16,clinical_astra_b02_008,with_rag,8.535828590393066,10.67578125,1832,176,NVIDIA A100-SXM4-40GB
XHToken/Spark-X2.5-4B,SPARK 4B,BF16,clinical_astra_b02_008,no_rag,7.721439361572266,10.67578125,174,178,NVIDIA A100-SXM4-40GB
XHToken/Spark-X2.5-4B,SPARK 4B,BF16,clinical_astra_b02_009,no_rag,7.7290544509887695,10.67578125,183,213,NVIDIA A100-SXM4-40GB
XHToken/Spark-X2.5-4B,SPARK 4B,BF16,clinical_astra_b02_009,with_rag,8.452984809875488,10.67578125,1722,154,NVIDIA A100-SXM4-40GB
XHToken/Spark-X2.5-4B,SPARK 4B,BF16,clinical_astra_b02_010,with_rag,8.49332571029663,10.67578125,1776,150,NVIDIA A100-SXM4-40GB
XHToken/Spark-X2.5-4B,SPARK 4B,BF16,clinical_astra_b02_010,no_rag,7.711205005645752,10.67578125,188,97,NVIDIA A100-SXM4-40GB
XHToken/Spark-X2.5-4B,SPARK 4B,BF16,clinical_astra_b02_011,no_rag,7.718080043792725,10.67578125,179,151,NVIDIA A100-SXM4-40GB
XHToken/Spark-X2.5-4B,SPARK 4B,BF16,clinical_astra_b02_011,with_rag,8.320854187011719,10.67578125,1529,218,NVIDIA A100-SXM4-40GB
XHToken/Spark-X2.5-4B,SPARK 4B,BF16,clinical_astra_b02_012,with_rag,8.330204010009766,10.67578125,1540,143,NVIDIA A100-SXM4-40GB
XHToken/Spark-X2.5-4B,SPARK 4B,BF16,clinical_astra_b02_012,no_rag,7.720676422119141,10.67578125,180,167,NVIDIA A100-SXM4-40GB
XHToken/Spark-X2.5-4B,SPARK 4B,BF16,clinical_astra_b02_013,no_rag,7.7313761711120605,10.67578125,180,232,NVIDIA A100-SXM4-40GB
XHToken/Spark-X2.5-4B,SPARK 4B,BF16,clinical_astra_b02_013,with_rag,8.61066198348999,10.67578125,1932,179,NVIDIA A100-SXM4-40GB
XHToken/Spark-X2.5-4B,SPARK 4B,BF16,clinical_astra_b02_014,with_rag,8.484742164611816,10.67578125,1764,116,NVIDIA A100-SXM4-40GB
XHToken/Spark-X2.5-4B,SPARK 4B,BF16,clinical_astra_b02_014,no_rag,7.716245174407959,10.67578125,183,135,NVIDIA A100-SXM4-40GB
XHToken/Spark-X2.5-4B,SPARK 4B,BF16,clinical_astra_b02_015,no_rag,7.718690395355225,10.67578125,181,153,NVIDIA A100-SXM4-40GB
XHToken/Spark-X2.5-4B,SPARK 4B,BF16,clinical_astra_b02_015,with_rag,8.522574424743652,10.67578125,1814,161,NVIDIA A100-SXM4-40GB
XHToken/Spark-X2.5-4B,SPARK 4B,BF16,clinical_astra_b02_016,with_rag,8.415601253509521,10.67578125,1661,181,NVIDIA A100-SXM4-40GB
XHToken/Spark-X2.5-4B,SPARK 4B,BF16,clinical_astra_b02_016,no_rag,7.714565753936768,10.67578125,189,118,NVIDIA A100-SXM4-40GB
XHToken/Spark-X2.5-4B,SPARK 4B,BF16,clinical_astra_b02_017,no_rag,7.7191481590271,10.67578125,186,151,NVIDIA A100-SXM4-40GB
XHToken/Spark-X2.5-4B,SPARK 4B,BF16,clinical_astra_b02_017,with_rag,8.34732723236084,10.67578125,1564,125,NVIDIA A100-SXM4-40GB
XHToken/Spark-X2.5-4B,SPARK 4B,BF16,clinical_astra_b02_018,with_rag,8.426118850708008,10.67578125,1680,174,NVIDIA A100-SXM4-40GB
XHToken/Spark-X2.5-4B,SPARK 4B,BF16,clinical_astra_b02_018,no_rag,7.715176105499268,10.67578125,183,128,NVIDIA A100-SXM4-40GB
XHToken/Spark-X2.5-4B,SPARK 4B,BF16,clinical_astra_b02_019,no_rag,7.7101359367370605,10.67578125,173,105,NVIDIA A100-SXM4-40GB
XHToken/Spark-X2.5-4B,SPARK 4B,BF16,clinical_astra_b02_019,with_rag,8.359000205993652,10.67578125,1585,107,NVIDIA A100-SXM4-40GB
XHToken/Spark-X2.5-4B,SPARK 4B,BF16,clinical_astra_b02_020,with_rag,8.47413682937622,10.67578125,1748,184,NVIDIA A100-SXM4-40GB
XHToken/Spark-X2.5-4B,SPARK 4B,BF16,clinical_astra_b02_020,no_rag,7.72220516204834,10.67578125,198,159,NVIDIA A100-SXM4-40GB
XHToken/Spark-X2.5-4B,SPARK 4B,BF16,clinical_astra_b03_002,no_rag,7.72251033782959,10.67578125,200,159,NVIDIA A100-SXM4-40GB
XHToken/Spark-X2.5-4B,SPARK 4B,BF16,clinical_astra_b03_002,with_rag,8.416772365570068,10.67578125,1663,180,NVIDIA A100-SXM4-40GB
XHToken/Spark-X2.5-4B,SPARK 4B,BF16,clinical_astra_b03_003,with_rag,8.662567615509033,10.67578125,1995,320,NVIDIA A100-SXM4-40GB
XHToken/Spark-X2.5-4B,SPARK 4B,BF16,clinical_astra_b03_003,no_rag,7.741390705108643,10.67578125,222,259,NVIDIA A100-SXM4-40GB
XHToken/Spark-X2.5-4B,SPARK 4B,BF16,clinical_astra_b03_004,no_rag,7.713496208190918,10.67578125,189,111,NVIDIA A100-SXM4-40GB
XHToken/Spark-X2.5-4B,SPARK 4B,BF16,clinical_astra_b03_004,with_rag,8.472453594207764,10.67578125,1747,142,NVIDIA A100-SXM4-40GB
XHToken/Spark-X2.5-4B,SPARK 4B,BF16,clinical_astra_b03_005,with_rag,8.396171569824219,10.67578125,1638,393,NVIDIA A100-SXM4-40GB
XHToken/Spark-X2.5-4B,SPARK 4B,BF16,clinical_astra_b03_005,no_rag,7.724343776702881,10.67578125,212,159,NVIDIA A100-SXM4-40GB
XHToken/Spark-X2.5-4B,SPARK 4B,BF16,clinical_astra_b03_006,no_rag,7.736599445343018,10.67578125,187,261,NVIDIA A100-SXM4-40GB
XHToken/Spark-X2.5-4B,SPARK 4B,BF16,clinical_astra_b03_006,with_rag,8.42088270187378,10.67578125,1670,409,NVIDIA A100-SXM4-40GB
XHToken/Spark-X2.5-4B,SPARK 4B,BF16,clinical_astra_b03_007,with_rag,8.42323637008667,10.67578125,1674,214,NVIDIA A100-SXM4-40GB
XHToken/Spark-X2.5-4B,SPARK 4B,BF16,clinical_astra_b03_007,no_rag,7.7303619384765625,10.67578125,203,202,NVIDIA A100-SXM4-40GB
XHToken/Spark-X2.5-4B,SPARK 4B,BF16,clinical_astra_b03_008,no_rag,7.716092586517334,10.67578125,181,136,NVIDIA A100-SXM4-40GB
XHToken/Spark-X2.5-4B,SPARK 4B,BF16,clinical_astra_b03_008,with_rag,8.333992004394531,10.67578125,1547,162,NVIDIA A100-SXM4-40GB
XHToken/Spark-X2.5-4B,SPARK 4B,BF16,clinical_astra_b03_009,with_rag,8.25743293762207,10.67578125,1430,156,NVIDIA A100-SXM4-40GB
XHToken/Spark-X2.5-4B,SPARK 4B,BF16,clinical_astra_b03_009,no_rag,7.709371566772461,10.67578125,178,95,NVIDIA A100-SXM4-40GB
XHToken/Spark-X2.5-4B,SPARK 4B,BF16,clinical_astra_b03_010,no_rag,7.713343620300293,10.67578125,186,113,NVIDIA A100-SXM4-40GB
XHToken/Spark-X2.5-4B,SPARK 4B,BF16,clinical_astra_b03_010,with_rag,8.372372150421143,10.67578125,1604,166,NVIDIA A100-SXM4-40GB
XHToken/Spark-X2.5-4B,SPARK 4B,BF16,clinical_astra_b03_011,with_rag,8.430954456329346,10.67578125,1688,141,NVIDIA A100-SXM4-40GB
XHToken/Spark-X2.5-4B,SPARK 4B,BF16,clinical_astra_b03_011,no_rag,7.717926502227783,10.67578125,182,147,NVIDIA A100-SXM4-40GB
XHToken/Spark-X2.5-4B,SPARK 4B,BF16,clinical_astra_b03_012,no_rag,7.717621326446533,10.67578125,187,140,NVIDIA A100-SXM4-40GB
XHToken/Spark-X2.5-4B,SPARK 4B,BF16,clinical_astra_b03_012,with_rag,8.414035320281982,10.67578125,1660,101,NVIDIA A100-SXM4-40GB
XHToken/Spark-X2.5-4B,SPARK 4B,BF16,clinical_astra_b03_013,with_rag,8.435870170593262,10.67578125,1695,163,NVIDIA A100-SXM4-40GB
XHToken/Spark-X2.5-4B,SPARK 4B,BF16,clinical_astra_b03_013,no_rag,7.711815357208252,10.67578125,184,105,NVIDIA A100-SXM4-40GB
XHToken/Spark-X2.5-4B,SPARK 4B,BF16,clinical_astra_b03_014,no_rag,7.717317581176758,10.67578125,194,131,NVIDIA A100-SXM4-40GB
XHToken/Spark-X2.5-4B,SPARK 4B,BF16,clinical_astra_b03_014,with_rag,8.468167304992676,10.67578125,1741,147,NVIDIA A100-SXM4-40GB
XHToken/Spark-X2.5-4B,SPARK 4B,BF16,clinical_astra_b03_015,with_rag,8.462992191314697,10.67578125,1736,158,NVIDIA A100-SXM4-40GB
XHToken/Spark-X2.5-4B,SPARK 4B,BF16,clinical_astra_b03_015,no_rag,7.725106716156006,10.67578125,207,169,NVIDIA A100-SXM4-40GB
XHToken/Spark-X2.5-4B,SPARK 4B,BF16,clinical_astra_b03_016,no_rag,7.717775344848633,10.67578125,201,127,NVIDIA A100-SXM4-40GB
XHToken/Spark-X2.5-4B,SPARK 4B,BF16,clinical_astra_b03_016,with_rag,8.453697681427002,10.67578125,1723,117,NVIDIA A100-SXM4-40GB
XHToken/Spark-X2.5-4B,SPARK 4B,BF16,clinical_astra_b03_017,with_rag,8.53415584564209,10.67578125,1831,158,NVIDIA A100-SXM4-40GB
XHToken/Spark-X2.5-4B,SPARK 4B,BF16,clinical_astra_b03_017,no_rag,7.716551780700684,10.67578125,199,121,NVIDIA A100-SXM4-40GB
XHToken/Spark-X2.5-4B,SPARK 4B,BF16,clinical_astra_b03_018,no_rag,7.719456195831299,10.67578125,206,133,NVIDIA A100-SXM4-40GB
XHToken/Spark-X2.5-4B,SPARK 4B,BF16,clinical_astra_b03_018,with_rag,8.509527206420898,10.67578125,1797,157,NVIDIA A100-SXM4-40GB
XHToken/Spark-X2.5-4B,SPARK 4B,BF16,clinical_astra_b03_019,with_rag,8.443926334381104,10.67578125,1709,211,NVIDIA A100-SXM4-40GB
XHToken/Spark-X2.5-4B,SPARK 4B,BF16,clinical_astra_b03_019,no_rag,7.732828617095947,10.67578125,200,222,NVIDIA A100-SXM4-40GB
XHToken/Spark-X2.5-4B,SPARK 4B,BF16,clinical_astra_b03_020,no_rag,7.714923858642578,10.67578125,199,94,NVIDIA A100-SXM4-40GB
XHToken/Spark-X2.5-4B,SPARK 4B,BF16,clinical_astra_b03_020,with_rag,8.305905818939209,10.67578125,1503,160,NVIDIA A100-SXM4-40GB
XHToken/Spark-X2.5-4B,SPARK 4B,BF16,clinical_astra_b04_002,with_rag,8.478105068206787,10.67578125,1754,134,NVIDIA A100-SXM4-40GB
XHToken/Spark-X2.5-4B,SPARK 4B,BF16,clinical_astra_b04_002,no_rag,7.720677852630615,10.67578125,208,139,NVIDIA A100-SXM4-40GB
XHToken/Spark-X2.5-4B,SPARK 4B,BF16,clinical_astra_b04_003,no_rag,7.731522560119629,10.67578125,194,219,NVIDIA A100-SXM4-40GB
XHToken/Spark-X2.5-4B,SPARK 4B,BF16,clinical_astra_b04_003,with_rag,8.717584133148193,10.67578125,2065,167,NVIDIA A100-SXM4-40GB
XHToken/Spark-X2.5-4B,SPARK 4B,BF16,clinical_astra_b04_004,with_rag,8.374448299407959,10.67578125,1607,114,NVIDIA A100-SXM4-40GB
XHToken/Spark-X2.5-4B,SPARK 4B,BF16,clinical_astra_b04_004,no_rag,7.715176105499268,10.67578125,184,127,NVIDIA A100-SXM4-40GB
XHToken/Spark-X2.5-4B,SPARK 4B,BF16,clinical_astra_b04_005,no_rag,7.730796813964844,10.67578125,197,211,NVIDIA A100-SXM4-40GB
XHToken/Spark-X2.5-4B,SPARK 4B,BF16,clinical_astra_b04_005,with_rag,8.510966300964355,10.67578125,1799,181,NVIDIA A100-SXM4-40GB
XHToken/Spark-X2.5-4B,SPARK 4B,BF16,clinical_astra_b04_006,with_rag,8.481420993804932,10.67578125,1759,194,NVIDIA A100-SXM4-40GB
XHToken/Spark-X2.5-4B,SPARK 4B,BF16,clinical_astra_b04_006,no_rag,7.72251033782959,10.67578125,195,164,NVIDIA A100-SXM4-40GB
XHToken/Spark-X2.5-4B,SPARK 4B,BF16,clinical_astra_b04_007,no_rag,7.716399192810059,10.67578125,198,121,NVIDIA A100-SXM4-40GB
XHToken/Spark-X2.5-4B,SPARK 4B,BF16,clinical_astra_b04_007,with_rag,8.358353614807129,10.67578125,1584,160,NVIDIA A100-SXM4-40GB
XHToken/Spark-X2.5-4B,SPARK 4B,BF16,clinical_astra_b04_008,with_rag,8.385042190551758,10.67578125,1621,250,NVIDIA A100-SXM4-40GB
XHToken/Spark-X2.5-4B,SPARK 4B,BF16,clinical_astra_b04_008,no_rag,7.725565433502197,10.67578125,199,180,NVIDIA A100-SXM4-40GB
XHToken/Spark-X2.5-4B,SPARK 4B,BF16,clinical_astra_b04_009,no_rag,7.717316150665283,10.67578125,181,144,NVIDIA A100-SXM4-40GB
XHToken/Spark-X2.5-4B,SPARK 4B,BF16,clinical_astra_b04_009,with_rag,8.606282711029053,10.67578125,1926,152,NVIDIA A100-SXM4-40GB
XHToken/Spark-X2.5-4B,SPARK 4B,BF16,clinical_astra_b04_010,with_rag,8.316235065460205,10.67578125,1521,180,NVIDIA A100-SXM4-40GB
XHToken/Spark-X2.5-4B,SPARK 4B,BF16,clinical_astra_b04_010,no_rag,7.715787410736084,10.67578125,190,125,NVIDIA A100-SXM4-40GB
XHToken/Spark-X2.5-4B,SPARK 4B,BF16,clinical_astra_b04_011,no_rag,7.715176105499268,10.67578125,178,133,NVIDIA A100-SXM4-40GB
XHToken/Spark-X2.5-4B,SPARK 4B,BF16,clinical_astra_b04_011,with_rag,8.632544040679932,10.67578125,1958,146,NVIDIA A100-SXM4-40GB
XHToken/Spark-X2.5-4B,SPARK 4B,BF16,clinical_astra_b04_012,with_rag,8.49332571029663,10.67578125,1776,148,NVIDIA A100-SXM4-40GB
XHToken/Spark-X2.5-4B,SPARK 4B,BF16,clinical_astra_b04_012,no_rag,7.716245174407959,10.67578125,180,138,NVIDIA A100-SXM4-40GB
XHToken/Spark-X2.5-4B,SPARK 4B,BF16,clinical_astra_b04_013,no_rag,7.714718341827393,10.67578125,180,128,NVIDIA A100-SXM4-40GB
XHToken/Spark-X2.5-4B,SPARK 4B,BF16,clinical_astra_b04_013,with_rag,8.6436128616333,10.67578125,1972,119,NVIDIA A100-SXM4-40GB
XHToken/Spark-X2.5-4B,SPARK 4B,BF16,clinical_astra_b04_014,with_rag,8.369183540344238,10.67578125,1599,133,NVIDIA A100-SXM4-40GB
XHToken/Spark-X2.5-4B,SPARK 4B,BF16,clinical_astra_b04_014,no_rag,7.722662925720215,10.67578125,195,165,NVIDIA A100-SXM4-40GB
XHToken/Spark-X2.5-4B,SPARK 4B,BF16,clinical_astra_b04_015,no_rag,7.713953971862793,10.67578125,182,121,NVIDIA A100-SXM4-40GB
XHToken/Spark-X2.5-4B,SPARK 4B,BF16,clinical_astra_b04_015,with_rag,8.54219913482666,10.67578125,1842,194,NVIDIA A100-SXM4-40GB
XHToken/Spark-X2.5-4B,SPARK 4B,BF16,clinical_astra_b04_016,with_rag,8.471738338470459,10.67578125,1746,172,NVIDIA A100-SXM4-40GB
XHToken/Spark-X2.5-4B,SPARK 4B,BF16,clinical_astra_b04_016,no_rag,7.714601516723633,10.67578125,202,103,NVIDIA A100-SXM4-40GB
XHToken/Spark-X2.5-4B,SPARK 4B,BF16,clinical_astra_b04_017,no_rag,7.713191032409668,10.67578125,179,119,NVIDIA A100-SXM4-40GB
XHToken/Spark-X2.5-4B,SPARK 4B,BF16,clinical_astra_b04_017,with_rag,8.505928993225098,10.67578125,1792,197,NVIDIA A100-SXM4-40GB
XHToken/Spark-X2.5-4B,SPARK 4B,BF16,clinical_astra_b04_018,with_rag,8.425517559051514,10.67578125,1679,157,NVIDIA A100-SXM4-40GB
XHToken/Spark-X2.5-4B,SPARK 4B,BF16,clinical_astra_b04_018,no_rag,7.727456092834473,10.67578125,191,194,NVIDIA A100-SXM4-40GB
XHToken/Spark-X2.5-4B,SPARK 4B,BF16,clinical_astra_b04_019,no_rag,7.713343620300293,10.67578125,186,113,NVIDIA A100-SXM4-40GB
XHToken/Spark-X2.5-4B,SPARK 4B,BF16,clinical_astra_b04_019,with_rag,8.34816837310791,10.67578125,1566,137,NVIDIA A100-SXM4-40GB
XHToken/Spark-X2.5-4B,SPARK 4B,BF16,clinical_astra_b04_020,with_rag,8.31825065612793,10.67578125,1523,294,NVIDIA A100-SXM4-40GB
XHToken/Spark-X2.5-4B,SPARK 4B,BF16,clinical_astra_b04_020,no_rag,7.713191032409668,10.67578125,192,106,NVIDIA A100-SXM4-40GB
XHToken/Spark-X2.5-4B,SPARK 4B,BF16,clinical_astra_b05_002,no_rag,7.719608783721924,10.67578125,206,134,NVIDIA A100-SXM4-40GB
XHToken/Spark-X2.5-4B,SPARK 4B,BF16,clinical_astra_b05_002,with_rag,8.434769630432129,10.67578125,1693,157,NVIDIA A100-SXM4-40GB
XHToken/Spark-X2.5-4B,SPARK 4B,BF16,clinical_astra_b05_003,with_rag,8.55918025970459,10.67578125,1859,180,NVIDIA A100-SXM4-40GB
XHToken/Spark-X2.5-4B,SPARK 4B,BF16,clinical_astra_b05_003,no_rag,7.734279155731201,10.67578125,201,231,NVIDIA A100-SXM4-40GB
XHToken/Spark-X2.5-4B,SPARK 4B,BF16,clinical_astra_b05_004,no_rag,7.723577976226807,10.67578125,175,191,NVIDIA A100-SXM4-40GB
XHToken/Spark-X2.5-4B,SPARK 4B,BF16,clinical_astra_b05_004,with_rag,8.4918794631958,10.67578125,1774,227,NVIDIA A100-SXM4-40GB
XHToken/Spark-X2.5-4B,SPARK 4B,BF16,clinical_astra_b05_005,with_rag,8.743751049041748,10.67578125,2096,251,NVIDIA A100-SXM4-40GB
XHToken/Spark-X2.5-4B,SPARK 4B,BF16,clinical_astra_b05_005,no_rag,7.720065116882324,10.67578125,189,154,NVIDIA A100-SXM4-40GB
XHToken/Spark-X2.5-4B,SPARK 4B,BF16,clinical_astra_b05_006,no_rag,7.713801383972168,10.67578125,173,129,NVIDIA A100-SXM4-40GB
XHToken/Spark-X2.5-4B,SPARK 4B,BF16,clinical_astra_b05_006,with_rag,8.631813049316406,10.67578125,1957,226,NVIDIA A100-SXM4-40GB
XHToken/Spark-X2.5-4B,SPARK 4B,BF16,clinical_astra_b05_007,with_rag,8.430954456329346,10.67578125,1688,115,NVIDIA A100-SXM4-40GB
XHToken/Spark-X2.5-4B,SPARK 4B,BF16,clinical_astra_b05_007,no_rag,7.718995571136475,10.67578125,177,159,NVIDIA A100-SXM4-40GB
XHToken/Spark-X2.5-4B,SPARK 4B,BF16,clinical_astra_b05_008,no_rag,7.724191188812256,10.67578125,205,165,NVIDIA A100-SXM4-40GB
XHToken/Spark-X2.5-4B,SPARK 4B,BF16,clinical_astra_b05_008,with_rag,8.322207927703857,10.67578125,1532,194,NVIDIA A100-SXM4-40GB
XHToken/Spark-X2.5-4B,SPARK 4B,BF16,clinical_astra_b05_009,with_rag,8.499858856201172,10.67578125,1785,180,NVIDIA A100-SXM4-40GB
XHToken/Spark-X2.5-4B,SPARK 4B,BF16,clinical_astra_b05_009,no_rag,7.722969055175781,10.67578125,199,163,NVIDIA A100-SXM4-40GB
XHToken/Spark-X2.5-4B,SPARK 4B,BF16,clinical_astra_b05_010,no_rag,7.730072021484375,10.67578125,220,183,NVIDIA A100-SXM4-40GB
XHToken/Spark-X2.5-4B,SPARK 4B,BF16,clinical_astra_b05_010,with_rag,8.429140567779541,10.67578125,1685,261,NVIDIA A100-SXM4-40GB
XHToken/Spark-X2.5-4B,SPARK 4B,BF16,clinical_astra_b05_011,with_rag,8.639146327972412,10.67578125,1967,185,NVIDIA A100-SXM4-40GB
XHToken/Spark-X2.5-4B,SPARK 4B,BF16,clinical_astra_b05_011,no_rag,7.722662925720215,10.67578125,197,163,NVIDIA A100-SXM4-40GB
XHToken/Spark-X2.5-4B,SPARK 4B,BF16,clinical_astra_b05_012,no_rag,7.734134197235107,10.67578125,198,233,NVIDIA A100-SXM4-40GB
XHToken/Spark-X2.5-4B,SPARK 4B,BF16,clinical_astra_b05_012,with_rag,8.60100507736206,10.67578125,1919,324,NVIDIA A100-SXM4-40GB
XHToken/Spark-X2.5-4B,SPARK 4B,BF16,clinical_astra_b05_013,with_rag,8.499130249023438,10.67578125,1784,198,NVIDIA A100-SXM4-40GB
XHToken/Spark-X2.5-4B,SPARK 4B,BF16,clinical_astra_b05_013,no_rag,7.728328704833984,10.67578125,191,200,NVIDIA A100-SXM4-40GB
XHToken/Spark-X2.5-4B,SPARK 4B,BF16,clinical_astra_b05_014,no_rag,7.711815357208252,10.67578125,178,111,NVIDIA A100-SXM4-40GB
XHToken/Spark-X2.5-4B,SPARK 4B,BF16,clinical_astra_b05_014,with_rag,8.385042190551758,10.67578125,1621,138,NVIDIA A100-SXM4-40GB
XHToken/Spark-X2.5-4B,SPARK 4B,BF16,clinical_astra_b05_015,with_rag,8.374915599822998,10.67578125,1608,208,NVIDIA A100-SXM4-40GB
XHToken/Spark-X2.5-4B,SPARK 4B,BF16,clinical_astra_b05_015,no_rag,7.711969375610352,10.67578125,176,114,NVIDIA A100-SXM4-40GB
XHToken/Spark-X2.5-4B,SPARK 4B,BF16,clinical_astra_b05_016,no_rag,7.712274551391602,10.67578125,168,124,NVIDIA A100-SXM4-40GB
XHToken/Spark-X2.5-4B,SPARK 4B,BF16,clinical_astra_b05_016,with_rag,8.462992191314697,10.67578125,1736,153,NVIDIA A100-SXM4-40GB
XHToken/Spark-X2.5-4B,SPARK 4B,BF16,clinical_astra_b05_017,with_rag,8.42323637008667,10.67578125,1674,142,NVIDIA A100-SXM4-40GB
XHToken/Spark-X2.5-4B,SPARK 4B,BF16,clinical_astra_b05_017,no_rag,7.72113561630249,10.67578125,201,149,NVIDIA A100-SXM4-40GB
XHToken/Spark-X2.5-4B,SPARK 4B,BF16,clinical_astra_b05_018,no_rag,7.716245174407959,10.67578125,181,137,NVIDIA A100-SXM4-40GB
XHToken/Spark-X2.5-4B,SPARK 4B,BF16,clinical_astra_b05_018,with_rag,8.342621326446533,10.67578125,1561,155,NVIDIA A100-SXM4-40GB
XHToken/Spark-X2.5-4B,SPARK 4B,BF16,clinical_astra_b05_019,with_rag,8.675535678863525,10.67578125,2012,143,NVIDIA A100-SXM4-40GB
XHToken/Spark-X2.5-4B,SPARK 4B,BF16,clinical_astra_b05_019,no_rag,7.7099833488464355,10.67578125,176,101,NVIDIA A100-SXM4-40GB
XHToken/Spark-X2.5-4B,SPARK 4B,BF16,clinical_astra_b05_020,no_rag,7.718997001647949,10.67578125,199,137,NVIDIA A100-SXM4-40GB
XHToken/Spark-X2.5-4B,SPARK 4B,BF16,clinical_astra_b05_020,with_rag,8.318682670593262,10.67578125,1524,123,NVIDIA A100-SXM4-40GB
XHToken/Spark-X2.5-4B,SPARK 4B,BF16,clinical_astra_b06_002,with_rag,8.814382553100586,10.67578125,2177,182,NVIDIA A100-SXM4-40GB
XHToken/Spark-X2.5-4B,SPARK 4B,BF16,clinical_astra_b06_002,no_rag,7.716859817504883,10.67578125,195,127,NVIDIA A100-SXM4-40GB
XHToken/Spark-X2.5-4B,SPARK 4B,BF16,clinical_astra_b06_003,no_rag,7.723730564117432,10.67578125,192,175,NVIDIA A100-SXM4-40GB
XHToken/Spark-X2.5-4B,SPARK 4B,BF16,clinical_astra_b06_003,with_rag,8.368759155273438,10.67578125,1598,257,NVIDIA A100-SXM4-40GB
XHToken/Spark-X2.5-4B,SPARK 4B,BF16,clinical_astra_b06_004,with_rag,8.390217304229736,10.67578125,1629,171,NVIDIA A100-SXM4-40GB
XHToken/Spark-X2.5-4B,SPARK 4B,BF16,clinical_astra_b06_004,no_rag,7.722357749938965,10.67578125,202,156,NVIDIA A100-SXM4-40GB
XHToken/Spark-X2.5-4B,SPARK 4B,BF16,clinical_astra_b06_005,no_rag,7.717926502227783,10.67578125,188,141,NVIDIA A100-SXM4-40GB
XHToken/Spark-X2.5-4B,SPARK 4B,BF16,clinical_astra_b06_005,with_rag,8.478105068206787,10.67578125,1754,182,NVIDIA A100-SXM4-40GB
XHToken/Spark-X2.5-4B,SPARK 4B,BF16,clinical_astra_b06_006,with_rag,8.439178466796875,10.67578125,1701,262,NVIDIA A100-SXM4-40GB
XHToken/Spark-X2.5-4B,SPARK 4B,BF16,clinical_astra_b06_006,no_rag,7.72113561630249,10.67578125,195,155,NVIDIA A100-SXM4-40GB
XHToken/Spark-X2.5-4B,SPARK 4B,BF16,clinical_astra_b06_007,no_rag,7.74545431137085,10.67578125,210,299,NVIDIA A100-SXM4-40GB
XHToken/Spark-X2.5-4B,SPARK 4B,BF16,clinical_astra_b06_007,with_rag,8.490431785583496,10.67578125,1772,322,NVIDIA A100-SXM4-40GB
XHToken/Spark-X2.5-4B,SPARK 4B,BF16,clinical_astra_b06_008,with_rag,8.579229831695557,10.67578125,1887,211,NVIDIA A100-SXM4-40GB
XHToken/Spark-X2.5-4B,SPARK 4B,BF16,clinical_astra_b06_008,no_rag,7.718081474304199,10.67578125,197,133,NVIDIA A100-SXM4-40GB
XHToken/Spark-X2.5-4B,SPARK 4B,BF16,clinical_astra_b06_009,no_rag,7.718997001647949,10.67578125,197,139,NVIDIA A100-SXM4-40GB
XHToken/Spark-X2.5-4B,SPARK 4B,BF16,clinical_astra_b06_009,with_rag,8.429744720458984,10.67578125,1686,174,NVIDIA A100-SXM4-40GB
XHToken/Spark-X2.5-4B,SPARK 4B,BF16,clinical_astra_b06_010,with_rag,8.670629024505615,10.67578125,2006,140,NVIDIA A100-SXM4-40GB
XHToken/Spark-X2.5-4B,SPARK 4B,BF16,clinical_astra_b06_010,no_rag,7.714719772338867,10.67578125,194,114,NVIDIA A100-SXM4-40GB
XHToken/Spark-X2.5-4B,SPARK 4B,BF16,clinical_astra_b06_011,no_rag,7.72144079208374,10.67578125,213,139,NVIDIA A100-SXM4-40GB
XHToken/Spark-X2.5-4B,SPARK 4B,BF16,clinical_astra_b06_011,with_rag,8.499130249023438,10.67578125,1784,163,NVIDIA A100-SXM4-40GB
XHToken/Spark-X2.5-4B,SPARK 4B,BF16,clinical_astra_b06_012,with_rag,8.4544095993042,10.67578125,1724,184,NVIDIA A100-SXM4-40GB
XHToken/Spark-X2.5-4B,SPARK 4B,BF16,clinical_astra_b06_012,no_rag,7.737618446350098,10.67578125,209,246,NVIDIA A100-SXM4-40GB
XHToken/Spark-X2.5-4B,SPARK 4B,BF16,clinical_astra_b06_013,no_rag,7.718539237976074,10.67578125,198,135,NVIDIA A100-SXM4-40GB
XHToken/Spark-X2.5-4B,SPARK 4B,BF16,clinical_astra_b06_013,with_rag,8.303428649902344,10.67578125,1496,188,NVIDIA A100-SXM4-40GB
XHToken/Spark-X2.5-4B,SPARK 4B,BF16,clinical_astra_b06_014,with_rag,8.876089572906494,10.67578125,2249,179,NVIDIA A100-SXM4-40GB
XHToken/Spark-X2.5-4B,SPARK 4B,BF16,clinical_astra_b06_014,no_rag,7.725257873535156,10.67578125,187,190,NVIDIA A100-SXM4-40GB
XHToken/Spark-X2.5-4B,SPARK 4B,BF16,clinical_astra_b06_015,no_rag,7.715634822845459,10.67578125,191,123,NVIDIA A100-SXM4-40GB
XHToken/Spark-X2.5-4B,SPARK 4B,BF16,clinical_astra_b06_015,with_rag,8.380780696868896,10.67578125,1616,153,NVIDIA A100-SXM4-40GB
XHToken/Spark-X2.5-4B,SPARK 4B,BF16,clinical_astra_b06_016,with_rag,8.579867362976074,10.67578125,1888,168,NVIDIA A100-SXM4-40GB
XHToken/Spark-X2.5-4B,SPARK 4B,BF16,clinical_astra_b06_016,no_rag,7.714567184448242,10.67578125,201,106,NVIDIA A100-SXM4-40GB
XHToken/Spark-X2.5-4B,SPARK 4B,BF16,clinical_astra_b06_017,no_rag,7.724191188812256,10.67578125,208,162,NVIDIA A100-SXM4-40GB
XHToken/Spark-X2.5-4B,SPARK 4B,BF16,clinical_astra_b06_017,with_rag,8.366641521453857,10.67578125,1593,222,NVIDIA A100-SXM4-40GB
XHToken/Spark-X2.5-4B,SPARK 4B,BF16,clinical_astra_b06_018,with_rag,8.34327507019043,10.67578125,1562,163,NVIDIA A100-SXM4-40GB
XHToken/Spark-X2.5-4B,SPARK 4B,BF16,clinical_astra_b06_018,no_rag,7.717927932739258,10.67578125,195,134,NVIDIA A100-SXM4-40GB
XHToken/Spark-X2.5-4B,SPARK 4B,BF16,clinical_astra_b06_019,no_rag,7.721134185791016,10.67578125,188,162,NVIDIA A100-SXM4-40GB
XHToken/Spark-X2.5-4B,SPARK 4B,BF16,clinical_astra_b06_019,with_rag,8.602470874786377,10.67578125,1921,173,NVIDIA A100-SXM4-40GB
XHToken/Spark-X2.5-4B,SPARK 4B,BF16,clinical_astra_b06_020,with_rag,8.686397552490234,10.67578125,2026,202,NVIDIA A100-SXM4-40GB
XHToken/Spark-X2.5-4B,SPARK 4B,BF16,clinical_astra_b06_020,no_rag,7.720066547393799,10.67578125,194,149,NVIDIA A100-SXM4-40GB
meta-llama/Llama-3.1-8B-Instruct,Llama 3.1 8B,NF4,clinical_astra_b01_001,no_rag,5.484480857849121,5.62109375,214,157,NVIDIA A100-SXM4-40GB
meta-llama/Llama-3.1-8B-Instruct,Llama 3.1 8B,NF4,clinical_astra_b01_001,with_rag,5.791567802429199,5.94921875,1701,104,NVIDIA A100-SXM4-40GB
meta-llama/Llama-3.1-8B-Instruct,Llama 3.1 8B,NF4,clinical_astra_b02_001,with_rag,5.801953315734863,5.94921875,1749,68,NVIDIA A100-SXM4-40GB
meta-llama/Llama-3.1-8B-Instruct,Llama 3.1 8B,NF4,clinical_astra_b02_001,no_rag,5.47855281829834,5.94921875,185,86,NVIDIA A100-SXM4-40GB
meta-llama/Llama-3.1-8B-Instruct,Llama 3.1 8B,NF4,clinical_astra_b03_001,no_rag,5.479256629943848,5.94921875,189,101,NVIDIA A100-SXM4-40GB
meta-llama/Llama-3.1-8B-Instruct,Llama 3.1 8B,NF4,clinical_astra_b03_001,with_rag,5.7314348220825195,5.94921875,1413,114,NVIDIA A100-SXM4-40GB
meta-llama/Llama-3.1-8B-Instruct,Llama 3.1 8B,NF4,clinical_astra_b04_001,with_rag,5.748047828674316,5.94921875,1490,107,NVIDIA A100-SXM4-40GB
meta-llama/Llama-3.1-8B-Instruct,Llama 3.1 8B,NF4,clinical_astra_b04_001,no_rag,5.482760429382324,5.94921875,205,133,NVIDIA A100-SXM4-40GB
meta-llama/Llama-3.1-8B-Instruct,Llama 3.1 8B,NF4,clinical_astra_b05_001,no_rag,5.485245704650879,5.94921875,218,148,NVIDIA A100-SXM4-40GB
meta-llama/Llama-3.1-8B-Instruct,Llama 3.1 8B,NF4,clinical_astra_b05_001,with_rag,5.818973541259766,5.94921875,1804,159,NVIDIA A100-SXM4-40GB
meta-llama/Llama-3.1-8B-Instruct,Llama 3.1 8B,NF4,clinical_astra_b06_001,with_rag,5.7893171310424805,5.94921875,1689,131,NVIDIA A100-SXM4-40GB
meta-llama/Llama-3.1-8B-Instruct,Llama 3.1 8B,NF4,clinical_astra_b06_001,no_rag,5.482760429382324,5.94921875,205,118,NVIDIA A100-SXM4-40GB
meta-llama/Llama-3.1-8B-Instruct,Llama 3.1 8B,NF4,clinical_astra_b01_002,no_rag,5.487412452697754,5.94921875,225,128,NVIDIA A100-SXM4-40GB
meta-llama/Llama-3.1-8B-Instruct,Llama 3.1 8B,NF4,clinical_astra_b01_002,with_rag,5.765174865722656,5.94921875,1572,160,NVIDIA A100-SXM4-40GB
meta-llama/Llama-3.1-8B-Instruct,Llama 3.1 8B,NF4,clinical_astra_b01_003,with_rag,5.77397346496582,5.94921875,1615,118,NVIDIA A100-SXM4-40GB
meta-llama/Llama-3.1-8B-Instruct,Llama 3.1 8B,NF4,clinical_astra_b01_003,no_rag,5.480465888977051,5.94921875,193,96,NVIDIA A100-SXM4-40GB
meta-llama/Llama-3.1-8B-Instruct,Llama 3.1 8B,NF4,clinical_astra_b01_004,no_rag,5.487083435058594,5.94921875,223,119,NVIDIA A100-SXM4-40GB
meta-llama/Llama-3.1-8B-Instruct,Llama 3.1 8B,NF4,clinical_astra_b01_004,with_rag,5.779087066650391,5.94921875,1640,102,NVIDIA A100-SXM4-40GB
meta-llama/Llama-3.1-8B-Instruct,Llama 3.1 8B,NF4,clinical_astra_b01_005,with_rag,5.800877571105957,5.94921875,1738,189,NVIDIA A100-SXM4-40GB
meta-llama/Llama-3.1-8B-Instruct,Llama 3.1 8B,NF4,clinical_astra_b01_005,no_rag,5.486754417419434,5.94921875,221,150,NVIDIA A100-SXM4-40GB
meta-llama/Llama-3.1-8B-Instruct,Llama 3.1 8B,NF4,clinical_astra_b01_006,no_rag,5.484098434448242,5.94921875,212,134,NVIDIA A100-SXM4-40GB
meta-llama/Llama-3.1-8B-Instruct,Llama 3.1 8B,NF4,clinical_astra_b01_006,with_rag,5.763274192810059,5.94921875,1562,108,NVIDIA A100-SXM4-40GB
meta-llama/Llama-3.1-8B-Instruct,Llama 3.1 8B,NF4,clinical_astra_b01_007,with_rag,5.791158676147461,5.94921875,1699,122,NVIDIA A100-SXM4-40GB
meta-llama/Llama-3.1-8B-Instruct,Llama 3.1 8B,NF4,clinical_astra_b01_007,no_rag,5.489057540893555,5.94921875,235,142,NVIDIA A100-SXM4-40GB
meta-llama/Llama-3.1-8B-Instruct,Llama 3.1 8B,NF4,clinical_astra_b01_008,no_rag,5.483907699584961,5.94921875,211,104,NVIDIA A100-SXM4-40GB
meta-llama/Llama-3.1-8B-Instruct,Llama 3.1 8B,NF4,clinical_astra_b01_008,with_rag,5.748260498046875,5.94921875,1491,89,NVIDIA A100-SXM4-40GB
meta-llama/Llama-3.1-8B-Instruct,Llama 3.1 8B,NF4,clinical_astra_b01_009,with_rag,5.804370880126953,5.94921875,1760,151,NVIDIA A100-SXM4-40GB
meta-llama/Llama-3.1-8B-Instruct,Llama 3.1 8B,NF4,clinical_astra_b01_009,no_rag,5.48429012298584,5.94921875,213,153,NVIDIA A100-SXM4-40GB
meta-llama/Llama-3.1-8B-Instruct,Llama 3.1 8B,NF4,clinical_astra_b01_010,no_rag,5.485245704650879,5.94921875,218,100,NVIDIA A100-SXM4-40GB
meta-llama/Llama-3.1-8B-Instruct,Llama 3.1 8B,NF4,clinical_astra_b01_010,with_rag,5.752799987792969,5.94921875,1515,97,NVIDIA A100-SXM4-40GB
meta-llama/Llama-3.1-8B-Instruct,Llama 3.1 8B,NF4,clinical_astra_b01_011,with_rag,5.874027252197266,6.119140625,2091,169,NVIDIA A100-SXM4-40GB
meta-llama/Llama-3.1-8B-Instruct,Llama 3.1 8B,NF4,clinical_astra_b01_011,no_rag,5.485054969787598,6.119140625,217,176,NVIDIA A100-SXM4-40GB
meta-llama/Llama-3.1-8B-Instruct,Llama 3.1 8B,NF4,clinical_astra_b01_012,no_rag,5.483716011047363,6.119140625,210,146,NVIDIA A100-SXM4-40GB
meta-llama/Llama-3.1-8B-Instruct,Llama 3.1 8B,NF4,clinical_astra_b01_012,with_rag,5.75532341003418,6.119140625,1508,94,NVIDIA A100-SXM4-40GB
meta-llama/Llama-3.1-8B-Instruct,Llama 3.1 8B,NF4,clinical_astra_b01_013,with_rag,5.758867263793945,6.119140625,1532,108,NVIDIA A100-SXM4-40GB
meta-llama/Llama-3.1-8B-Instruct,Llama 3.1 8B,NF4,clinical_astra_b01_013,no_rag,5.48486328125,6.119140625,216,89,NVIDIA A100-SXM4-40GB
meta-llama/Llama-3.1-8B-Instruct,Llama 3.1 8B,NF4,clinical_astra_b01_014,no_rag,5.481039047241211,6.119140625,196,122,NVIDIA A100-SXM4-40GB
meta-llama/Llama-3.1-8B-Instruct,Llama 3.1 8B,NF4,clinical_astra_b01_014,with_rag,5.744592666625977,6.119140625,1472,188,NVIDIA A100-SXM4-40GB
meta-llama/Llama-3.1-8B-Instruct,Llama 3.1 8B,NF4,clinical_astra_b01_015,with_rag,5.792433738708496,6.119140625,1705,149,NVIDIA A100-SXM4-40GB
meta-llama/Llama-3.1-8B-Instruct,Llama 3.1 8B,NF4,clinical_astra_b01_015,no_rag,5.481803894042969,6.119140625,200,105,NVIDIA A100-SXM4-40GB
meta-llama/Llama-3.1-8B-Instruct,Llama 3.1 8B,NF4,clinical_astra_b01_016,no_rag,5.48142147064209,6.119140625,198,119,NVIDIA A100-SXM4-40GB
meta-llama/Llama-3.1-8B-Instruct,Llama 3.1 8B,NF4,clinical_astra_b01_016,with_rag,5.787230491638184,6.119140625,1673,120,NVIDIA A100-SXM4-40GB
meta-llama/Llama-3.1-8B-Instruct,Llama 3.1 8B,NF4,clinical_astra_b01_017,with_rag,5.779789924621582,6.119140625,1637,126,NVIDIA A100-SXM4-40GB
meta-llama/Llama-3.1-8B-Instruct,Llama 3.1 8B,NF4,clinical_astra_b01_017,no_rag,5.484098434448242,6.119140625,212,146,NVIDIA A100-SXM4-40GB
meta-llama/Llama-3.1-8B-Instruct,Llama 3.1 8B,NF4,clinical_astra_b01_018,no_rag,5.481230735778809,6.119140625,197,121,NVIDIA A100-SXM4-40GB
meta-llama/Llama-3.1-8B-Instruct,Llama 3.1 8B,NF4,clinical_astra_b01_018,with_rag,5.748224258422852,6.119140625,1484,105,NVIDIA A100-SXM4-40GB
meta-llama/Llama-3.1-8B-Instruct,Llama 3.1 8B,NF4,clinical_astra_b01_019,with_rag,5.774177551269531,6.119140625,1616,191,NVIDIA A100-SXM4-40GB
meta-llama/Llama-3.1-8B-Instruct,Llama 3.1 8B,NF4,clinical_astra_b01_019,no_rag,5.482186317443848,6.119140625,202,222,NVIDIA A100-SXM4-40GB
meta-llama/Llama-3.1-8B-Instruct,Llama 3.1 8B,NF4,clinical_astra_b01_020,no_rag,5.482760429382324,6.12109375,205,1024,NVIDIA A100-SXM4-40GB
meta-llama/Llama-3.1-8B-Instruct,Llama 3.1 8B,NF4,clinical_astra_b01_020,with_rag,5.825492858886719,6.12109375,1844,117,NVIDIA A100-SXM4-40GB
meta-llama/Llama-3.1-8B-Instruct,Llama 3.1 8B,NF4,clinical_astra_b02_002,with_rag,5.767900466918945,6.12109375,1576,115,NVIDIA A100-SXM4-40GB
meta-llama/Llama-3.1-8B-Instruct,Llama 3.1 8B,NF4,clinical_astra_b02_002,no_rag,5.478200912475586,6.12109375,183,97,NVIDIA A100-SXM4-40GB
meta-llama/Llama-3.1-8B-Instruct,Llama 3.1 8B,NF4,clinical_astra_b02_003,no_rag,5.4790802001953125,6.12109375,188,118,NVIDIA A100-SXM4-40GB
meta-llama/Llama-3.1-8B-Instruct,Llama 3.1 8B,NF4,clinical_astra_b02_003,with_rag,5.779687881469727,6.12109375,1636,103,NVIDIA A100-SXM4-40GB
meta-llama/Llama-3.1-8B-Instruct,Llama 3.1 8B,NF4,clinical_astra_b02_004,with_rag,5.82612419128418,6.12109375,1851,114,NVIDIA A100-SXM4-40GB
meta-llama/Llama-3.1-8B-Instruct,Llama 3.1 8B,NF4,clinical_astra_b02_004,no_rag,5.478200912475586,6.12109375,183,115,NVIDIA A100-SXM4-40GB
meta-llama/Llama-3.1-8B-Instruct,Llama 3.1 8B,NF4,clinical_astra_b02_005,no_rag,5.47855281829834,6.12109375,185,90,NVIDIA A100-SXM4-40GB
meta-llama/Llama-3.1-8B-Instruct,Llama 3.1 8B,NF4,clinical_astra_b02_005,with_rag,5.7727460861206055,6.12109375,1609,87,NVIDIA A100-SXM4-40GB
meta-llama/Llama-3.1-8B-Instruct,Llama 3.1 8B,NF4,clinical_astra_b02_006,with_rag,5.802411079406738,6.12109375,1754,105,NVIDIA A100-SXM4-40GB
meta-llama/Llama-3.1-8B-Instruct,Llama 3.1 8B,NF4,clinical_astra_b02_006,no_rag,5.478024482727051,6.12109375,182,93,NVIDIA A100-SXM4-40GB
meta-llama/Llama-3.1-8B-Instruct,Llama 3.1 8B,NF4,clinical_astra_b02_007,no_rag,5.47855281829834,6.12109375,185,184,NVIDIA A100-SXM4-40GB
meta-llama/Llama-3.1-8B-Instruct,Llama 3.1 8B,NF4,clinical_astra_b02_007,with_rag,5.790322303771973,6.12109375,1693,133,NVIDIA A100-SXM4-40GB
meta-llama/Llama-3.1-8B-Instruct,Llama 3.1 8B,NF4,clinical_astra_b02_008,with_rag,5.789098739624023,6.12109375,1683,104,NVIDIA A100-SXM4-40GB
meta-llama/Llama-3.1-8B-Instruct,Llama 3.1 8B,NF4,clinical_astra_b02_008,no_rag,5.47855281829834,6.12109375,185,72,NVIDIA A100-SXM4-40GB
meta-llama/Llama-3.1-8B-Instruct,Llama 3.1 8B,NF4,clinical_astra_b02_009,no_rag,5.480465888977051,6.123046875,193,1024,NVIDIA A100-SXM4-40GB
meta-llama/Llama-3.1-8B-Instruct,Llama 3.1 8B,NF4,clinical_astra_b02_009,with_rag,5.78029727935791,6.123046875,1642,150,NVIDIA A100-SXM4-40GB
meta-llama/Llama-3.1-8B-Instruct,Llama 3.1 8B,NF4,clinical_astra_b02_010,with_rag,5.7831573486328125,6.123046875,1659,104,NVIDIA A100-SXM4-40GB
meta-llama/Llama-3.1-8B-Instruct,Llama 3.1 8B,NF4,clinical_astra_b02_010,no_rag,5.481803894042969,6.123046875,200,150,NVIDIA A100-SXM4-40GB
meta-llama/Llama-3.1-8B-Instruct,Llama 3.1 8B,NF4,clinical_astra_b02_011,no_rag,5.479256629943848,6.123046875,189,91,NVIDIA A100-SXM4-40GB
meta-llama/Llama-3.1-8B-Instruct,Llama 3.1 8B,NF4,clinical_astra_b02_011,with_rag,5.739346504211426,6.123046875,1449,1024,NVIDIA A100-SXM4-40GB
meta-llama/Llama-3.1-8B-Instruct,Llama 3.1 8B,NF4,clinical_astra_b02_012,with_rag,5.742374420166016,6.123046875,1460,85,NVIDIA A100-SXM4-40GB
meta-llama/Llama-3.1-8B-Instruct,Llama 3.1 8B,NF4,clinical_astra_b02_012,no_rag,5.479608535766602,6.123046875,191,104,NVIDIA A100-SXM4-40GB
meta-llama/Llama-3.1-8B-Instruct,Llama 3.1 8B,NF4,clinical_astra_b02_013,no_rag,5.478904724121094,6.123046875,187,107,NVIDIA A100-SXM4-40GB
meta-llama/Llama-3.1-8B-Instruct,Llama 3.1 8B,NF4,clinical_astra_b02_013,with_rag,5.82334041595459,6.123046875,1826,96,NVIDIA A100-SXM4-40GB
meta-llama/Llama-3.1-8B-Instruct,Llama 3.1 8B,NF4,clinical_astra_b02_014,with_rag,5.785836219787598,6.123046875,1670,97,NVIDIA A100-SXM4-40GB
meta-llama/Llama-3.1-8B-Instruct,Llama 3.1 8B,NF4,clinical_astra_b02_014,no_rag,5.479608535766602,6.123046875,191,94,NVIDIA A100-SXM4-40GB
meta-llama/Llama-3.1-8B-Instruct,Llama 3.1 8B,NF4,clinical_astra_b02_015,no_rag,5.47978401184082,6.123046875,192,151,NVIDIA A100-SXM4-40GB
meta-llama/Llama-3.1-8B-Instruct,Llama 3.1 8B,NF4,clinical_astra_b02_015,with_rag,5.786123275756836,6.123046875,1672,107,NVIDIA A100-SXM4-40GB
meta-llama/Llama-3.1-8B-Instruct,Llama 3.1 8B,NF4,clinical_astra_b02_016,with_rag,5.768893241882324,6.123046875,1586,99,NVIDIA A100-SXM4-40GB
meta-llama/Llama-3.1-8B-Instruct,Llama 3.1 8B,NF4,clinical_astra_b02_016,no_rag,5.48142147064209,6.123046875,198,130,NVIDIA A100-SXM4-40GB
meta-llama/Llama-3.1-8B-Instruct,Llama 3.1 8B,NF4,clinical_astra_b02_017,no_rag,5.48142147064209,6.123046875,198,142,NVIDIA A100-SXM4-40GB
meta-llama/Llama-3.1-8B-Instruct,Llama 3.1 8B,NF4,clinical_astra_b02_017,with_rag,5.7475690841674805,6.123046875,1478,99,NVIDIA A100-SXM4-40GB
meta-llama/Llama-3.1-8B-Instruct,Llama 3.1 8B,NF4,clinical_astra_b02_018,with_rag,5.768238067626953,6.123046875,1580,112,NVIDIA A100-SXM4-40GB
meta-llama/Llama-3.1-8B-Instruct,Llama 3.1 8B,NF4,clinical_astra_b02_018,no_rag,5.480656623840332,6.123046875,194,125,NVIDIA A100-SXM4-40GB
meta-llama/Llama-3.1-8B-Instruct,Llama 3.1 8B,NF4,clinical_astra_b02_019,no_rag,5.478376388549805,6.123046875,184,111,NVIDIA A100-SXM4-40GB
meta-llama/Llama-3.1-8B-Instruct,Llama 3.1 8B,NF4,clinical_astra_b02_019,with_rag,5.758644104003906,6.123046875,1531,116,NVIDIA A100-SXM4-40GB
meta-llama/Llama-3.1-8B-Instruct,Llama 3.1 8B,NF4,clinical_astra_b02_020,with_rag,5.780094146728516,6.123046875,1640,124,NVIDIA A100-SXM4-40GB
meta-llama/Llama-3.1-8B-Instruct,Llama 3.1 8B,NF4,clinical_astra_b02_020,no_rag,5.482568740844727,6.123046875,204,120,NVIDIA A100-SXM4-40GB
meta-llama/Llama-3.1-8B-Instruct,Llama 3.1 8B,NF4,clinical_astra_b03_002,no_rag,5.483333587646484,6.123046875,208,149,NVIDIA A100-SXM4-40GB
meta-llama/Llama-3.1-8B-Instruct,Llama 3.1 8B,NF4,clinical_astra_b03_002,with_rag,5.769037246704102,6.123046875,1587,139,NVIDIA A100-SXM4-40GB
meta-llama/Llama-3.1-8B-Instruct,Llama 3.1 8B,NF4,clinical_astra_b03_003,with_rag,5.837699890136719,6.123046875,1888,236,NVIDIA A100-SXM4-40GB
meta-llama/Llama-3.1-8B-Instruct,Llama 3.1 8B,NF4,clinical_astra_b03_003,no_rag,5.488070487976074,6.123046875,229,155,NVIDIA A100-SXM4-40GB
meta-llama/Llama-3.1-8B-Instruct,Llama 3.1 8B,NF4,clinical_astra_b03_004,no_rag,5.482186317443848,6.123046875,202,153,NVIDIA A100-SXM4-40GB
meta-llama/Llama-3.1-8B-Instruct,Llama 3.1 8B,NF4,clinical_astra_b03_004,with_rag,5.785549163818359,6.123046875,1668,100,NVIDIA A100-SXM4-40GB
meta-llama/Llama-3.1-8B-Instruct,Llama 3.1 8B,NF4,clinical_astra_b03_005,with_rag,5.761873245239258,6.123046875,1544,132,NVIDIA A100-SXM4-40GB
meta-llama/Llama-3.1-8B-Instruct,Llama 3.1 8B,NF4,clinical_astra_b03_005,no_rag,5.485437393188477,6.123046875,219,246,NVIDIA A100-SXM4-40GB
meta-llama/Llama-3.1-8B-Instruct,Llama 3.1 8B,NF4,clinical_astra_b03_006,no_rag,5.481039047241211,6.123046875,196,142,NVIDIA A100-SXM4-40GB
meta-llama/Llama-3.1-8B-Instruct,Llama 3.1 8B,NF4,clinical_astra_b03_006,with_rag,5.763947486877441,6.123046875,1566,156,NVIDIA A100-SXM4-40GB
meta-llama/Llama-3.1-8B-Instruct,Llama 3.1 8B,NF4,clinical_astra_b03_007,with_rag,5.768491744995117,6.123046875,1583,136,NVIDIA A100-SXM4-40GB
meta-llama/Llama-3.1-8B-Instruct,Llama 3.1 8B,NF4,clinical_astra_b03_007,no_rag,5.484480857849121,6.123046875,214,135,NVIDIA A100-SXM4-40GB
meta-llama/Llama-3.1-8B-Instruct,Llama 3.1 8B,NF4,clinical_astra_b03_008,no_rag,5.4790802001953125,6.123046875,188,134,NVIDIA A100-SXM4-40GB
meta-llama/Llama-3.1-8B-Instruct,Llama 3.1 8B,NF4,clinical_astra_b03_008,with_rag,5.748075485229492,6.123046875,1476,136,NVIDIA A100-SXM4-40GB
meta-llama/Llama-3.1-8B-Instruct,Llama 3.1 8B,NF4,clinical_astra_b03_009,with_rag,5.727109909057617,6.123046875,1388,92,NVIDIA A100-SXM4-40GB
meta-llama/Llama-3.1-8B-Instruct,Llama 3.1 8B,NF4,clinical_astra_b03_009,no_rag,5.479256629943848,6.123046875,189,109,NVIDIA A100-SXM4-40GB
meta-llama/Llama-3.1-8B-Instruct,Llama 3.1 8B,NF4,clinical_astra_b03_010,no_rag,5.481230735778809,6.123046875,197,77,NVIDIA A100-SXM4-40GB
meta-llama/Llama-3.1-8B-Instruct,Llama 3.1 8B,NF4,clinical_astra_b03_010,with_rag,5.757525444030762,6.123046875,1526,127,NVIDIA A100-SXM4-40GB
meta-llama/Llama-3.1-8B-Instruct,Llama 3.1 8B,NF4,clinical_astra_b03_011,with_rag,5.771021842956543,6.123046875,1597,81,NVIDIA A100-SXM4-40GB
meta-llama/Llama-3.1-8B-Instruct,Llama 3.1 8B,NF4,clinical_astra_b03_011,no_rag,5.479608535766602,6.123046875,191,150,NVIDIA A100-SXM4-40GB
meta-llama/Llama-3.1-8B-Instruct,Llama 3.1 8B,NF4,clinical_astra_b03_012,no_rag,5.48084831237793,6.123046875,195,112,NVIDIA A100-SXM4-40GB
meta-llama/Llama-3.1-8B-Instruct,Llama 3.1 8B,NF4,clinical_astra_b03_012,with_rag,5.770691871643066,6.123046875,1593,104,NVIDIA A100-SXM4-40GB
meta-llama/Llama-3.1-8B-Instruct,Llama 3.1 8B,NF4,clinical_astra_b03_013,with_rag,5.770856857299805,6.123046875,1595,121,NVIDIA A100-SXM4-40GB
meta-llama/Llama-3.1-8B-Instruct,Llama 3.1 8B,NF4,clinical_astra_b03_013,no_rag,5.47978401184082,6.123046875,192,99,NVIDIA A100-SXM4-40GB
meta-llama/Llama-3.1-8B-Instruct,Llama 3.1 8B,NF4,clinical_astra_b03_014,no_rag,5.482186317443848,6.123046875,202,102,NVIDIA A100-SXM4-40GB
meta-llama/Llama-3.1-8B-Instruct,Llama 3.1 8B,NF4,clinical_astra_b03_014,with_rag,5.778875350952148,6.123046875,1628,93,NVIDIA A100-SXM4-40GB
meta-llama/Llama-3.1-8B-Instruct,Llama 3.1 8B,NF4,clinical_astra_b03_015,with_rag,5.780196189880371,6.123046875,1641,123,NVIDIA A100-SXM4-40GB
meta-llama/Llama-3.1-8B-Instruct,Llama 3.1 8B,NF4,clinical_astra_b03_015,no_rag,5.484672546386719,6.123046875,215,79,NVIDIA A100-SXM4-40GB
meta-llama/Llama-3.1-8B-Instruct,Llama 3.1 8B,NF4,clinical_astra_b03_016,no_rag,5.4829511642456055,6.123046875,206,93,NVIDIA A100-SXM4-40GB
meta-llama/Llama-3.1-8B-Instruct,Llama 3.1 8B,NF4,clinical_astra_b03_016,with_rag,5.7792816162109375,6.123046875,1632,118,NVIDIA A100-SXM4-40GB
meta-llama/Llama-3.1-8B-Instruct,Llama 3.1 8B,NF4,clinical_astra_b03_017,with_rag,5.801183700561523,6.123046875,1748,143,NVIDIA A100-SXM4-40GB
meta-llama/Llama-3.1-8B-Instruct,Llama 3.1 8B,NF4,clinical_astra_b03_017,no_rag,5.483142852783203,6.123046875,207,142,NVIDIA A100-SXM4-40GB
meta-llama/Llama-3.1-8B-Instruct,Llama 3.1 8B,NF4,clinical_astra_b03_018,no_rag,5.484098434448242,6.123046875,212,119,NVIDIA A100-SXM4-40GB
meta-llama/Llama-3.1-8B-Instruct,Llama 3.1 8B,NF4,clinical_astra_b03_018,with_rag,5.793740272521973,6.123046875,1710,147,NVIDIA A100-SXM4-40GB
meta-llama/Llama-3.1-8B-Instruct,Llama 3.1 8B,NF4,clinical_astra_b03_019,with_rag,5.778469085693359,6.123046875,1624,121,NVIDIA A100-SXM4-40GB
meta-llama/Llama-3.1-8B-Instruct,Llama 3.1 8B,NF4,clinical_astra_b03_019,no_rag,5.483525276184082,6.123046875,209,135,NVIDIA A100-SXM4-40GB
meta-llama/Llama-3.1-8B-Instruct,Llama 3.1 8B,NF4,clinical_astra_b03_020,no_rag,5.483333587646484,6.123046875,208,101,NVIDIA A100-SXM4-40GB
meta-llama/Llama-3.1-8B-Instruct,Llama 3.1 8B,NF4,clinical_astra_b03_020,with_rag,5.734738349914551,6.123046875,1429,104,NVIDIA A100-SXM4-40GB
meta-llama/Llama-3.1-8B-Instruct,Llama 3.1 8B,NF4,clinical_astra_b04_002,with_rag,5.78029727935791,6.123046875,1642,160,NVIDIA A100-SXM4-40GB
meta-llama/Llama-3.1-8B-Instruct,Llama 3.1 8B,NF4,clinical_astra_b04_002,no_rag,5.485054969787598,6.123046875,217,92,NVIDIA A100-SXM4-40GB
meta-llama/Llama-3.1-8B-Instruct,Llama 3.1 8B,NF4,clinical_astra_b04_003,no_rag,5.481995582580566,6.123046875,201,143,NVIDIA A100-SXM4-40GB
meta-llama/Llama-3.1-8B-Instruct,Llama 3.1 8B,NF4,clinical_astra_b04_003,with_rag,5.835865020751953,6.123046875,1880,136,NVIDIA A100-SXM4-40GB
meta-llama/Llama-3.1-8B-Instruct,Llama 3.1 8B,NF4,clinical_astra_b04_004,with_rag,5.7637434005737305,6.123046875,1565,96,NVIDIA A100-SXM4-40GB
meta-llama/Llama-3.1-8B-Instruct,Llama 3.1 8B,NF4,clinical_astra_b04_004,no_rag,5.481230735778809,6.123046875,197,97,NVIDIA A100-SXM4-40GB
meta-llama/Llama-3.1-8B-Instruct,Llama 3.1 8B,NF4,clinical_astra_b04_005,no_rag,5.482378005981445,6.123046875,203,173,NVIDIA A100-SXM4-40GB
meta-llama/Llama-3.1-8B-Instruct,Llama 3.1 8B,NF4,clinical_astra_b04_005,with_rag,5.783792495727539,6.123046875,1663,189,NVIDIA A100-SXM4-40GB
meta-llama/Llama-3.1-8B-Instruct,Llama 3.1 8B,NF4,clinical_astra_b04_006,with_rag,5.783444404602051,6.123046875,1661,190,NVIDIA A100-SXM4-40GB
meta-llama/Llama-3.1-8B-Instruct,Llama 3.1 8B,NF4,clinical_astra_b04_006,no_rag,5.482760429382324,6.123046875,205,164,NVIDIA A100-SXM4-40GB
meta-llama/Llama-3.1-8B-Instruct,Llama 3.1 8B,NF4,clinical_astra_b04_007,no_rag,5.4829511642456055,6.123046875,206,137,NVIDIA A100-SXM4-40GB
meta-llama/Llama-3.1-8B-Instruct,Llama 3.1 8B,NF4,clinical_astra_b04_007,with_rag,5.755239486694336,6.123046875,1507,128,NVIDIA A100-SXM4-40GB
meta-llama/Llama-3.1-8B-Instruct,Llama 3.1 8B,NF4,clinical_astra_b04_008,with_rag,5.768069267272949,6.123046875,1578,140,NVIDIA A100-SXM4-40GB
meta-llama/Llama-3.1-8B-Instruct,Llama 3.1 8B,NF4,clinical_astra_b04_008,no_rag,5.484672546386719,6.123046875,215,127,NVIDIA A100-SXM4-40GB
meta-llama/Llama-3.1-8B-Instruct,Llama 3.1 8B,NF4,clinical_astra_b04_009,no_rag,5.479432106018066,6.123046875,190,120,NVIDIA A100-SXM4-40GB
meta-llama/Llama-3.1-8B-Instruct,Llama 3.1 8B,NF4,clinical_astra_b04_009,with_rag,5.800260543823242,6.123046875,1735,125,NVIDIA A100-SXM4-40GB
meta-llama/Llama-3.1-8B-Instruct,Llama 3.1 8B,NF4,clinical_astra_b04_010,with_rag,5.736403465270996,6.123046875,1434,89,NVIDIA A100-SXM4-40GB
meta-llama/Llama-3.1-8B-Instruct,Llama 3.1 8B,NF4,clinical_astra_b04_010,no_rag,5.481230735778809,6.123046875,197,124,NVIDIA A100-SXM4-40GB
meta-llama/Llama-3.1-8B-Instruct,Llama 3.1 8B,NF4,clinical_astra_b04_011,no_rag,5.479256629943848,6.123046875,189,74,NVIDIA A100-SXM4-40GB
meta-llama/Llama-3.1-8B-Instruct,Llama 3.1 8B,NF4,clinical_astra_b04_011,with_rag,5.8234663009643555,6.123046875,1834,100,NVIDIA A100-SXM4-40GB
meta-llama/Llama-3.1-8B-Instruct,Llama 3.1 8B,NF4,clinical_astra_b04_012,with_rag,5.791905403137207,6.123046875,1702,122,NVIDIA A100-SXM4-40GB
meta-llama/Llama-3.1-8B-Instruct,Llama 3.1 8B,NF4,clinical_astra_b04_012,no_rag,5.478904724121094,6.123046875,187,139,NVIDIA A100-SXM4-40GB
meta-llama/Llama-3.1-8B-Instruct,Llama 3.1 8B,NF4,clinical_astra_b04_013,no_rag,5.4790802001953125,6.123046875,188,1024,NVIDIA A100-SXM4-40GB
meta-llama/Llama-3.1-8B-Instruct,Llama 3.1 8B,NF4,clinical_astra_b04_013,with_rag,5.82203483581543,6.123046875,1823,92,NVIDIA A100-SXM4-40GB
meta-llama/Llama-3.1-8B-Instruct,Llama 3.1 8B,NF4,clinical_astra_b04_014,with_rag,5.748543739318848,6.123046875,1489,125,NVIDIA A100-SXM4-40GB
meta-llama/Llama-3.1-8B-Instruct,Llama 3.1 8B,NF4,clinical_astra_b04_014,no_rag,5.482568740844727,6.123046875,204,206,NVIDIA A100-SXM4-40GB
meta-llama/Llama-3.1-8B-Instruct,Llama 3.1 8B,NF4,clinical_astra_b04_015,no_rag,5.47978401184082,6.123046875,192,137,NVIDIA A100-SXM4-40GB
meta-llama/Llama-3.1-8B-Instruct,Llama 3.1 8B,NF4,clinical_astra_b04_015,with_rag,5.798311233520508,6.123046875,1728,94,NVIDIA A100-SXM4-40GB
meta-llama/Llama-3.1-8B-Instruct,Llama 3.1 8B,NF4,clinical_astra_b04_016,with_rag,5.779687881469727,6.123046875,1636,89,NVIDIA A100-SXM4-40GB
meta-llama/Llama-3.1-8B-Instruct,Llama 3.1 8B,NF4,clinical_astra_b04_016,no_rag,5.484098434448242,6.123046875,212,98,NVIDIA A100-SXM4-40GB
meta-llama/Llama-3.1-8B-Instruct,Llama 3.1 8B,NF4,clinical_astra_b04_017,no_rag,5.4790802001953125,6.123046875,188,131,NVIDIA A100-SXM4-40GB
meta-llama/Llama-3.1-8B-Instruct,Llama 3.1 8B,NF4,clinical_astra_b04_017,with_rag,5.783444404602051,6.123046875,1661,153,NVIDIA A100-SXM4-40GB
meta-llama/Llama-3.1-8B-Instruct,Llama 3.1 8B,NF4,clinical_astra_b04_018,with_rag,5.771109580993652,6.123046875,1601,119,NVIDIA A100-SXM4-40GB
meta-llama/Llama-3.1-8B-Instruct,Llama 3.1 8B,NF4,clinical_astra_b04_018,no_rag,5.481230735778809,6.123046875,197,120,NVIDIA A100-SXM4-40GB
meta-llama/Llama-3.1-8B-Instruct,Llama 3.1 8B,NF4,clinical_astra_b04_019,no_rag,5.481039047241211,6.123046875,196,107,NVIDIA A100-SXM4-40GB
meta-llama/Llama-3.1-8B-Instruct,Llama 3.1 8B,NF4,clinical_astra_b04_019,with_rag,5.752030372619629,6.123046875,1505,87,NVIDIA A100-SXM4-40GB
meta-llama/Llama-3.1-8B-Instruct,Llama 3.1 8B,NF4,clinical_astra_b04_020,with_rag,5.739770889282227,6.123046875,1451,91,NVIDIA A100-SXM4-40GB
meta-llama/Llama-3.1-8B-Instruct,Llama 3.1 8B,NF4,clinical_astra_b04_020,no_rag,5.482378005981445,6.123046875,203,138,NVIDIA A100-SXM4-40GB
meta-llama/Llama-3.1-8B-Instruct,Llama 3.1 8B,NF4,clinical_astra_b05_002,no_rag,5.484098434448242,6.123046875,212,123,NVIDIA A100-SXM4-40GB
meta-llama/Llama-3.1-8B-Instruct,Llama 3.1 8B,NF4,clinical_astra_b05_002,with_rag,5.7691802978515625,6.123046875,1588,107,NVIDIA A100-SXM4-40GB
meta-llama/Llama-3.1-8B-Instruct,Llama 3.1 8B,NF4,clinical_astra_b05_003,with_rag,5.802616119384766,6.123046875,1755,176,NVIDIA A100-SXM4-40GB
meta-llama/Llama-3.1-8B-Instruct,Llama 3.1 8B,NF4,clinical_astra_b05_003,no_rag,5.483525276184082,6.123046875,209,156,NVIDIA A100-SXM4-40GB
meta-llama/Llama-3.1-8B-Instruct,Llama 3.1 8B,NF4,clinical_astra_b05_004,no_rag,5.47855281829834,6.123046875,185,75,NVIDIA A100-SXM4-40GB
meta-llama/Llama-3.1-8B-Instruct,Llama 3.1 8B,NF4,clinical_astra_b05_004,with_rag,5.778672218322754,6.123046875,1626,123,NVIDIA A100-SXM4-40GB
meta-llama/Llama-3.1-8B-Instruct,Llama 3.1 8B,NF4,clinical_astra_b05_005,with_rag,5.832345008850098,6.123046875,1857,161,NVIDIA A100-SXM4-40GB
meta-llama/Llama-3.1-8B-Instruct,Llama 3.1 8B,NF4,clinical_astra_b05_005,no_rag,5.48142147064209,6.123046875,198,127,NVIDIA A100-SXM4-40GB
meta-llama/Llama-3.1-8B-Instruct,Llama 3.1 8B,NF4,clinical_astra_b05_006,no_rag,5.478200912475586,6.123046875,183,141,NVIDIA A100-SXM4-40GB
meta-llama/Llama-3.1-8B-Instruct,Llama 3.1 8B,NF4,clinical_astra_b05_006,with_rag,5.82490348815918,6.123046875,1831,157,NVIDIA A100-SXM4-40GB
meta-llama/Llama-3.1-8B-Instruct,Llama 3.1 8B,NF4,clinical_astra_b05_007,with_rag,5.771518707275391,6.123046875,1603,123,NVIDIA A100-SXM4-40GB
meta-llama/Llama-3.1-8B-Instruct,Llama 3.1 8B,NF4,clinical_astra_b05_007,no_rag,5.478728294372559,6.123046875,186,134,NVIDIA A100-SXM4-40GB
meta-llama/Llama-3.1-8B-Instruct,Llama 3.1 8B,NF4,clinical_astra_b05_008,no_rag,5.484480857849121,6.123046875,214,1024,NVIDIA A100-SXM4-40GB
meta-llama/Llama-3.1-8B-Instruct,Llama 3.1 8B,NF4,clinical_astra_b05_008,with_rag,5.7440185546875,6.123046875,1468,132,NVIDIA A100-SXM4-40GB
meta-llama/Llama-3.1-8B-Instruct,Llama 3.1 8B,NF4,clinical_astra_b05_009,with_rag,5.790849685668945,6.123046875,1696,202,NVIDIA A100-SXM4-40GB
meta-llama/Llama-3.1-8B-Instruct,Llama 3.1 8B,NF4,clinical_astra_b05_009,no_rag,5.483333587646484,6.123046875,208,124,NVIDIA A100-SXM4-40GB
meta-llama/Llama-3.1-8B-Instruct,Llama 3.1 8B,NF4,clinical_astra_b05_010,no_rag,5.487576484680176,6.123046875,226,177,NVIDIA A100-SXM4-40GB
meta-llama/Llama-3.1-8B-Instruct,Llama 3.1 8B,NF4,clinical_astra_b05_010,with_rag,5.77213191986084,6.123046875,1606,170,NVIDIA A100-SXM4-40GB
meta-llama/Llama-3.1-8B-Instruct,Llama 3.1 8B,NF4,clinical_astra_b05_011,with_rag,5.805992126464844,6.123046875,1771,111,NVIDIA A100-SXM4-40GB
meta-llama/Llama-3.1-8B-Instruct,Llama 3.1 8B,NF4,clinical_astra_b05_011,no_rag,5.482568740844727,6.123046875,204,90,NVIDIA A100-SXM4-40GB
meta-llama/Llama-3.1-8B-Instruct,Llama 3.1 8B,NF4,clinical_astra_b05_012,no_rag,5.483525276184082,6.123046875,209,1024,NVIDIA A100-SXM4-40GB
meta-llama/Llama-3.1-8B-Instruct,Llama 3.1 8B,NF4,clinical_astra_b05_012,with_rag,5.82203483581543,6.123046875,1823,103,NVIDIA A100-SXM4-40GB
meta-llama/Llama-3.1-8B-Instruct,Llama 3.1 8B,NF4,clinical_astra_b05_013,with_rag,5.780094146728516,6.123046875,1640,149,NVIDIA A100-SXM4-40GB
meta-llama/Llama-3.1-8B-Instruct,Llama 3.1 8B,NF4,clinical_astra_b05_013,no_rag,5.4816131591796875,6.123046875,199,220,NVIDIA A100-SXM4-40GB
meta-llama/Llama-3.1-8B-Instruct,Llama 3.1 8B,NF4,clinical_astra_b05_014,no_rag,5.478904724121094,6.123046875,187,139,NVIDIA A100-SXM4-40GB
meta-llama/Llama-3.1-8B-Instruct,Llama 3.1 8B,NF4,clinical_astra_b05_014,with_rag,5.761699676513672,6.123046875,1539,87,NVIDIA A100-SXM4-40GB
meta-llama/Llama-3.1-8B-Instruct,Llama 3.1 8B,NF4,clinical_astra_b05_015,with_rag,5.758644104003906,6.123046875,1531,222,NVIDIA A100-SXM4-40GB
meta-llama/Llama-3.1-8B-Instruct,Llama 3.1 8B,NF4,clinical_astra_b05_015,no_rag,5.47855281829834,6.123046875,185,94,NVIDIA A100-SXM4-40GB
meta-llama/Llama-3.1-8B-Instruct,Llama 3.1 8B,NF4,clinical_astra_b05_016,no_rag,5.477497100830078,6.123046875,179,124,NVIDIA A100-SXM4-40GB
meta-llama/Llama-3.1-8B-Instruct,Llama 3.1 8B,NF4,clinical_astra_b05_016,with_rag,5.782296180725098,6.123046875,1653,105,NVIDIA A100-SXM4-40GB
meta-llama/Llama-3.1-8B-Instruct,Llama 3.1 8B,NF4,clinical_astra_b05_017,with_rag,5.768606185913086,6.123046875,1584,137,NVIDIA A100-SXM4-40GB
meta-llama/Llama-3.1-8B-Instruct,Llama 3.1 8B,NF4,clinical_astra_b05_017,no_rag,5.482568740844727,6.123046875,204,125,NVIDIA A100-SXM4-40GB
meta-llama/Llama-3.1-8B-Instruct,Llama 3.1 8B,NF4,clinical_astra_b05_018,no_rag,5.4790802001953125,6.123046875,188,107,NVIDIA A100-SXM4-40GB
meta-llama/Llama-3.1-8B-Instruct,Llama 3.1 8B,NF4,clinical_astra_b05_018,with_rag,5.748115539550781,6.123046875,1483,124,NVIDIA A100-SXM4-40GB
meta-llama/Llama-3.1-8B-Instruct,Llama 3.1 8B,NF4,clinical_astra_b05_019,with_rag,5.821514129638672,6.123046875,1819,93,NVIDIA A100-SXM4-40GB
meta-llama/Llama-3.1-8B-Instruct,Llama 3.1 8B,NF4,clinical_astra_b05_019,no_rag,5.478728294372559,6.123046875,186,105,NVIDIA A100-SXM4-40GB
meta-llama/Llama-3.1-8B-Instruct,Llama 3.1 8B,NF4,clinical_astra_b05_020,no_rag,5.483142852783203,6.123046875,207,122,NVIDIA A100-SXM4-40GB
meta-llama/Llama-3.1-8B-Instruct,Llama 3.1 8B,NF4,clinical_astra_b05_020,with_rag,5.739982604980469,6.123046875,1452,74,NVIDIA A100-SXM4-40GB
meta-llama/Llama-3.1-8B-Instruct,Llama 3.1 8B,NF4,clinical_astra_b06_002,with_rag,5.8499650955200195,6.123046875,1982,151,NVIDIA A100-SXM4-40GB
meta-llama/Llama-3.1-8B-Instruct,Llama 3.1 8B,NF4,clinical_astra_b06_002,no_rag,5.482568740844727,6.123046875,204,1024,NVIDIA A100-SXM4-40GB
meta-llama/Llama-3.1-8B-Instruct,Llama 3.1 8B,NF4,clinical_astra_b06_003,no_rag,5.481995582580566,6.123046875,201,169,NVIDIA A100-SXM4-40GB
meta-llama/Llama-3.1-8B-Instruct,Llama 3.1 8B,NF4,clinical_astra_b06_003,with_rag,5.7558393478393555,6.123046875,1518,159,NVIDIA A100-SXM4-40GB
meta-llama/Llama-3.1-8B-Instruct,Llama 3.1 8B,NF4,clinical_astra_b06_004,with_rag,5.76180362701416,6.123046875,1542,103,NVIDIA A100-SXM4-40GB
meta-llama/Llama-3.1-8B-Instruct,Llama 3.1 8B,NF4,clinical_astra_b06_004,no_rag,5.483525276184082,6.123046875,209,155,NVIDIA A100-SXM4-40GB
meta-llama/Llama-3.1-8B-Instruct,Llama 3.1 8B,NF4,clinical_astra_b06_005,no_rag,5.481230735778809,6.123046875,197,114,NVIDIA A100-SXM4-40GB
meta-llama/Llama-3.1-8B-Instruct,Llama 3.1 8B,NF4,clinical_astra_b06_005,with_rag,5.788736343383789,6.123046875,1680,74,NVIDIA A100-SXM4-40GB
meta-llama/Llama-3.1-8B-Instruct,Llama 3.1 8B,NF4,clinical_astra_b06_006,with_rag,5.7795867919921875,6.123046875,1635,139,NVIDIA A100-SXM4-40GB
meta-llama/Llama-3.1-8B-Instruct,Llama 3.1 8B,NF4,clinical_astra_b06_006,no_rag,5.483716011047363,6.123046875,210,135,NVIDIA A100-SXM4-40GB
meta-llama/Llama-3.1-8B-Instruct,Llama 3.1 8B,NF4,clinical_astra_b06_007,no_rag,5.484672546386719,6.123046875,215,178,NVIDIA A100-SXM4-40GB
meta-llama/Llama-3.1-8B-Instruct,Llama 3.1 8B,NF4,clinical_astra_b06_007,with_rag,5.7831573486328125,6.123046875,1659,169,NVIDIA A100-SXM4-40GB
meta-llama/Llama-3.1-8B-Instruct,Llama 3.1 8B,NF4,clinical_astra_b06_008,with_rag,5.8085479736328125,6.123046875,1784,143,NVIDIA A100-SXM4-40GB
meta-llama/Llama-3.1-8B-Instruct,Llama 3.1 8B,NF4,clinical_astra_b06_008,no_rag,5.482760429382324,6.123046875,205,130,NVIDIA A100-SXM4-40GB
meta-llama/Llama-3.1-8B-Instruct,Llama 3.1 8B,NF4,clinical_astra_b06_009,no_rag,5.4829511642456055,6.123046875,206,106,NVIDIA A100-SXM4-40GB
meta-llama/Llama-3.1-8B-Instruct,Llama 3.1 8B,NF4,clinical_astra_b06_009,with_rag,5.770443916320801,6.123046875,1590,141,NVIDIA A100-SXM4-40GB
meta-llama/Llama-3.1-8B-Instruct,Llama 3.1 8B,NF4,clinical_astra_b06_010,with_rag,5.8370161056518555,6.123046875,1893,100,NVIDIA A100-SXM4-40GB
meta-llama/Llama-3.1-8B-Instruct,Llama 3.1 8B,NF4,clinical_astra_b06_010,no_rag,5.482186317443848,6.123046875,202,100,NVIDIA A100-SXM4-40GB
meta-llama/Llama-3.1-8B-Instruct,Llama 3.1 8B,NF4,clinical_astra_b06_011,no_rag,5.485437393188477,6.123046875,219,138,NVIDIA A100-SXM4-40GB
meta-llama/Llama-3.1-8B-Instruct,Llama 3.1 8B,NF4,clinical_astra_b06_011,with_rag,5.788857460021973,6.123046875,1681,96,NVIDIA A100-SXM4-40GB
meta-llama/Llama-3.1-8B-Instruct,Llama 3.1 8B,NF4,clinical_astra_b06_012,with_rag,5.782296180725098,6.123046875,1653,130,NVIDIA A100-SXM4-40GB
meta-llama/Llama-3.1-8B-Instruct,Llama 3.1 8B,NF4,clinical_astra_b06_012,no_rag,5.48486328125,6.123046875,216,118,NVIDIA A100-SXM4-40GB
meta-llama/Llama-3.1-8B-Instruct,Llama 3.1 8B,NF4,clinical_astra_b06_013,no_rag,5.482568740844727,6.123046875,204,157,NVIDIA A100-SXM4-40GB
meta-llama/Llama-3.1-8B-Instruct,Llama 3.1 8B,NF4,clinical_astra_b06_013,with_rag,5.732264518737793,6.123046875,1409,111,NVIDIA A100-SXM4-40GB
meta-llama/Llama-3.1-8B-Instruct,Llama 3.1 8B,NF4,clinical_astra_b06_014,with_rag,5.829992294311523,6.123046875,1856,172,NVIDIA A100-SXM4-40GB
meta-llama/Llama-3.1-8B-Instruct,Llama 3.1 8B,NF4,clinical_astra_b06_014,no_rag,5.481039047241211,6.123046875,196,159,NVIDIA A100-SXM4-40GB
meta-llama/Llama-3.1-8B-Instruct,Llama 3.1 8B,NF4,clinical_astra_b06_015,no_rag,5.481995582580566,6.123046875,201,113,NVIDIA A100-SXM4-40GB
meta-llama/Llama-3.1-8B-Instruct,Llama 3.1 8B,NF4,clinical_astra_b06_015,with_rag,5.755682945251465,6.123046875,1517,128,NVIDIA A100-SXM4-40GB
meta-llama/Llama-3.1-8B-Instruct,Llama 3.1 8B,NF4,clinical_astra_b06_016,with_rag,5.807934761047363,6.123046875,1781,118,NVIDIA A100-SXM4-40GB
meta-llama/Llama-3.1-8B-Instruct,Llama 3.1 8B,NF4,clinical_astra_b06_016,no_rag,5.484098434448242,6.123046875,212,118,NVIDIA A100-SXM4-40GB
meta-llama/Llama-3.1-8B-Instruct,Llama 3.1 8B,NF4,clinical_astra_b06_017,no_rag,5.484672546386719,6.123046875,215,200,NVIDIA A100-SXM4-40GB
meta-llama/Llama-3.1-8B-Instruct,Llama 3.1 8B,NF4,clinical_astra_b06_017,with_rag,5.750287055969238,6.123046875,1497,144,NVIDIA A100-SXM4-40GB
meta-llama/Llama-3.1-8B-Instruct,Llama 3.1 8B,NF4,clinical_astra_b06_018,with_rag,5.748543739318848,6.123046875,1489,97,NVIDIA A100-SXM4-40GB
meta-llama/Llama-3.1-8B-Instruct,Llama 3.1 8B,NF4,clinical_astra_b06_018,no_rag,5.482568740844727,6.123046875,204,131,NVIDIA A100-SXM4-40GB
meta-llama/Llama-3.1-8B-Instruct,Llama 3.1 8B,NF4,clinical_astra_b06_019,no_rag,5.481995582580566,6.123046875,201,108,NVIDIA A100-SXM4-40GB
meta-llama/Llama-3.1-8B-Instruct,Llama 3.1 8B,NF4,clinical_astra_b06_019,with_rag,5.806707382202148,6.123046875,1775,107,NVIDIA A100-SXM4-40GB
meta-llama/Llama-3.1-8B-Instruct,Llama 3.1 8B,NF4,clinical_astra_b06_020,with_rag,5.825403213500977,6.123046875,1843,154,NVIDIA A100-SXM4-40GB
meta-llama/Llama-3.1-8B-Instruct,Llama 3.1 8B,NF4,clinical_astra_b06_020,no_rag,5.483142852783203,6.123046875,207,451,NVIDIA A100-SXM4-40GB
meta-llama/Llama-3.1-8B-Instruct,Llama 3.1 8B,BF16,clinical_astra_b01_001,no_rag,15.015691757202148,15.046875,214,68,NVIDIA A100-SXM4-40GB
meta-llama/Llama-3.1-8B-Instruct,Llama 3.1 8B,BF16,clinical_astra_b01_001,with_rag,15.362903594970703,15.490234375,1701,129,NVIDIA A100-SXM4-40GB
meta-llama/Llama-3.1-8B-Instruct,Llama 3.1 8B,BF16,clinical_astra_b02_001,with_rag,15.376180648803711,15.490234375,1749,91,NVIDIA A100-SXM4-40GB
meta-llama/Llama-3.1-8B-Instruct,Llama 3.1 8B,BF16,clinical_astra_b02_001,no_rag,15.010160446166992,15.490234375,185,60,NVIDIA A100-SXM4-40GB
meta-llama/Llama-3.1-8B-Instruct,Llama 3.1 8B,BF16,clinical_astra_b03_001,no_rag,15.010833740234375,15.490234375,189,98,NVIDIA A100-SXM4-40GB
meta-llama/Llama-3.1-8B-Instruct,Llama 3.1 8B,BF16,clinical_astra_b03_001,with_rag,15.297447204589844,15.490234375,1413,123,NVIDIA A100-SXM4-40GB
meta-llama/Llama-3.1-8B-Instruct,Llama 3.1 8B,BF16,clinical_astra_b04_001,with_rag,15.313167572021484,15.490234375,1490,182,NVIDIA A100-SXM4-40GB
meta-llama/Llama-3.1-8B-Instruct,Llama 3.1 8B,BF16,clinical_astra_b04_001,no_rag,15.013662338256836,15.490234375,205,86,NVIDIA A100-SXM4-40GB
meta-llama/Llama-3.1-8B-Instruct,Llama 3.1 8B,BF16,clinical_astra_b05_001,no_rag,15.016593933105469,15.509765625,218,138,NVIDIA A100-SXM4-40GB
meta-llama/Llama-3.1-8B-Instruct,Llama 3.1 8B,BF16,clinical_astra_b05_001,with_rag,15.38813304901123,15.65625,1804,130,NVIDIA A100-SXM4-40GB
meta-llama/Llama-3.1-8B-Instruct,Llama 3.1 8B,BF16,clinical_astra_b06_001,with_rag,15.360334396362305,15.65625,1689,116,NVIDIA A100-SXM4-40GB
meta-llama/Llama-3.1-8B-Instruct,Llama 3.1 8B,BF16,clinical_astra_b06_001,no_rag,15.013662338256836,15.65625,205,87,NVIDIA A100-SXM4-40GB
meta-llama/Llama-3.1-8B-Instruct,Llama 3.1 8B,BF16,clinical_astra_b01_002,no_rag,15.018173217773438,15.658203125,225,152,NVIDIA A100-SXM4-40GB
meta-llama/Llama-3.1-8B-Instruct,Llama 3.1 8B,BF16,clinical_astra_b01_002,with_rag,15.332777976989746,15.658203125,1572,170,NVIDIA A100-SXM4-40GB
meta-llama/Llama-3.1-8B-Instruct,Llama 3.1 8B,BF16,clinical_astra_b01_003,with_rag,15.344767570495605,15.658203125,1615,96,NVIDIA A100-SXM4-40GB
meta-llama/Llama-3.1-8B-Instruct,Llama 3.1 8B,BF16,clinical_astra_b01_003,no_rag,15.010955810546875,15.658203125,193,96,NVIDIA A100-SXM4-40GB
meta-llama/Llama-3.1-8B-Instruct,Llama 3.1 8B,BF16,clinical_astra_b01_004,no_rag,15.017722129821777,15.658203125,223,117,NVIDIA A100-SXM4-40GB
meta-llama/Llama-3.1-8B-Instruct,Llama 3.1 8B,BF16,clinical_astra_b01_004,with_rag,15.348681449890137,15.658203125,1640,82,NVIDIA A100-SXM4-40GB
meta-llama/Llama-3.1-8B-Instruct,Llama 3.1 8B,BF16,clinical_astra_b01_005,with_rag,15.376091003417969,15.658203125,1738,180,NVIDIA A100-SXM4-40GB
meta-llama/Llama-3.1-8B-Instruct,Llama 3.1 8B,BF16,clinical_astra_b01_005,no_rag,15.017271041870117,15.658203125,221,134,NVIDIA A100-SXM4-40GB
meta-llama/Llama-3.1-8B-Instruct,Llama 3.1 8B,BF16,clinical_astra_b01_006,no_rag,15.015240669250488,15.658203125,212,150,NVIDIA A100-SXM4-40GB
meta-llama/Llama-3.1-8B-Instruct,Llama 3.1 8B,BF16,clinical_astra_b01_006,with_rag,15.330789566040039,15.658203125,1562,110,NVIDIA A100-SXM4-40GB
meta-llama/Llama-3.1-8B-Instruct,Llama 3.1 8B,BF16,clinical_astra_b01_007,with_rag,15.362475395202637,15.658203125,1699,110,NVIDIA A100-SXM4-40GB
meta-llama/Llama-3.1-8B-Instruct,Llama 3.1 8B,BF16,clinical_astra_b01_007,no_rag,15.020428657531738,15.658203125,235,104,NVIDIA A100-SXM4-40GB
meta-llama/Llama-3.1-8B-Instruct,Llama 3.1 8B,BF16,clinical_astra_b01_008,no_rag,15.015015602111816,15.658203125,211,113,NVIDIA A100-SXM4-40GB
meta-llama/Llama-3.1-8B-Instruct,Llama 3.1 8B,BF16,clinical_astra_b01_008,with_rag,15.313393592834473,15.658203125,1491,113,NVIDIA A100-SXM4-40GB
meta-llama/Llama-3.1-8B-Instruct,Llama 3.1 8B,BF16,clinical_astra_b01_009,with_rag,15.377123832702637,15.658203125,1760,83,NVIDIA A100-SXM4-40GB
meta-llama/Llama-3.1-8B-Instruct,Llama 3.1 8B,BF16,clinical_astra_b01_009,no_rag,15.015466690063477,15.658203125,213,133,NVIDIA A100-SXM4-40GB
meta-llama/Llama-3.1-8B-Instruct,Llama 3.1 8B,BF16,clinical_astra_b01_010,no_rag,15.016593933105469,15.658203125,218,154,NVIDIA A100-SXM4-40GB
meta-llama/Llama-3.1-8B-Instruct,Llama 3.1 8B,BF16,clinical_astra_b01_010,with_rag,15.32072925567627,15.658203125,1515,136,NVIDIA A100-SXM4-40GB
meta-llama/Llama-3.1-8B-Instruct,Llama 3.1 8B,BF16,clinical_astra_b01_011,with_rag,15.4555082321167,15.828125,2091,122,NVIDIA A100-SXM4-40GB
meta-llama/Llama-3.1-8B-Instruct,Llama 3.1 8B,BF16,clinical_astra_b01_011,no_rag,15.016376495361328,15.828125,217,156,NVIDIA A100-SXM4-40GB
meta-llama/Llama-3.1-8B-Instruct,Llama 3.1 8B,BF16,clinical_astra_b01_012,no_rag,15.014789581298828,15.828125,210,85,NVIDIA A100-SXM4-40GB
meta-llama/Llama-3.1-8B-Instruct,Llama 3.1 8B,BF16,clinical_astra_b01_012,with_rag,15.319790840148926,15.828125,1508,86,NVIDIA A100-SXM4-40GB
meta-llama/Llama-3.1-8B-Instruct,Llama 3.1 8B,BF16,clinical_astra_b01_013,with_rag,15.323220252990723,15.828125,1532,94,NVIDIA A100-SXM4-40GB
meta-llama/Llama-3.1-8B-Instruct,Llama 3.1 8B,BF16,clinical_astra_b01_013,no_rag,15.016203880310059,15.828125,216,115,NVIDIA A100-SXM4-40GB
meta-llama/Llama-3.1-8B-Instruct,Llama 3.1 8B,BF16,clinical_astra_b01_014,no_rag,15.011631965637207,15.828125,196,105,NVIDIA A100-SXM4-40GB
meta-llama/Llama-3.1-8B-Instruct,Llama 3.1 8B,BF16,clinical_astra_b01_014,with_rag,15.30910587310791,15.828125,1472,162,NVIDIA A100-SXM4-40GB
meta-llama/Llama-3.1-8B-Instruct,Llama 3.1 8B,BF16,clinical_astra_b01_015,with_rag,15.363759994506836,15.828125,1705,128,NVIDIA A100-SXM4-40GB
meta-llama/Llama-3.1-8B-Instruct,Llama 3.1 8B,BF16,clinical_astra_b01_015,no_rag,15.012686729431152,15.828125,200,85,NVIDIA A100-SXM4-40GB
meta-llama/Llama-3.1-8B-Instruct,Llama 3.1 8B,BF16,clinical_astra_b01_016,no_rag,15.012083053588867,15.828125,198,144,NVIDIA A100-SXM4-40GB
meta-llama/Llama-3.1-8B-Instruct,Llama 3.1 8B,BF16,clinical_astra_b01_016,with_rag,15.356908798217773,15.828125,1673,141,NVIDIA A100-SXM4-40GB
meta-llama/Llama-3.1-8B-Instruct,Llama 3.1 8B,BF16,clinical_astra_b01_017,with_rag,15.348176956176758,15.828125,1637,109,NVIDIA A100-SXM4-40GB
meta-llama/Llama-3.1-8B-Instruct,Llama 3.1 8B,BF16,clinical_astra_b01_017,no_rag,15.015240669250488,15.828125,212,108,NVIDIA A100-SXM4-40GB
meta-llama/Llama-3.1-8B-Instruct,Llama 3.1 8B,BF16,clinical_astra_b01_018,no_rag,15.011857986450195,15.828125,197,153,NVIDIA A100-SXM4-40GB
meta-llama/Llama-3.1-8B-Instruct,Llama 3.1 8B,BF16,clinical_astra_b01_018,with_rag,15.311814308166504,15.828125,1484,112,NVIDIA A100-SXM4-40GB
meta-llama/Llama-3.1-8B-Instruct,Llama 3.1 8B,BF16,clinical_astra_b01_019,with_rag,15.34488582611084,15.828125,1616,178,NVIDIA A100-SXM4-40GB
meta-llama/Llama-3.1-8B-Instruct,Llama 3.1 8B,BF16,clinical_astra_b01_019,no_rag,15.0144681930542,15.828125,202,190,NVIDIA A100-SXM4-40GB
meta-llama/Llama-3.1-8B-Instruct,Llama 3.1 8B,BF16,clinical_astra_b01_020,no_rag,15.013662338256836,15.828125,205,115,NVIDIA A100-SXM4-40GB
meta-llama/Llama-3.1-8B-Instruct,Llama 3.1 8B,BF16,clinical_astra_b01_020,with_rag,15.395491600036621,15.828125,1844,165,NVIDIA A100-SXM4-40GB
meta-llama/Llama-3.1-8B-Instruct,Llama 3.1 8B,BF16,clinical_astra_b02_002,with_rag,15.333573341369629,15.828125,1576,133,NVIDIA A100-SXM4-40GB
meta-llama/Llama-3.1-8B-Instruct,Llama 3.1 8B,BF16,clinical_astra_b02_002,no_rag,15.0098237991333,15.828125,183,119,NVIDIA A100-SXM4-40GB
meta-llama/Llama-3.1-8B-Instruct,Llama 3.1 8B,BF16,clinical_astra_b02_003,no_rag,15.010664939880371,15.828125,188,106,NVIDIA A100-SXM4-40GB
meta-llama/Llama-3.1-8B-Instruct,Llama 3.1 8B,BF16,clinical_astra_b02_003,with_rag,15.348069190979004,15.828125,1636,99,NVIDIA A100-SXM4-40GB
meta-llama/Llama-3.1-8B-Instruct,Llama 3.1 8B,BF16,clinical_astra_b02_004,with_rag,15.397124290466309,15.828125,1851,97,NVIDIA A100-SXM4-40GB
meta-llama/Llama-3.1-8B-Instruct,Llama 3.1 8B,BF16,clinical_astra_b02_004,no_rag,15.0098237991333,15.828125,183,72,NVIDIA A100-SXM4-40GB
meta-llama/Llama-3.1-8B-Instruct,Llama 3.1 8B,BF16,clinical_astra_b02_005,no_rag,15.010160446166992,15.828125,185,123,NVIDIA A100-SXM4-40GB
meta-llama/Llama-3.1-8B-Instruct,Llama 3.1 8B,BF16,clinical_astra_b02_005,with_rag,15.34405517578125,15.828125,1609,80,NVIDIA A100-SXM4-40GB
meta-llama/Llama-3.1-8B-Instruct,Llama 3.1 8B,BF16,clinical_astra_b02_006,with_rag,15.376220703125,15.828125,1754,132,NVIDIA A100-SXM4-40GB
meta-llama/Llama-3.1-8B-Instruct,Llama 3.1 8B,BF16,clinical_astra_b02_006,no_rag,15.009654998779297,15.828125,182,81,NVIDIA A100-SXM4-40GB
meta-llama/Llama-3.1-8B-Instruct,Llama 3.1 8B,BF16,clinical_astra_b02_007,no_rag,15.010160446166992,15.828125,185,104,NVIDIA A100-SXM4-40GB
meta-llama/Llama-3.1-8B-Instruct,Llama 3.1 8B,BF16,clinical_astra_b02_007,with_rag,15.361190795898438,15.828125,1693,139,NVIDIA A100-SXM4-40GB
meta-llama/Llama-3.1-8B-Instruct,Llama 3.1 8B,BF16,clinical_astra_b02_008,with_rag,15.359049797058105,15.828125,1683,104,NVIDIA A100-SXM4-40GB
meta-llama/Llama-3.1-8B-Instruct,Llama 3.1 8B,BF16,clinical_astra_b02_008,no_rag,15.010160446166992,15.828125,185,99,NVIDIA A100-SXM4-40GB
meta-llama/Llama-3.1-8B-Instruct,Llama 3.1 8B,BF16,clinical_astra_b02_009,no_rag,15.012855052947998,15.828125,193,186,NVIDIA A100-SXM4-40GB
meta-llama/Llama-3.1-8B-Instruct,Llama 3.1 8B,BF16,clinical_astra_b02_009,with_rag,15.349124908447266,15.828125,1642,112,NVIDIA A100-SXM4-40GB
meta-llama/Llama-3.1-8B-Instruct,Llama 3.1 8B,BF16,clinical_astra_b02_010,with_rag,15.35289478302002,15.828125,1659,79,NVIDIA A100-SXM4-40GB
meta-llama/Llama-3.1-8B-Instruct,Llama 3.1 8B,BF16,clinical_astra_b02_010,no_rag,15.012686729431152,15.828125,200,90,NVIDIA A100-SXM4-40GB
meta-llama/Llama-3.1-8B-Instruct,Llama 3.1 8B,BF16,clinical_astra_b02_011,no_rag,15.116958141326904,15.833984375,189,1024,NVIDIA A100-SXM4-40GB
meta-llama/Llama-3.1-8B-Instruct,Llama 3.1 8B,BF16,clinical_astra_b02_011,with_rag,15.30410385131836,15.833984375,1449,119,NVIDIA A100-SXM4-40GB
meta-llama/Llama-3.1-8B-Instruct,Llama 3.1 8B,BF16,clinical_astra_b02_012,with_rag,15.306437492370605,15.833984375,1460,118,NVIDIA A100-SXM4-40GB
meta-llama/Llama-3.1-8B-Instruct,Llama 3.1 8B,BF16,clinical_astra_b02_012,no_rag,15.010502815246582,15.833984375,191,114,NVIDIA A100-SXM4-40GB
meta-llama/Llama-3.1-8B-Instruct,Llama 3.1 8B,BF16,clinical_astra_b02_013,no_rag,15.010497093200684,15.833984375,187,108,NVIDIA A100-SXM4-40GB
meta-llama/Llama-3.1-8B-Instruct,Llama 3.1 8B,BF16,clinical_astra_b02_013,with_rag,15.391500473022461,15.833984375,1826,105,NVIDIA A100-SXM4-40GB
meta-llama/Llama-3.1-8B-Instruct,Llama 3.1 8B,BF16,clinical_astra_b02_014,with_rag,15.356266021728516,15.833984375,1670,112,NVIDIA A100-SXM4-40GB
meta-llama/Llama-3.1-8B-Instruct,Llama 3.1 8B,BF16,clinical_astra_b02_014,no_rag,15.010502815246582,15.833984375,191,104,NVIDIA A100-SXM4-40GB
meta-llama/Llama-3.1-8B-Instruct,Llama 3.1 8B,BF16,clinical_astra_b02_015,no_rag,15.013225555419922,15.833984375,192,190,NVIDIA A100-SXM4-40GB
meta-llama/Llama-3.1-8B-Instruct,Llama 3.1 8B,BF16,clinical_astra_b02_015,with_rag,15.356694221496582,15.833984375,1672,103,NVIDIA A100-SXM4-40GB
meta-llama/Llama-3.1-8B-Instruct,Llama 3.1 8B,BF16,clinical_astra_b02_016,with_rag,15.335561752319336,15.833984375,1586,117,NVIDIA A100-SXM4-40GB
meta-llama/Llama-3.1-8B-Instruct,Llama 3.1 8B,BF16,clinical_astra_b02_016,no_rag,15.012083053588867,15.833984375,198,125,NVIDIA A100-SXM4-40GB
meta-llama/Llama-3.1-8B-Instruct,Llama 3.1 8B,BF16,clinical_astra_b02_017,no_rag,15.012083053588867,15.833984375,198,106,NVIDIA A100-SXM4-40GB
meta-llama/Llama-3.1-8B-Instruct,Llama 3.1 8B,BF16,clinical_astra_b02_017,with_rag,15.310461044311523,15.833984375,1478,110,NVIDIA A100-SXM4-40GB
meta-llama/Llama-3.1-8B-Instruct,Llama 3.1 8B,BF16,clinical_astra_b02_018,with_rag,15.334368705749512,15.833984375,1580,130,NVIDIA A100-SXM4-40GB
meta-llama/Llama-3.1-8B-Instruct,Llama 3.1 8B,BF16,clinical_astra_b02_018,no_rag,15.011180877685547,15.833984375,194,105,NVIDIA A100-SXM4-40GB
meta-llama/Llama-3.1-8B-Instruct,Llama 3.1 8B,BF16,clinical_astra_b02_019,no_rag,15.009991645812988,15.833984375,184,108,NVIDIA A100-SXM4-40GB
meta-llama/Llama-3.1-8B-Instruct,Llama 3.1 8B,BF16,clinical_astra_b02_019,with_rag,15.32310962677002,15.833984375,1531,117,NVIDIA A100-SXM4-40GB
meta-llama/Llama-3.1-8B-Instruct,Llama 3.1 8B,BF16,clinical_astra_b02_020,with_rag,15.348681449890137,15.833984375,1640,119,NVIDIA A100-SXM4-40GB
meta-llama/Llama-3.1-8B-Instruct,Llama 3.1 8B,BF16,clinical_astra_b02_020,no_rag,15.013436317443848,15.833984375,204,141,NVIDIA A100-SXM4-40GB
meta-llama/Llama-3.1-8B-Instruct,Llama 3.1 8B,BF16,clinical_astra_b03_002,no_rag,15.014338493347168,15.833984375,208,166,NVIDIA A100-SXM4-40GB
meta-llama/Llama-3.1-8B-Instruct,Llama 3.1 8B,BF16,clinical_astra_b03_002,with_rag,15.335761070251465,15.833984375,1587,110,NVIDIA A100-SXM4-40GB
meta-llama/Llama-3.1-8B-Instruct,Llama 3.1 8B,BF16,clinical_astra_b03_003,with_rag,15.406790733337402,15.833984375,1888,156,NVIDIA A100-SXM4-40GB
meta-llama/Llama-3.1-8B-Instruct,Llama 3.1 8B,BF16,clinical_astra_b03_003,no_rag,15.019075393676758,15.833984375,229,192,NVIDIA A100-SXM4-40GB
meta-llama/Llama-3.1-8B-Instruct,Llama 3.1 8B,BF16,clinical_astra_b03_004,no_rag,15.013023376464844,15.833984375,202,177,NVIDIA A100-SXM4-40GB
meta-llama/Llama-3.1-8B-Instruct,Llama 3.1 8B,BF16,clinical_astra_b03_004,with_rag,15.35583782196045,15.833984375,1668,168,NVIDIA A100-SXM4-40GB
meta-llama/Llama-3.1-8B-Instruct,Llama 3.1 8B,BF16,clinical_astra_b03_005,with_rag,15.327210426330566,15.833984375,1544,162,NVIDIA A100-SXM4-40GB
meta-llama/Llama-3.1-8B-Instruct,Llama 3.1 8B,BF16,clinical_astra_b03_005,no_rag,15.016819953918457,15.833984375,219,142,NVIDIA A100-SXM4-40GB
meta-llama/Llama-3.1-8B-Instruct,Llama 3.1 8B,BF16,clinical_astra_b03_006,no_rag,15.011631965637207,15.833984375,196,126,NVIDIA A100-SXM4-40GB
meta-llama/Llama-3.1-8B-Instruct,Llama 3.1 8B,BF16,clinical_astra_b03_006,with_rag,15.331584930419922,15.833984375,1566,154,NVIDIA A100-SXM4-40GB
meta-llama/Llama-3.1-8B-Instruct,Llama 3.1 8B,BF16,clinical_astra_b03_007,with_rag,15.334965705871582,15.833984375,1583,150,NVIDIA A100-SXM4-40GB
meta-llama/Llama-3.1-8B-Instruct,Llama 3.1 8B,BF16,clinical_astra_b03_007,no_rag,15.015691757202148,15.833984375,214,150,NVIDIA A100-SXM4-40GB
meta-llama/Llama-3.1-8B-Instruct,Llama 3.1 8B,BF16,clinical_astra_b03_008,no_rag,15.010664939880371,15.833984375,188,115,NVIDIA A100-SXM4-40GB
meta-llama/Llama-3.1-8B-Instruct,Llama 3.1 8B,BF16,clinical_astra_b03_008,with_rag,15.310009956359863,15.833984375,1476,121,NVIDIA A100-SXM4-40GB
meta-llama/Llama-3.1-8B-Instruct,Llama 3.1 8B,BF16,clinical_astra_b03_009,with_rag,15.291325569152832,15.833984375,1388,95,NVIDIA A100-SXM4-40GB
meta-llama/Llama-3.1-8B-Instruct,Llama 3.1 8B,BF16,clinical_astra_b03_009,no_rag,15.010833740234375,15.833984375,189,122,NVIDIA A100-SXM4-40GB
meta-llama/Llama-3.1-8B-Instruct,Llama 3.1 8B,BF16,clinical_astra_b03_010,no_rag,15.011857986450195,15.833984375,197,93,NVIDIA A100-SXM4-40GB
meta-llama/Llama-3.1-8B-Instruct,Llama 3.1 8B,BF16,clinical_astra_b03_010,with_rag,15.322553634643555,15.833984375,1526,133,NVIDIA A100-SXM4-40GB
meta-llama/Llama-3.1-8B-Instruct,Llama 3.1 8B,BF16,clinical_astra_b03_011,with_rag,15.337890625,15.833984375,1597,121,NVIDIA A100-SXM4-40GB
meta-llama/Llama-3.1-8B-Instruct,Llama 3.1 8B,BF16,clinical_astra_b03_011,no_rag,15.010502815246582,15.833984375,191,95,NVIDIA A100-SXM4-40GB
meta-llama/Llama-3.1-8B-Instruct,Llama 3.1 8B,BF16,clinical_astra_b03_012,no_rag,15.011406898498535,15.833984375,195,67,NVIDIA A100-SXM4-40GB
meta-llama/Llama-3.1-8B-Instruct,Llama 3.1 8B,BF16,clinical_astra_b03_012,with_rag,15.336957931518555,15.833984375,1593,131,NVIDIA A100-SXM4-40GB
meta-llama/Llama-3.1-8B-Instruct,Llama 3.1 8B,BF16,clinical_astra_b03_013,with_rag,15.337424278259277,15.833984375,1595,108,NVIDIA A100-SXM4-40GB
meta-llama/Llama-3.1-8B-Instruct,Llama 3.1 8B,BF16,clinical_astra_b03_013,no_rag,15.010727882385254,15.833984375,192,118,NVIDIA A100-SXM4-40GB
meta-llama/Llama-3.1-8B-Instruct,Llama 3.1 8B,BF16,clinical_astra_b03_014,no_rag,15.013023376464844,15.833984375,202,108,NVIDIA A100-SXM4-40GB
meta-llama/Llama-3.1-8B-Instruct,Llama 3.1 8B,BF16,clinical_astra_b03_014,with_rag,15.347210884094238,15.833984375,1628,91,NVIDIA A100-SXM4-40GB
meta-llama/Llama-3.1-8B-Instruct,Llama 3.1 8B,BF16,clinical_astra_b03_015,with_rag,15.34890365600586,15.833984375,1641,133,NVIDIA A100-SXM4-40GB
meta-llama/Llama-3.1-8B-Instruct,Llama 3.1 8B,BF16,clinical_astra_b03_015,no_rag,15.016032218933105,15.833984375,215,126,NVIDIA A100-SXM4-40GB
meta-llama/Llama-3.1-8B-Instruct,Llama 3.1 8B,BF16,clinical_astra_b03_016,no_rag,15.013887405395508,15.833984375,206,116,NVIDIA A100-SXM4-40GB
meta-llama/Llama-3.1-8B-Instruct,Llama 3.1 8B,BF16,clinical_astra_b03_016,with_rag,15.347640037536621,15.833984375,1632,105,NVIDIA A100-SXM4-40GB
meta-llama/Llama-3.1-8B-Instruct,Llama 3.1 8B,BF16,clinical_astra_b03_017,with_rag,15.376172065734863,15.833984375,1748,82,NVIDIA A100-SXM4-40GB
meta-llama/Llama-3.1-8B-Instruct,Llama 3.1 8B,BF16,clinical_astra_b03_017,no_rag,15.014113426208496,15.833984375,207,95,NVIDIA A100-SXM4-40GB
meta-llama/Llama-3.1-8B-Instruct,Llama 3.1 8B,BF16,clinical_astra_b03_018,no_rag,15.015240669250488,15.833984375,212,134,NVIDIA A100-SXM4-40GB
meta-llama/Llama-3.1-8B-Instruct,Llama 3.1 8B,BF16,clinical_astra_b03_018,with_rag,15.3648681640625,15.833984375,1710,115,NVIDIA A100-SXM4-40GB
meta-llama/Llama-3.1-8B-Instruct,Llama 3.1 8B,BF16,clinical_astra_b03_019,with_rag,15.346781730651855,15.833984375,1624,171,NVIDIA A100-SXM4-40GB
meta-llama/Llama-3.1-8B-Instruct,Llama 3.1 8B,BF16,clinical_astra_b03_019,no_rag,15.014564514160156,15.833984375,209,99,NVIDIA A100-SXM4-40GB
meta-llama/Llama-3.1-8B-Instruct,Llama 3.1 8B,BF16,clinical_astra_b03_020,no_rag,15.014338493347168,15.833984375,208,108,NVIDIA A100-SXM4-40GB
meta-llama/Llama-3.1-8B-Instruct,Llama 3.1 8B,BF16,clinical_astra_b03_020,with_rag,15.301698684692383,15.833984375,1429,108,NVIDIA A100-SXM4-40GB
meta-llama/Llama-3.1-8B-Instruct,Llama 3.1 8B,BF16,clinical_astra_b04_002,with_rag,15.349124908447266,15.833984375,1642,101,NVIDIA A100-SXM4-40GB
meta-llama/Llama-3.1-8B-Instruct,Llama 3.1 8B,BF16,clinical_astra_b04_002,no_rag,15.016376495361328,15.833984375,217,64,NVIDIA A100-SXM4-40GB
meta-llama/Llama-3.1-8B-Instruct,Llama 3.1 8B,BF16,clinical_astra_b04_003,no_rag,15.012855529785156,15.833984375,201,145,NVIDIA A100-SXM4-40GB
meta-llama/Llama-3.1-8B-Instruct,Llama 3.1 8B,BF16,clinical_astra_b04_003,with_rag,15.40576457977295,15.833984375,1880,134,NVIDIA A100-SXM4-40GB
meta-llama/Llama-3.1-8B-Instruct,Llama 3.1 8B,BF16,clinical_astra_b04_004,with_rag,15.33138656616211,15.833984375,1565,96,NVIDIA A100-SXM4-40GB
meta-llama/Llama-3.1-8B-Instruct,Llama 3.1 8B,BF16,clinical_astra_b04_004,no_rag,15.011857986450195,15.833984375,197,74,NVIDIA A100-SXM4-40GB
meta-llama/Llama-3.1-8B-Instruct,Llama 3.1 8B,BF16,clinical_astra_b04_005,no_rag,15.01583194732666,15.833984375,203,200,NVIDIA A100-SXM4-40GB
meta-llama/Llama-3.1-8B-Instruct,Llama 3.1 8B,BF16,clinical_astra_b04_005,with_rag,15.353781700134277,15.833984375,1663,186,NVIDIA A100-SXM4-40GB
meta-llama/Llama-3.1-8B-Instruct,Llama 3.1 8B,BF16,clinical_astra_b04_006,with_rag,15.353338241577148,15.833984375,1661,138,NVIDIA A100-SXM4-40GB
meta-llama/Llama-3.1-8B-Instruct,Llama 3.1 8B,BF16,clinical_astra_b04_006,no_rag,15.019551277160645,15.833984375,205,228,NVIDIA A100-SXM4-40GB
meta-llama/Llama-3.1-8B-Instruct,Llama 3.1 8B,BF16,clinical_astra_b04_007,no_rag,15.013887405395508,15.833984375,206,134,NVIDIA A100-SXM4-40GB
meta-llama/Llama-3.1-8B-Instruct,Llama 3.1 8B,BF16,clinical_astra_b04_007,with_rag,15.319657325744629,15.833984375,1507,110,NVIDIA A100-SXM4-40GB
meta-llama/Llama-3.1-8B-Instruct,Llama 3.1 8B,BF16,clinical_astra_b04_008,with_rag,15.33397102355957,15.833984375,1578,118,NVIDIA A100-SXM4-40GB
meta-llama/Llama-3.1-8B-Instruct,Llama 3.1 8B,BF16,clinical_astra_b04_008,no_rag,15.016032218933105,15.833984375,215,155,NVIDIA A100-SXM4-40GB
meta-llama/Llama-3.1-8B-Instruct,Llama 3.1 8B,BF16,clinical_astra_b04_009,no_rag,15.011001586914062,15.833984375,190,114,NVIDIA A100-SXM4-40GB
meta-llama/Llama-3.1-8B-Instruct,Llama 3.1 8B,BF16,clinical_astra_b04_009,with_rag,15.376067161560059,15.833984375,1735,89,NVIDIA A100-SXM4-40GB
meta-llama/Llama-3.1-8B-Instruct,Llama 3.1 8B,BF16,clinical_astra_b04_010,with_rag,15.302053451538086,15.833984375,1434,124,NVIDIA A100-SXM4-40GB
meta-llama/Llama-3.1-8B-Instruct,Llama 3.1 8B,BF16,clinical_astra_b04_010,no_rag,15.011857986450195,15.833984375,197,130,NVIDIA A100-SXM4-40GB
meta-llama/Llama-3.1-8B-Instruct,Llama 3.1 8B,BF16,clinical_astra_b04_011,no_rag,15.010833740234375,15.833984375,189,75,NVIDIA A100-SXM4-40GB
meta-llama/Llama-3.1-8B-Instruct,Llama 3.1 8B,BF16,clinical_astra_b04_011,with_rag,15.393159866333008,15.833984375,1834,95,NVIDIA A100-SXM4-40GB
meta-llama/Llama-3.1-8B-Instruct,Llama 3.1 8B,BF16,clinical_astra_b04_012,with_rag,15.363117218017578,15.833984375,1702,126,NVIDIA A100-SXM4-40GB
meta-llama/Llama-3.1-8B-Instruct,Llama 3.1 8B,BF16,clinical_astra_b04_012,no_rag,15.010497093200684,15.833984375,187,116,NVIDIA A100-SXM4-40GB
meta-llama/Llama-3.1-8B-Instruct,Llama 3.1 8B,BF16,clinical_astra_b04_013,no_rag,15.116878032684326,15.833984375,188,1024,NVIDIA A100-SXM4-40GB
meta-llama/Llama-3.1-8B-Instruct,Llama 3.1 8B,BF16,clinical_astra_b04_013,with_rag,15.39104175567627,15.833984375,1823,87,NVIDIA A100-SXM4-40GB
meta-llama/Llama-3.1-8B-Instruct,Llama 3.1 8B,BF16,clinical_astra_b04_014,with_rag,15.312942504882812,15.833984375,1489,122,NVIDIA A100-SXM4-40GB
meta-llama/Llama-3.1-8B-Instruct,Llama 3.1 8B,BF16,clinical_astra_b04_014,no_rag,15.019923210144043,15.833984375,204,232,NVIDIA A100-SXM4-40GB
meta-llama/Llama-3.1-8B-Instruct,Llama 3.1 8B,BF16,clinical_astra_b04_015,no_rag,15.010727882385254,15.833984375,192,135,NVIDIA A100-SXM4-40GB
meta-llama/Llama-3.1-8B-Instruct,Llama 3.1 8B,BF16,clinical_astra_b04_015,with_rag,15.376008033752441,15.833984375,1728,97,NVIDIA A100-SXM4-40GB
meta-llama/Llama-3.1-8B-Instruct,Llama 3.1 8B,BF16,clinical_astra_b04_016,with_rag,15.348069190979004,15.833984375,1636,125,NVIDIA A100-SXM4-40GB
meta-llama/Llama-3.1-8B-Instruct,Llama 3.1 8B,BF16,clinical_astra_b04_016,no_rag,15.015240669250488,15.833984375,212,105,NVIDIA A100-SXM4-40GB
meta-llama/Llama-3.1-8B-Instruct,Llama 3.1 8B,BF16,clinical_astra_b04_017,no_rag,15.010664939880371,15.833984375,188,132,NVIDIA A100-SXM4-40GB
meta-llama/Llama-3.1-8B-Instruct,Llama 3.1 8B,BF16,clinical_astra_b04_017,with_rag,15.353338241577148,15.833984375,1661,115,NVIDIA A100-SXM4-40GB
meta-llama/Llama-3.1-8B-Instruct,Llama 3.1 8B,BF16,clinical_astra_b04_018,with_rag,15.338825225830078,15.833984375,1601,116,NVIDIA A100-SXM4-40GB
meta-llama/Llama-3.1-8B-Instruct,Llama 3.1 8B,BF16,clinical_astra_b04_018,no_rag,15.011857986450195,15.833984375,197,124,NVIDIA A100-SXM4-40GB
meta-llama/Llama-3.1-8B-Instruct,Llama 3.1 8B,BF16,clinical_astra_b04_019,no_rag,15.011631965637207,15.833984375,196,88,NVIDIA A100-SXM4-40GB
meta-llama/Llama-3.1-8B-Instruct,Llama 3.1 8B,BF16,clinical_astra_b04_019,with_rag,15.319389343261719,15.833984375,1505,79,NVIDIA A100-SXM4-40GB
meta-llama/Llama-3.1-8B-Instruct,Llama 3.1 8B,BF16,clinical_astra_b04_020,with_rag,15.30452823638916,15.833984375,1451,131,NVIDIA A100-SXM4-40GB
meta-llama/Llama-3.1-8B-Instruct,Llama 3.1 8B,BF16,clinical_astra_b04_020,no_rag,15.013211250305176,15.833984375,203,118,NVIDIA A100-SXM4-40GB
meta-llama/Llama-3.1-8B-Instruct,Llama 3.1 8B,BF16,clinical_astra_b05_002,no_rag,15.015240669250488,15.833984375,212,129,NVIDIA A100-SXM4-40GB
meta-llama/Llama-3.1-8B-Instruct,Llama 3.1 8B,BF16,clinical_astra_b05_002,with_rag,15.335959434509277,15.833984375,1588,107,NVIDIA A100-SXM4-40GB
meta-llama/Llama-3.1-8B-Instruct,Llama 3.1 8B,BF16,clinical_astra_b05_003,with_rag,15.376229286193848,15.833984375,1755,130,NVIDIA A100-SXM4-40GB
meta-llama/Llama-3.1-8B-Instruct,Llama 3.1 8B,BF16,clinical_astra_b05_003,no_rag,15.014564514160156,15.833984375,209,155,NVIDIA A100-SXM4-40GB
meta-llama/Llama-3.1-8B-Instruct,Llama 3.1 8B,BF16,clinical_astra_b05_004,no_rag,15.010160446166992,15.833984375,185,54,NVIDIA A100-SXM4-40GB
meta-llama/Llama-3.1-8B-Instruct,Llama 3.1 8B,BF16,clinical_astra_b05_004,with_rag,15.346996307373047,15.833984375,1626,112,NVIDIA A100-SXM4-40GB
meta-llama/Llama-3.1-8B-Instruct,Llama 3.1 8B,BF16,clinical_astra_b05_005,with_rag,15.402814865112305,15.833984375,1857,127,NVIDIA A100-SXM4-40GB
meta-llama/Llama-3.1-8B-Instruct,Llama 3.1 8B,BF16,clinical_astra_b05_005,no_rag,15.012083053588867,15.833984375,198,132,NVIDIA A100-SXM4-40GB
meta-llama/Llama-3.1-8B-Instruct,Llama 3.1 8B,BF16,clinical_astra_b05_006,no_rag,15.0098237991333,15.833984375,183,80,NVIDIA A100-SXM4-40GB
meta-llama/Llama-3.1-8B-Instruct,Llama 3.1 8B,BF16,clinical_astra_b05_006,with_rag,15.392460823059082,15.833984375,1831,149,NVIDIA A100-SXM4-40GB
meta-llama/Llama-3.1-8B-Instruct,Llama 3.1 8B,BF16,clinical_astra_b05_007,with_rag,15.3392915725708,15.833984375,1603,102,NVIDIA A100-SXM4-40GB
meta-llama/Llama-3.1-8B-Instruct,Llama 3.1 8B,BF16,clinical_astra_b05_007,no_rag,15.01032829284668,15.833984375,186,134,NVIDIA A100-SXM4-40GB
meta-llama/Llama-3.1-8B-Instruct,Llama 3.1 8B,BF16,clinical_astra_b05_008,no_rag,15.015691757202148,15.833984375,214,152,NVIDIA A100-SXM4-40GB
meta-llama/Llama-3.1-8B-Instruct,Llama 3.1 8B,BF16,clinical_astra_b05_008,with_rag,15.30820369720459,15.833984375,1468,96,NVIDIA A100-SXM4-40GB
meta-llama/Llama-3.1-8B-Instruct,Llama 3.1 8B,BF16,clinical_astra_b05_009,with_rag,15.361832618713379,15.833984375,1696,172,NVIDIA A100-SXM4-40GB
meta-llama/Llama-3.1-8B-Instruct,Llama 3.1 8B,BF16,clinical_astra_b05_009,no_rag,15.014338493347168,15.833984375,208,118,NVIDIA A100-SXM4-40GB
meta-llama/Llama-3.1-8B-Instruct,Llama 3.1 8B,BF16,clinical_astra_b05_010,no_rag,15.01839828491211,15.833984375,226,107,NVIDIA A100-SXM4-40GB
meta-llama/Llama-3.1-8B-Instruct,Llama 3.1 8B,BF16,clinical_astra_b05_010,with_rag,15.343698501586914,15.833984375,1606,147,NVIDIA A100-SXM4-40GB
meta-llama/Llama-3.1-8B-Instruct,Llama 3.1 8B,BF16,clinical_astra_b05_011,with_rag,15.37926959991455,15.833984375,1771,146,NVIDIA A100-SXM4-40GB
meta-llama/Llama-3.1-8B-Instruct,Llama 3.1 8B,BF16,clinical_astra_b05_011,no_rag,15.013436317443848,15.833984375,204,107,NVIDIA A100-SXM4-40GB
meta-llama/Llama-3.1-8B-Instruct,Llama 3.1 8B,BF16,clinical_astra_b05_012,no_rag,15.015460014343262,15.833984375,209,191,NVIDIA A100-SXM4-40GB
meta-llama/Llama-3.1-8B-Instruct,Llama 3.1 8B,BF16,clinical_astra_b05_012,with_rag,15.39104175567627,15.833984375,1823,92,NVIDIA A100-SXM4-40GB
meta-llama/Llama-3.1-8B-Instruct,Llama 3.1 8B,BF16,clinical_astra_b05_013,with_rag,15.348681449890137,15.833984375,1640,124,NVIDIA A100-SXM4-40GB
meta-llama/Llama-3.1-8B-Instruct,Llama 3.1 8B,BF16,clinical_astra_b05_013,no_rag,15.017815589904785,15.833984375,199,220,NVIDIA A100-SXM4-40GB
meta-llama/Llama-3.1-8B-Instruct,Llama 3.1 8B,BF16,clinical_astra_b05_014,no_rag,15.010497093200684,15.833984375,187,97,NVIDIA A100-SXM4-40GB
meta-llama/Llama-3.1-8B-Instruct,Llama 3.1 8B,BF16,clinical_astra_b05_014,with_rag,15.326216697692871,15.833984375,1539,85,NVIDIA A100-SXM4-40GB
meta-llama/Llama-3.1-8B-Instruct,Llama 3.1 8B,BF16,clinical_astra_b05_015,with_rag,15.32310962677002,15.833984375,1531,103,NVIDIA A100-SXM4-40GB
meta-llama/Llama-3.1-8B-Instruct,Llama 3.1 8B,BF16,clinical_astra_b05_015,no_rag,15.010160446166992,15.833984375,185,89,NVIDIA A100-SXM4-40GB
meta-llama/Llama-3.1-8B-Instruct,Llama 3.1 8B,BF16,clinical_astra_b05_016,no_rag,15.009150505065918,15.833984375,179,117,NVIDIA A100-SXM4-40GB
meta-llama/Llama-3.1-8B-Instruct,Llama 3.1 8B,BF16,clinical_astra_b05_016,with_rag,15.351564407348633,15.833984375,1653,112,NVIDIA A100-SXM4-40GB
meta-llama/Llama-3.1-8B-Instruct,Llama 3.1 8B,BF16,clinical_astra_b05_017,with_rag,15.335164070129395,15.833984375,1584,145,NVIDIA A100-SXM4-40GB
meta-llama/Llama-3.1-8B-Instruct,Llama 3.1 8B,BF16,clinical_astra_b05_017,no_rag,15.013436317443848,15.833984375,204,139,NVIDIA A100-SXM4-40GB
meta-llama/Llama-3.1-8B-Instruct,Llama 3.1 8B,BF16,clinical_astra_b05_018,no_rag,15.010664939880371,15.833984375,188,110,NVIDIA A100-SXM4-40GB
meta-llama/Llama-3.1-8B-Instruct,Llama 3.1 8B,BF16,clinical_astra_b05_018,with_rag,15.311589241027832,15.833984375,1483,126,NVIDIA A100-SXM4-40GB
meta-llama/Llama-3.1-8B-Instruct,Llama 3.1 8B,BF16,clinical_astra_b05_019,with_rag,15.390429496765137,15.833984375,1819,91,NVIDIA A100-SXM4-40GB
meta-llama/Llama-3.1-8B-Instruct,Llama 3.1 8B,BF16,clinical_astra_b05_019,no_rag,15.01032829284668,15.833984375,186,113,NVIDIA A100-SXM4-40GB
meta-llama/Llama-3.1-8B-Instruct,Llama 3.1 8B,BF16,clinical_astra_b05_020,no_rag,15.014113426208496,15.833984375,207,116,NVIDIA A100-SXM4-40GB
meta-llama/Llama-3.1-8B-Instruct,Llama 3.1 8B,BF16,clinical_astra_b05_020,with_rag,15.304739952087402,15.833984375,1452,81,NVIDIA A100-SXM4-40GB
meta-llama/Llama-3.1-8B-Instruct,Llama 3.1 8B,BF16,clinical_astra_b06_002,with_rag,15.430320739746094,15.833984375,1982,162,NVIDIA A100-SXM4-40GB
meta-llama/Llama-3.1-8B-Instruct,Llama 3.1 8B,BF16,clinical_astra_b06_002,no_rag,15.013436317443848,15.833984375,204,177,NVIDIA A100-SXM4-40GB
meta-llama/Llama-3.1-8B-Instruct,Llama 3.1 8B,BF16,clinical_astra_b06_003,no_rag,15.012855529785156,15.833984375,201,161,NVIDIA A100-SXM4-40GB
meta-llama/Llama-3.1-8B-Instruct,Llama 3.1 8B,BF16,clinical_astra_b06_003,with_rag,15.321130752563477,15.833984375,1518,125,NVIDIA A100-SXM4-40GB
meta-llama/Llama-3.1-8B-Instruct,Llama 3.1 8B,BF16,clinical_astra_b06_004,with_rag,15.326812744140625,15.833984375,1542,143,NVIDIA A100-SXM4-40GB
meta-llama/Llama-3.1-8B-Instruct,Llama 3.1 8B,BF16,clinical_astra_b06_004,no_rag,15.014564514160156,15.833984375,209,154,NVIDIA A100-SXM4-40GB
meta-llama/Llama-3.1-8B-Instruct,Llama 3.1 8B,BF16,clinical_astra_b06_005,no_rag,15.011857986450195,15.833984375,197,133,NVIDIA A100-SXM4-40GB
meta-llama/Llama-3.1-8B-Instruct,Llama 3.1 8B,BF16,clinical_astra_b06_005,with_rag,15.358407020568848,15.833984375,1680,125,NVIDIA A100-SXM4-40GB
meta-llama/Llama-3.1-8B-Instruct,Llama 3.1 8B,BF16,clinical_astra_b06_006,with_rag,15.347962379455566,15.833984375,1635,110,NVIDIA A100-SXM4-40GB
meta-llama/Llama-3.1-8B-Instruct,Llama 3.1 8B,BF16,clinical_astra_b06_006,no_rag,15.014789581298828,15.833984375,210,172,NVIDIA A100-SXM4-40GB
meta-llama/Llama-3.1-8B-Instruct,Llama 3.1 8B,BF16,clinical_astra_b06_007,no_rag,15.016032218933105,15.833984375,215,143,NVIDIA A100-SXM4-40GB
meta-llama/Llama-3.1-8B-Instruct,Llama 3.1 8B,BF16,clinical_astra_b06_007,with_rag,15.35289478302002,15.833984375,1659,153,NVIDIA A100-SXM4-40GB
meta-llama/Llama-3.1-8B-Instruct,Llama 3.1 8B,BF16,clinical_astra_b06_008,with_rag,15.381804466247559,15.833984375,1784,141,NVIDIA A100-SXM4-40GB
meta-llama/Llama-3.1-8B-Instruct,Llama 3.1 8B,BF16,clinical_astra_b06_008,no_rag,15.013662338256836,15.833984375,205,133,NVIDIA A100-SXM4-40GB
meta-llama/Llama-3.1-8B-Instruct,Llama 3.1 8B,BF16,clinical_astra_b06_009,no_rag,15.013887405395508,15.833984375,206,125,NVIDIA A100-SXM4-40GB
meta-llama/Llama-3.1-8B-Instruct,Llama 3.1 8B,BF16,clinical_astra_b06_009,with_rag,15.336357116699219,15.833984375,1590,133,NVIDIA A100-SXM4-40GB
meta-llama/Llama-3.1-8B-Instruct,Llama 3.1 8B,BF16,clinical_astra_b06_010,with_rag,15.407684326171875,15.833984375,1893,84,NVIDIA A100-SXM4-40GB
meta-llama/Llama-3.1-8B-Instruct,Llama 3.1 8B,BF16,clinical_astra_b06_010,no_rag,15.013023376464844,15.833984375,202,152,NVIDIA A100-SXM4-40GB
meta-llama/Llama-3.1-8B-Instruct,Llama 3.1 8B,BF16,clinical_astra_b06_011,no_rag,15.016819953918457,15.833984375,219,150,NVIDIA A100-SXM4-40GB
meta-llama/Llama-3.1-8B-Instruct,Llama 3.1 8B,BF16,clinical_astra_b06_011,with_rag,15.358621597290039,15.833984375,1681,95,NVIDIA A100-SXM4-40GB
meta-llama/Llama-3.1-8B-Instruct,Llama 3.1 8B,BF16,clinical_astra_b06_012,with_rag,15.351564407348633,15.833984375,1653,122,NVIDIA A100-SXM4-40GB
meta-llama/Llama-3.1-8B-Instruct,Llama 3.1 8B,BF16,clinical_astra_b06_012,no_rag,15.016203880310059,15.833984375,216,165,NVIDIA A100-SXM4-40GB
meta-llama/Llama-3.1-8B-Instruct,Llama 3.1 8B,BF16,clinical_astra_b06_013,no_rag,15.013436317443848,15.833984375,204,123,NVIDIA A100-SXM4-40GB
meta-llama/Llama-3.1-8B-Instruct,Llama 3.1 8B,BF16,clinical_astra_b06_013,with_rag,15.296789169311523,15.833984375,1409,104,NVIDIA A100-SXM4-40GB
meta-llama/Llama-3.1-8B-Instruct,Llama 3.1 8B,BF16,clinical_astra_b06_014,with_rag,15.402684211730957,15.833984375,1856,129,NVIDIA A100-SXM4-40GB
meta-llama/Llama-3.1-8B-Instruct,Llama 3.1 8B,BF16,clinical_astra_b06_014,no_rag,15.011631965637207,15.833984375,196,122,NVIDIA A100-SXM4-40GB
meta-llama/Llama-3.1-8B-Instruct,Llama 3.1 8B,BF16,clinical_astra_b06_015,no_rag,15.012855529785156,15.833984375,201,111,NVIDIA A100-SXM4-40GB
meta-llama/Llama-3.1-8B-Instruct,Llama 3.1 8B,BF16,clinical_astra_b06_015,with_rag,15.32099723815918,15.833984375,1517,99,NVIDIA A100-SXM4-40GB
meta-llama/Llama-3.1-8B-Instruct,Llama 3.1 8B,BF16,clinical_astra_b06_016,with_rag,15.381219863891602,15.833984375,1781,114,NVIDIA A100-SXM4-40GB
meta-llama/Llama-3.1-8B-Instruct,Llama 3.1 8B,BF16,clinical_astra_b06_016,no_rag,15.015240669250488,15.833984375,212,138,NVIDIA A100-SXM4-40GB
meta-llama/Llama-3.1-8B-Instruct,Llama 3.1 8B,BF16,clinical_astra_b06_017,no_rag,15.016032218933105,15.833984375,215,120,NVIDIA A100-SXM4-40GB
meta-llama/Llama-3.1-8B-Instruct,Llama 3.1 8B,BF16,clinical_astra_b06_017,with_rag,15.314746856689453,15.833984375,1497,166,NVIDIA A100-SXM4-40GB
meta-llama/Llama-3.1-8B-Instruct,Llama 3.1 8B,BF16,clinical_astra_b06_018,with_rag,15.312942504882812,15.833984375,1489,87,NVIDIA A100-SXM4-40GB
meta-llama/Llama-3.1-8B-Instruct,Llama 3.1 8B,BF16,clinical_astra_b06_018,no_rag,15.013436317443848,15.833984375,204,86,NVIDIA A100-SXM4-40GB
meta-llama/Llama-3.1-8B-Instruct,Llama 3.1 8B,BF16,clinical_astra_b06_019,no_rag,15.012855529785156,15.833984375,201,139,NVIDIA A100-SXM4-40GB
meta-llama/Llama-3.1-8B-Instruct,Llama 3.1 8B,BF16,clinical_astra_b06_019,with_rag,15.380049705505371,15.833984375,1775,95,NVIDIA A100-SXM4-40GB
meta-llama/Llama-3.1-8B-Instruct,Llama 3.1 8B,BF16,clinical_astra_b06_020,with_rag,15.395258903503418,15.833984375,1843,117,NVIDIA A100-SXM4-40GB
meta-llama/Llama-3.1-8B-Instruct,Llama 3.1 8B,BF16,clinical_astra_b06_020,no_rag,15.014113426208496,15.833984375,207,115,NVIDIA A100-SXM4-40GB
google/gemma-4-12B-it,Gemma 4 12B,NF4,clinical_astra_b01_001,no_rag,7.359034538269043,7.494140625,197,108,NVIDIA A100-SXM4-40GB
google/gemma-4-12B-it,Gemma 4 12B,NF4,clinical_astra_b01_001,with_rag,7.9930195808410645,8.212890625,1722,138,NVIDIA A100-SXM4-40GB
google/gemma-4-12B-it,Gemma 4 12B,NF4,clinical_astra_b02_001,with_rag,8.022194862365723,8.32421875,1791,125,NVIDIA A100-SXM4-40GB
google/gemma-4-12B-it,Gemma 4 12B,NF4,clinical_astra_b02_001,no_rag,7.347595691680908,8.32421875,167,93,NVIDIA A100-SXM4-40GB
google/gemma-4-12B-it,Gemma 4 12B,NF4,clinical_astra_b03_001,no_rag,7.349501132965088,8.32421875,172,117,NVIDIA A100-SXM4-40GB
google/gemma-4-12B-it,Gemma 4 12B,NF4,clinical_astra_b03_001,with_rag,7.878532886505127,8.32421875,1436,187,NVIDIA A100-SXM4-40GB
google/gemma-4-12B-it,Gemma 4 12B,NF4,clinical_astra_b04_001,with_rag,7.893723964691162,8.32421875,1475,196,NVIDIA A100-SXM4-40GB
google/gemma-4-12B-it,Gemma 4 12B,NF4,clinical_astra_b04_001,no_rag,7.354075908660889,8.326171875,184,91,NVIDIA A100-SXM4-40GB
google/gemma-4-12B-it,Gemma 4 12B,NF4,clinical_astra_b05_001,no_rag,7.3601789474487305,8.326171875,200,216,NVIDIA A100-SXM4-40GB
google/gemma-4-12B-it,Gemma 4 12B,NF4,clinical_astra_b05_001,with_rag,8.02309799194336,8.326171875,1794,156,NVIDIA A100-SXM4-40GB
google/gemma-4-12B-it,Gemma 4 12B,NF4,clinical_astra_b06_001,with_rag,7.978098392486572,8.326171875,1681,183,NVIDIA A100-SXM4-40GB
google/gemma-4-12B-it,Gemma 4 12B,NF4,clinical_astra_b06_001,no_rag,7.354075908660889,8.326171875,184,350,NVIDIA A100-SXM4-40GB
google/gemma-4-12B-it,Gemma 4 12B,NF4,clinical_astra_b01_002,no_rag,7.36361026763916,8.326171875,209,114,NVIDIA A100-SXM4-40GB
google/gemma-4-12B-it,Gemma 4 12B,NF4,clinical_astra_b01_002,with_rag,7.934808254241943,8.326171875,1580,155,NVIDIA A100-SXM4-40GB
google/gemma-4-12B-it,Gemma 4 12B,NF4,clinical_astra_b01_003,with_rag,7.96513557434082,8.326171875,1647,175,NVIDIA A100-SXM4-40GB
google/gemma-4-12B-it,Gemma 4 12B,NF4,clinical_astra_b01_003,no_rag,7.34988260269165,8.326171875,173,121,NVIDIA A100-SXM4-40GB
google/gemma-4-12B-it,Gemma 4 12B,NF4,clinical_astra_b01_004,no_rag,7.360559463500977,8.326171875,201,119,NVIDIA A100-SXM4-40GB
google/gemma-4-12B-it,Gemma 4 12B,NF4,clinical_astra_b01_004,with_rag,7.969873428344727,8.326171875,1662,121,NVIDIA A100-SXM4-40GB
google/gemma-4-12B-it,Gemma 4 12B,NF4,clinical_astra_b01_005,with_rag,8.031367778778076,8.326171875,1818,161,NVIDIA A100-SXM4-40GB
google/gemma-4-12B-it,Gemma 4 12B,NF4,clinical_astra_b01_005,no_rag,7.362085342407227,8.326171875,205,162,NVIDIA A100-SXM4-40GB
google/gemma-4-12B-it,Gemma 4 12B,NF4,clinical_astra_b01_006,no_rag,7.357509613037109,8.326171875,193,150,NVIDIA A100-SXM4-40GB
google/gemma-4-12B-it,Gemma 4 12B,NF4,clinical_astra_b01_006,with_rag,7.924850940704346,8.326171875,1556,139,NVIDIA A100-SXM4-40GB
google/gemma-4-12B-it,Gemma 4 12B,NF4,clinical_astra_b01_007,with_rag,7.999288082122803,8.326171875,1739,226,NVIDIA A100-SXM4-40GB
google/gemma-4-12B-it,Gemma 4 12B,NF4,clinical_astra_b01_007,no_rag,7.366279602050781,8.326171875,216,136,NVIDIA A100-SXM4-40GB
google/gemma-4-12B-it,Gemma 4 12B,NF4,clinical_astra_b01_008,no_rag,7.356744289398193,8.326171875,191,90,NVIDIA A100-SXM4-40GB
google/gemma-4-12B-it,Gemma 4 12B,NF4,clinical_astra_b01_008,with_rag,7.904433727264404,8.326171875,1498,122,NVIDIA A100-SXM4-40GB
google/gemma-4-12B-it,Gemma 4 12B,NF4,clinical_astra_b01_009,with_rag,7.987839698791504,8.326171875,1712,238,NVIDIA A100-SXM4-40GB
google/gemma-4-12B-it,Gemma 4 12B,NF4,clinical_astra_b01_009,no_rag,7.356744289398193,8.326171875,191,153,NVIDIA A100-SXM4-40GB
google/gemma-4-12B-it,Gemma 4 12B,NF4,clinical_astra_b01_010,no_rag,7.3601789474487305,8.326171875,200,119,NVIDIA A100-SXM4-40GB
google/gemma-4-12B-it,Gemma 4 12B,NF4,clinical_astra_b01_010,with_rag,7.91514778137207,8.326171875,1528,140,NVIDIA A100-SXM4-40GB
google/gemma-4-12B-it,Gemma 4 12B,NF4,clinical_astra_b01_011,with_rag,8.180981636047363,8.513671875,2181,171,NVIDIA A100-SXM4-40GB
google/gemma-4-12B-it,Gemma 4 12B,NF4,clinical_astra_b01_011,no_rag,7.3571248054504395,8.513671875,192,139,NVIDIA A100-SXM4-40GB
google/gemma-4-12B-it,Gemma 4 12B,NF4,clinical_astra_b01_012,no_rag,7.355981349945068,8.513671875,189,251,NVIDIA A100-SXM4-40GB
google/gemma-4-12B-it,Gemma 4 12B,NF4,clinical_astra_b01_012,with_rag,7.91140604019165,8.513671875,1515,205,NVIDIA A100-SXM4-40GB
google/gemma-4-12B-it,Gemma 4 12B,NF4,clinical_astra_b01_013,with_rag,7.922787666320801,8.513671875,1547,141,NVIDIA A100-SXM4-40GB
google/gemma-4-12B-it,Gemma 4 12B,NF4,clinical_astra_b01_013,no_rag,7.3594160079956055,8.513671875,198,100,NVIDIA A100-SXM4-40GB
google/gemma-4-12B-it,Gemma 4 12B,NF4,clinical_astra_b01_014,no_rag,7.351407527923584,8.513671875,177,105,NVIDIA A100-SXM4-40GB
google/gemma-4-12B-it,Gemma 4 12B,NF4,clinical_astra_b01_014,with_rag,7.907602787017822,8.513671875,1505,86,NVIDIA A100-SXM4-40GB
google/gemma-4-12B-it,Gemma 4 12B,NF4,clinical_astra_b01_015,with_rag,8.002745151519775,8.513671875,1746,199,NVIDIA A100-SXM4-40GB
google/gemma-4-12B-it,Gemma 4 12B,NF4,clinical_astra_b01_015,no_rag,7.352931499481201,8.513671875,181,106,NVIDIA A100-SXM4-40GB
google/gemma-4-12B-it,Gemma 4 12B,NF4,clinical_astra_b01_016,no_rag,7.3510260581970215,8.513671875,176,136,NVIDIA A100-SXM4-40GB
google/gemma-4-12B-it,Gemma 4 12B,NF4,clinical_astra_b01_016,with_rag,7.983972072601318,8.513671875,1699,165,NVIDIA A100-SXM4-40GB
google/gemma-4-12B-it,Gemma 4 12B,NF4,clinical_astra_b01_017,with_rag,7.947989463806152,8.513671875,1612,186,NVIDIA A100-SXM4-40GB
google/gemma-4-12B-it,Gemma 4 12B,NF4,clinical_astra_b01_017,no_rag,7.358654022216797,8.513671875,196,107,NVIDIA A100-SXM4-40GB
google/gemma-4-12B-it,Gemma 4 12B,NF4,clinical_astra_b01_018,no_rag,7.352169513702393,8.513671875,179,118,NVIDIA A100-SXM4-40GB
google/gemma-4-12B-it,Gemma 4 12B,NF4,clinical_astra_b01_018,with_rag,7.88656759262085,8.513671875,1462,127,NVIDIA A100-SXM4-40GB
google/gemma-4-12B-it,Gemma 4 12B,NF4,clinical_astra_b01_019,with_rag,7.956667423248291,8.513671875,1629,184,NVIDIA A100-SXM4-40GB
google/gemma-4-12B-it,Gemma 4 12B,NF4,clinical_astra_b01_019,no_rag,7.353312969207764,8.513671875,182,132,NVIDIA A100-SXM4-40GB
google/gemma-4-12B-it,Gemma 4 12B,NF4,clinical_astra_b01_020,no_rag,7.353312969207764,8.513671875,182,109,NVIDIA A100-SXM4-40GB
google/gemma-4-12B-it,Gemma 4 12B,NF4,clinical_astra_b01_020,with_rag,8.052868366241455,8.513671875,1871,121,NVIDIA A100-SXM4-40GB
google/gemma-4-12B-it,Gemma 4 12B,NF4,clinical_astra_b02_002,with_rag,7.938090801239014,8.513671875,1586,180,NVIDIA A100-SXM4-40GB
google/gemma-4-12B-it,Gemma 4 12B,NF4,clinical_astra_b02_002,no_rag,7.3456902503967285,8.513671875,162,145,NVIDIA A100-SXM4-40GB
google/gemma-4-12B-it,Gemma 4 12B,NF4,clinical_astra_b02_003,no_rag,7.348357677459717,8.513671875,169,120,NVIDIA A100-SXM4-40GB
google/gemma-4-12B-it,Gemma 4 12B,NF4,clinical_astra_b02_003,with_rag,7.963839530944824,8.513671875,1651,188,NVIDIA A100-SXM4-40GB
google/gemma-4-12B-it,Gemma 4 12B,NF4,clinical_astra_b02_004,with_rag,8.064403533935547,8.513671875,1899,137,NVIDIA A100-SXM4-40GB
google/gemma-4-12B-it,Gemma 4 12B,NF4,clinical_astra_b02_004,no_rag,7.344240665435791,8.513671875,160,155,NVIDIA A100-SXM4-40GB
google/gemma-4-12B-it,Gemma 4 12B,NF4,clinical_astra_b02_005,no_rag,7.3468337059021,8.513671875,165,104,NVIDIA A100-SXM4-40GB
google/gemma-4-12B-it,Gemma 4 12B,NF4,clinical_astra_b02_005,with_rag,7.95631742477417,8.513671875,1628,178,NVIDIA A100-SXM4-40GB
google/gemma-4-12B-it,Gemma 4 12B,NF4,clinical_astra_b02_006,with_rag,8.01792573928833,8.513671875,1782,152,NVIDIA A100-SXM4-40GB
google/gemma-4-12B-it,Gemma 4 12B,NF4,clinical_astra_b02_006,no_rag,7.3468337059021,8.513671875,165,76,NVIDIA A100-SXM4-40GB
google/gemma-4-12B-it,Gemma 4 12B,NF4,clinical_astra_b02_007,no_rag,7.347214221954346,8.513671875,166,141,NVIDIA A100-SXM4-40GB
google/gemma-4-12B-it,Gemma 4 12B,NF4,clinical_astra_b02_007,with_rag,7.979974269866943,8.513671875,1688,138,NVIDIA A100-SXM4-40GB
google/gemma-4-12B-it,Gemma 4 12B,NF4,clinical_astra_b02_008,with_rag,7.999420166015625,8.513671875,1732,108,NVIDIA A100-SXM4-40GB
google/gemma-4-12B-it,Gemma 4 12B,NF4,clinical_astra_b02_008,no_rag,7.346452236175537,8.513671875,164,107,NVIDIA A100-SXM4-40GB
google/gemma-4-12B-it,Gemma 4 12B,NF4,clinical_astra_b02_009,no_rag,7.348739147186279,8.513671875,170,97,NVIDIA A100-SXM4-40GB
google/gemma-4-12B-it,Gemma 4 12B,NF4,clinical_astra_b02_009,with_rag,7.963391304016113,8.513671875,1646,128,NVIDIA A100-SXM4-40GB
google/gemma-4-12B-it,Gemma 4 12B,NF4,clinical_astra_b02_010,with_rag,7.983028888702393,8.513671875,1695,165,NVIDIA A100-SXM4-40GB
google/gemma-4-12B-it,Gemma 4 12B,NF4,clinical_astra_b02_010,no_rag,7.350644588470459,8.513671875,175,101,NVIDIA A100-SXM4-40GB
google/gemma-4-12B-it,Gemma 4 12B,NF4,clinical_astra_b02_011,no_rag,7.349120616912842,8.513671875,171,91,NVIDIA A100-SXM4-40GB
google/gemma-4-12B-it,Gemma 4 12B,NF4,clinical_astra_b02_011,with_rag,7.885899066925049,8.513671875,1458,176,NVIDIA A100-SXM4-40GB
google/gemma-4-12B-it,Gemma 4 12B,NF4,clinical_astra_b02_012,with_rag,7.882364273071289,8.513671875,1449,121,NVIDIA A100-SXM4-40GB
google/gemma-4-12B-it,Gemma 4 12B,NF4,clinical_astra_b02_012,no_rag,7.349120616912842,8.513671875,171,102,NVIDIA A100-SXM4-40GB
google/gemma-4-12B-it,Gemma 4 12B,NF4,clinical_astra_b02_013,no_rag,7.348357677459717,8.513671875,169,110,NVIDIA A100-SXM4-40GB
google/gemma-4-12B-it,Gemma 4 12B,NF4,clinical_astra_b02_013,with_rag,8.048820972442627,8.513671875,1858,113,NVIDIA A100-SXM4-40GB
google/gemma-4-12B-it,Gemma 4 12B,NF4,clinical_astra_b02_014,with_rag,7.974945068359375,8.513671875,1672,172,NVIDIA A100-SXM4-40GB
google/gemma-4-12B-it,Gemma 4 12B,NF4,clinical_astra_b02_014,no_rag,7.349120616912842,8.513671875,171,179,NVIDIA A100-SXM4-40GB
google/gemma-4-12B-it,Gemma 4 12B,NF4,clinical_astra_b02_015,no_rag,7.348739147186279,8.513671875,170,103,NVIDIA A100-SXM4-40GB
google/gemma-4-12B-it,Gemma 4 12B,NF4,clinical_astra_b02_015,with_rag,7.98894739151001,8.513671875,1710,132,NVIDIA A100-SXM4-40GB
google/gemma-4-12B-it,Gemma 4 12B,NF4,clinical_astra_b02_016,with_rag,7.934831142425537,8.513671875,1574,182,NVIDIA A100-SXM4-40GB
google/gemma-4-12B-it,Gemma 4 12B,NF4,clinical_astra_b02_016,no_rag,7.352550983428955,8.513671875,180,110,NVIDIA A100-SXM4-40GB
google/gemma-4-12B-it,Gemma 4 12B,NF4,clinical_astra_b02_017,no_rag,7.3510260581970215,8.513671875,176,106,NVIDIA A100-SXM4-40GB
google/gemma-4-12B-it,Gemma 4 12B,NF4,clinical_astra_b02_017,with_rag,7.899013519287109,8.513671875,1487,182,NVIDIA A100-SXM4-40GB
google/gemma-4-12B-it,Gemma 4 12B,NF4,clinical_astra_b02_018,with_rag,7.946813106536865,8.513671875,1607,164,NVIDIA A100-SXM4-40GB
google/gemma-4-12B-it,Gemma 4 12B,NF4,clinical_astra_b02_018,no_rag,7.350644588470459,8.513671875,175,112,NVIDIA A100-SXM4-40GB
google/gemma-4-12B-it,Gemma 4 12B,NF4,clinical_astra_b02_019,no_rag,7.347595691680908,8.513671875,167,104,NVIDIA A100-SXM4-40GB
google/gemma-4-12B-it,Gemma 4 12B,NF4,clinical_astra_b02_019,with_rag,7.915119647979736,8.513671875,1525,141,NVIDIA A100-SXM4-40GB
google/gemma-4-12B-it,Gemma 4 12B,NF4,clinical_astra_b02_020,with_rag,7.962672233581543,8.513671875,1639,127,NVIDIA A100-SXM4-40GB
google/gemma-4-12B-it,Gemma 4 12B,NF4,clinical_astra_b02_020,no_rag,7.353312969207764,8.513671875,182,101,NVIDIA A100-SXM4-40GB
google/gemma-4-12B-it,Gemma 4 12B,NF4,clinical_astra_b03_002,no_rag,7.354456424713135,8.513671875,185,192,NVIDIA A100-SXM4-40GB
google/gemma-4-12B-it,Gemma 4 12B,NF4,clinical_astra_b03_002,with_rag,7.9403252601623535,8.513671875,1592,253,NVIDIA A100-SXM4-40GB
google/gemma-4-12B-it,Gemma 4 12B,NF4,clinical_astra_b03_003,with_rag,8.064403533935547,8.513671875,1899,172,NVIDIA A100-SXM4-40GB
google/gemma-4-12B-it,Gemma 4 12B,NF4,clinical_astra_b03_003,no_rag,7.36361026763916,8.513671875,209,141,NVIDIA A100-SXM4-40GB
google/gemma-4-12B-it,Gemma 4 12B,NF4,clinical_astra_b03_004,no_rag,7.352169513702393,8.513671875,179,154,NVIDIA A100-SXM4-40GB
google/gemma-4-12B-it,Gemma 4 12B,NF4,clinical_astra_b03_004,with_rag,7.980897903442383,8.513671875,1689,164,NVIDIA A100-SXM4-40GB
google/gemma-4-12B-it,Gemma 4 12B,NF4,clinical_astra_b03_005,with_rag,7.929757595062256,8.513671875,1564,241,NVIDIA A100-SXM4-40GB
google/gemma-4-12B-it,Gemma 4 12B,NF4,clinical_astra_b03_005,no_rag,7.359034538269043,8.513671875,197,180,NVIDIA A100-SXM4-40GB
google/gemma-4-12B-it,Gemma 4 12B,NF4,clinical_astra_b03_006,no_rag,7.350644588470459,8.513671875,175,141,NVIDIA A100-SXM4-40GB
google/gemma-4-12B-it,Gemma 4 12B,NF4,clinical_astra_b03_006,with_rag,7.929375648498535,8.513671875,1563,172,NVIDIA A100-SXM4-40GB
google/gemma-4-12B-it,Gemma 4 12B,NF4,clinical_astra_b03_007,with_rag,7.9365153312683105,8.513671875,1581,180,NVIDIA A100-SXM4-40GB
google/gemma-4-12B-it,Gemma 4 12B,NF4,clinical_astra_b03_007,no_rag,7.357509613037109,8.513671875,193,139,NVIDIA A100-SXM4-40GB
google/gemma-4-12B-it,Gemma 4 12B,NF4,clinical_astra_b03_008,no_rag,7.347977161407471,8.513671875,168,128,NVIDIA A100-SXM4-40GB
google/gemma-4-12B-it,Gemma 4 12B,NF4,clinical_astra_b03_008,with_rag,7.902626037597656,8.513671875,1494,121,NVIDIA A100-SXM4-40GB
google/gemma-4-12B-it,Gemma 4 12B,NF4,clinical_astra_b03_009,with_rag,7.854552268981934,8.513671875,1379,98,NVIDIA A100-SXM4-40GB
google/gemma-4-12B-it,Gemma 4 12B,NF4,clinical_astra_b03_009,no_rag,7.348739147186279,8.513671875,170,89,NVIDIA A100-SXM4-40GB
google/gemma-4-12B-it,Gemma 4 12B,NF4,clinical_astra_b03_010,no_rag,7.35178804397583,8.513671875,178,114,NVIDIA A100-SXM4-40GB
google/gemma-4-12B-it,Gemma 4 12B,NF4,clinical_astra_b03_010,with_rag,7.923946857452393,8.513671875,1552,110,NVIDIA A100-SXM4-40GB
google/gemma-4-12B-it,Gemma 4 12B,NF4,clinical_astra_b03_011,with_rag,7.953030586242676,8.513671875,1621,143,NVIDIA A100-SXM4-40GB
google/gemma-4-12B-it,Gemma 4 12B,NF4,clinical_astra_b03_011,no_rag,7.351407527923584,8.513671875,177,149,NVIDIA A100-SXM4-40GB
google/gemma-4-12B-it,Gemma 4 12B,NF4,clinical_astra_b03_012,no_rag,7.350264072418213,8.513671875,174,119,NVIDIA A100-SXM4-40GB
google/gemma-4-12B-it,Gemma 4 12B,NF4,clinical_astra_b03_012,with_rag,7.939788341522217,8.513671875,1590,157,NVIDIA A100-SXM4-40GB
google/gemma-4-12B-it,Gemma 4 12B,NF4,clinical_astra_b03_013,with_rag,7.937735080718994,8.513671875,1582,169,NVIDIA A100-SXM4-40GB
google/gemma-4-12B-it,Gemma 4 12B,NF4,clinical_astra_b03_013,no_rag,7.350264072418213,8.513671875,174,94,NVIDIA A100-SXM4-40GB
google/gemma-4-12B-it,Gemma 4 12B,NF4,clinical_astra_b03_014,no_rag,7.352550983428955,8.513671875,180,107,NVIDIA A100-SXM4-40GB
google/gemma-4-12B-it,Gemma 4 12B,NF4,clinical_astra_b03_014,with_rag,7.952398300170898,8.513671875,1619,142,NVIDIA A100-SXM4-40GB
google/gemma-4-12B-it,Gemma 4 12B,NF4,clinical_astra_b03_015,with_rag,7.973823547363281,8.513671875,1665,116,NVIDIA A100-SXM4-40GB
google/gemma-4-12B-it,Gemma 4 12B,NF4,clinical_astra_b03_015,no_rag,7.358272552490234,8.513671875,195,136,NVIDIA A100-SXM4-40GB
google/gemma-4-12B-it,Gemma 4 12B,NF4,clinical_astra_b03_016,no_rag,7.35521936416626,8.513671875,187,80,NVIDIA A100-SXM4-40GB
google/gemma-4-12B-it,Gemma 4 12B,NF4,clinical_astra_b03_016,with_rag,7.963699817657471,8.513671875,1647,125,NVIDIA A100-SXM4-40GB
google/gemma-4-12B-it,Gemma 4 12B,NF4,clinical_astra_b03_017,with_rag,8.010229110717773,8.513671875,1766,138,NVIDIA A100-SXM4-40GB
google/gemma-4-12B-it,Gemma 4 12B,NF4,clinical_astra_b03_017,no_rag,7.35521936416626,8.513671875,187,92,NVIDIA A100-SXM4-40GB
google/gemma-4-12B-it,Gemma 4 12B,NF4,clinical_astra_b03_018,no_rag,7.358654022216797,8.513671875,196,110,NVIDIA A100-SXM4-40GB
google/gemma-4-12B-it,Gemma 4 12B,NF4,clinical_astra_b03_018,with_rag,7.978555202484131,8.513671875,1681,120,NVIDIA A100-SXM4-40GB
google/gemma-4-12B-it,Gemma 4 12B,NF4,clinical_astra_b03_019,with_rag,7.963150501251221,8.513671875,1641,128,NVIDIA A100-SXM4-40GB
google/gemma-4-12B-it,Gemma 4 12B,NF4,clinical_astra_b03_019,no_rag,7.355981349945068,8.513671875,189,119,NVIDIA A100-SXM4-40GB
google/gemma-4-12B-it,Gemma 4 12B,NF4,clinical_astra_b03_020,no_rag,7.356744289398193,8.513671875,191,109,NVIDIA A100-SXM4-40GB
google/gemma-4-12B-it,Gemma 4 12B,NF4,clinical_astra_b03_020,with_rag,7.885210037231445,8.513671875,1457,226,NVIDIA A100-SXM4-40GB
google/gemma-4-12B-it,Gemma 4 12B,NF4,clinical_astra_b04_002,with_rag,7.97145938873291,8.513671875,1663,113,NVIDIA A100-SXM4-40GB
google/gemma-4-12B-it,Gemma 4 12B,NF4,clinical_astra_b04_002,no_rag,7.3594160079956055,8.513671875,198,164,NVIDIA A100-SXM4-40GB
google/gemma-4-12B-it,Gemma 4 12B,NF4,clinical_astra_b04_003,no_rag,7.353312969207764,8.513671875,182,142,NVIDIA A100-SXM4-40GB
google/gemma-4-12B-it,Gemma 4 12B,NF4,clinical_astra_b04_003,with_rag,8.091864585876465,8.513671875,1957,165,NVIDIA A100-SXM4-40GB
google/gemma-4-12B-it,Gemma 4 12B,NF4,clinical_astra_b04_004,with_rag,7.915119647979736,8.513671875,1525,110,NVIDIA A100-SXM4-40GB
google/gemma-4-12B-it,Gemma 4 12B,NF4,clinical_astra_b04_004,no_rag,7.34988260269165,8.513671875,173,99,NVIDIA A100-SXM4-40GB
google/gemma-4-12B-it,Gemma 4 12B,NF4,clinical_astra_b04_005,no_rag,7.354075908660889,8.513671875,184,247,NVIDIA A100-SXM4-40GB
google/gemma-4-12B-it,Gemma 4 12B,NF4,clinical_astra_b04_005,with_rag,7.97695779800415,8.513671875,1678,292,NVIDIA A100-SXM4-40GB
google/gemma-4-12B-it,Gemma 4 12B,NF4,clinical_astra_b04_006,with_rag,7.979270935058594,8.513671875,1684,195,NVIDIA A100-SXM4-40GB
google/gemma-4-12B-it,Gemma 4 12B,NF4,clinical_astra_b04_006,no_rag,7.354075908660889,8.513671875,184,251,NVIDIA A100-SXM4-40GB
google/gemma-4-12B-it,Gemma 4 12B,NF4,clinical_astra_b04_007,no_rag,7.352931499481201,8.513671875,181,138,NVIDIA A100-SXM4-40GB
google/gemma-4-12B-it,Gemma 4 12B,NF4,clinical_astra_b04_007,with_rag,7.910301208496094,8.513671875,1508,204,NVIDIA A100-SXM4-40GB
google/gemma-4-12B-it,Gemma 4 12B,NF4,clinical_astra_b04_008,with_rag,7.917264938354492,8.513671875,1536,145,NVIDIA A100-SXM4-40GB
google/gemma-4-12B-it,Gemma 4 12B,NF4,clinical_astra_b04_008,no_rag,7.35521936416626,8.513671875,187,123,NVIDIA A100-SXM4-40GB
google/gemma-4-12B-it,Gemma 4 12B,NF4,clinical_astra_b04_009,no_rag,7.349120616912842,8.513671875,171,164,NVIDIA A100-SXM4-40GB
google/gemma-4-12B-it,Gemma 4 12B,NF4,clinical_astra_b04_009,with_rag,8.033071517944336,8.513671875,1826,137,NVIDIA A100-SXM4-40GB
google/gemma-4-12B-it,Gemma 4 12B,NF4,clinical_astra_b04_010,with_rag,7.87952995300293,8.513671875,1441,230,NVIDIA A100-SXM4-40GB
google/gemma-4-12B-it,Gemma 4 12B,NF4,clinical_astra_b04_010,no_rag,7.351407527923584,8.513671875,177,116,NVIDIA A100-SXM4-40GB
google/gemma-4-12B-it,Gemma 4 12B,NF4,clinical_astra_b04_011,no_rag,7.348357677459717,8.513671875,169,88,NVIDIA A100-SXM4-40GB
google/gemma-4-12B-it,Gemma 4 12B,NF4,clinical_astra_b04_011,with_rag,8.064403533935547,8.513671875,1899,173,NVIDIA A100-SXM4-40GB
google/gemma-4-12B-it,Gemma 4 12B,NF4,clinical_astra_b04_012,with_rag,7.986358165740967,8.513671875,1703,119,NVIDIA A100-SXM4-40GB
google/gemma-4-12B-it,Gemma 4 12B,NF4,clinical_astra_b04_012,no_rag,7.349501132965088,8.513671875,172,100,NVIDIA A100-SXM4-40GB
google/gemma-4-12B-it,Gemma 4 12B,NF4,clinical_astra_b04_013,no_rag,7.347595691680908,8.513671875,167,99,NVIDIA A100-SXM4-40GB
google/gemma-4-12B-it,Gemma 4 12B,NF4,clinical_astra_b04_013,with_rag,8.059675216674805,8.513671875,1888,133,NVIDIA A100-SXM4-40GB
google/gemma-4-12B-it,Gemma 4 12B,NF4,clinical_astra_b04_014,with_rag,7.907602787017822,8.513671875,1505,226,NVIDIA A100-SXM4-40GB
google/gemma-4-12B-it,Gemma 4 12B,NF4,clinical_astra_b04_014,no_rag,7.352931499481201,8.513671875,181,130,NVIDIA A100-SXM4-40GB
google/gemma-4-12B-it,Gemma 4 12B,NF4,clinical_astra_b04_015,no_rag,7.350264072418213,8.513671875,174,86,NVIDIA A100-SXM4-40GB
google/gemma-4-12B-it,Gemma 4 12B,NF4,clinical_astra_b04_015,with_rag,8.00483226776123,8.513671875,1751,199,NVIDIA A100-SXM4-40GB
google/gemma-4-12B-it,Gemma 4 12B,NF4,clinical_astra_b04_016,with_rag,7.9795098304748535,8.513671875,1685,209,NVIDIA A100-SXM4-40GB
google/gemma-4-12B-it,Gemma 4 12B,NF4,clinical_astra_b04_016,no_rag,7.356744289398193,8.513671875,191,135,NVIDIA A100-SXM4-40GB
google/gemma-4-12B-it,Gemma 4 12B,NF4,clinical_astra_b04_017,no_rag,7.348357677459717,8.513671875,169,80,NVIDIA A100-SXM4-40GB
google/gemma-4-12B-it,Gemma 4 12B,NF4,clinical_astra_b04_017,with_rag,7.986358165740967,8.513671875,1703,221,NVIDIA A100-SXM4-40GB
google/gemma-4-12B-it,Gemma 4 12B,NF4,clinical_astra_b04_018,with_rag,7.951037406921387,8.513671875,1614,110,NVIDIA A100-SXM4-40GB
google/gemma-4-12B-it,Gemma 4 12B,NF4,clinical_astra_b04_018,no_rag,7.352550983428955,8.513671875,180,134,NVIDIA A100-SXM4-40GB
google/gemma-4-12B-it,Gemma 4 12B,NF4,clinical_astra_b04_019,no_rag,7.3510260581970215,8.513671875,176,149,NVIDIA A100-SXM4-40GB
google/gemma-4-12B-it,Gemma 4 12B,NF4,clinical_astra_b04_019,with_rag,7.907660484313965,8.513671875,1506,155,NVIDIA A100-SXM4-40GB
google/gemma-4-12B-it,Gemma 4 12B,NF4,clinical_astra_b04_020,with_rag,7.890675067901611,8.513671875,1468,129,NVIDIA A100-SXM4-40GB
google/gemma-4-12B-it,Gemma 4 12B,NF4,clinical_astra_b04_020,no_rag,7.352550983428955,8.513671875,180,96,NVIDIA A100-SXM4-40GB
google/gemma-4-12B-it,Gemma 4 12B,NF4,clinical_astra_b05_002,no_rag,7.357891082763672,8.513671875,194,153,NVIDIA A100-SXM4-40GB
google/gemma-4-12B-it,Gemma 4 12B,NF4,clinical_astra_b05_002,with_rag,7.941129207611084,8.513671875,1595,150,NVIDIA A100-SXM4-40GB
google/gemma-4-12B-it,Gemma 4 12B,NF4,clinical_astra_b05_003,with_rag,8.008522510528564,8.513671875,1754,162,NVIDIA A100-SXM4-40GB
google/gemma-4-12B-it,Gemma 4 12B,NF4,clinical_astra_b05_003,no_rag,7.357509613037109,8.513671875,193,200,NVIDIA A100-SXM4-40GB
google/gemma-4-12B-it,Gemma 4 12B,NF4,clinical_astra_b05_004,no_rag,7.347214221954346,8.513671875,166,85,NVIDIA A100-SXM4-40GB
google/gemma-4-12B-it,Gemma 4 12B,NF4,clinical_astra_b05_004,with_rag,7.975297451019287,8.513671875,1674,159,NVIDIA A100-SXM4-40GB
google/gemma-4-12B-it,Gemma 4 12B,NF4,clinical_astra_b05_005,with_rag,8.099010944366455,8.513671875,1973,114,NVIDIA A100-SXM4-40GB
google/gemma-4-12B-it,Gemma 4 12B,NF4,clinical_astra_b05_005,no_rag,7.3510260581970215,8.513671875,176,101,NVIDIA A100-SXM4-40GB
google/gemma-4-12B-it,Gemma 4 12B,NF4,clinical_astra_b05_006,no_rag,7.346070766448975,8.515625,163,94,NVIDIA A100-SXM4-40GB
google/gemma-4-12B-it,Gemma 4 12B,NF4,clinical_astra_b05_006,with_rag,8.048820972442627,8.515625,1858,103,NVIDIA A100-SXM4-40GB
google/gemma-4-12B-it,Gemma 4 12B,NF4,clinical_astra_b05_007,with_rag,7.95631742477417,8.515625,1628,86,NVIDIA A100-SXM4-40GB
google/gemma-4-12B-it,Gemma 4 12B,NF4,clinical_astra_b05_007,no_rag,7.348357677459717,8.515625,169,236,NVIDIA A100-SXM4-40GB
google/gemma-4-12B-it,Gemma 4 12B,NF4,clinical_astra_b05_008,no_rag,7.357891082763672,8.515625,194,155,NVIDIA A100-SXM4-40GB
google/gemma-4-12B-it,Gemma 4 12B,NF4,clinical_astra_b05_008,with_rag,7.8971076011657715,8.515625,1479,205,NVIDIA A100-SXM4-40GB
google/gemma-4-12B-it,Gemma 4 12B,NF4,clinical_astra_b05_009,with_rag,7.992985725402832,8.515625,1721,209,NVIDIA A100-SXM4-40GB
google/gemma-4-12B-it,Gemma 4 12B,NF4,clinical_astra_b05_009,no_rag,7.3571248054504395,8.515625,192,181,NVIDIA A100-SXM4-40GB
google/gemma-4-12B-it,Gemma 4 12B,NF4,clinical_astra_b05_010,no_rag,7.362085342407227,8.515625,205,146,NVIDIA A100-SXM4-40GB
google/gemma-4-12B-it,Gemma 4 12B,NF4,clinical_astra_b05_010,with_rag,7.947202682495117,8.515625,1608,227,NVIDIA A100-SXM4-40GB
google/gemma-4-12B-it,Gemma 4 12B,NF4,clinical_astra_b05_011,with_rag,8.06181287765503,8.515625,1893,163,NVIDIA A100-SXM4-40GB
google/gemma-4-12B-it,Gemma 4 12B,NF4,clinical_astra_b05_011,no_rag,7.354456424713135,8.515625,185,133,NVIDIA A100-SXM4-40GB
google/gemma-4-12B-it,Gemma 4 12B,NF4,clinical_astra_b05_012,no_rag,7.354075908660889,8.515625,184,248,NVIDIA A100-SXM4-40GB
google/gemma-4-12B-it,Gemma 4 12B,NF4,clinical_astra_b05_012,with_rag,8.030394077301025,8.515625,1820,213,NVIDIA A100-SXM4-40GB
google/gemma-4-12B-it,Gemma 4 12B,NF4,clinical_astra_b05_013,with_rag,7.980897903442383,8.515625,1689,161,NVIDIA A100-SXM4-40GB
google/gemma-4-12B-it,Gemma 4 12B,NF4,clinical_astra_b05_013,no_rag,7.352931499481201,8.515625,181,164,NVIDIA A100-SXM4-40GB
google/gemma-4-12B-it,Gemma 4 12B,NF4,clinical_astra_b05_014,no_rag,7.347977161407471,8.515625,168,81,NVIDIA A100-SXM4-40GB
google/gemma-4-12B-it,Gemma 4 12B,NF4,clinical_astra_b05_014,with_rag,7.915704727172852,8.515625,1528,112,NVIDIA A100-SXM4-40GB
google/gemma-4-12B-it,Gemma 4 12B,NF4,clinical_astra_b05_015,with_rag,7.920688629150391,8.515625,1543,119,NVIDIA A100-SXM4-40GB
google/gemma-4-12B-it,Gemma 4 12B,NF4,clinical_astra_b05_015,no_rag,7.347214221954346,8.515625,166,128,NVIDIA A100-SXM4-40GB
google/gemma-4-12B-it,Gemma 4 12B,NF4,clinical_astra_b05_016,no_rag,7.343874454498291,8.515625,159,72,NVIDIA A100-SXM4-40GB
google/gemma-4-12B-it,Gemma 4 12B,NF4,clinical_astra_b05_016,with_rag,7.967512130737305,8.515625,1655,133,NVIDIA A100-SXM4-40GB
google/gemma-4-12B-it,Gemma 4 12B,NF4,clinical_astra_b05_017,with_rag,7.952398300170898,8.515625,1619,155,NVIDIA A100-SXM4-40GB
google/gemma-4-12B-it,Gemma 4 12B,NF4,clinical_astra_b05_017,no_rag,7.355981349945068,8.515625,189,108,NVIDIA A100-SXM4-40GB
google/gemma-4-12B-it,Gemma 4 12B,NF4,clinical_astra_b05_018,no_rag,7.348739147186279,8.515625,170,148,NVIDIA A100-SXM4-40GB
google/gemma-4-12B-it,Gemma 4 12B,NF4,clinical_astra_b05_018,with_rag,7.896854877471924,8.515625,1483,130,NVIDIA A100-SXM4-40GB
google/gemma-4-12B-it,Gemma 4 12B,NF4,clinical_astra_b05_019,with_rag,8.081428050994873,8.515625,1941,146,NVIDIA A100-SXM4-40GB
google/gemma-4-12B-it,Gemma 4 12B,NF4,clinical_astra_b05_019,no_rag,7.346452236175537,8.515625,164,157,NVIDIA A100-SXM4-40GB
google/gemma-4-12B-it,Gemma 4 12B,NF4,clinical_astra_b05_020,no_rag,7.356744289398193,8.515625,191,144,NVIDIA A100-SXM4-40GB
google/gemma-4-12B-it,Gemma 4 12B,NF4,clinical_astra_b05_020,with_rag,7.88656759262085,8.515625,1462,130,NVIDIA A100-SXM4-40GB
google/gemma-4-12B-it,Gemma 4 12B,NF4,clinical_astra_b06_002,with_rag,8.148006439208984,8.515625,2103,272,NVIDIA A100-SXM4-40GB
google/gemma-4-12B-it,Gemma 4 12B,NF4,clinical_astra_b06_002,no_rag,7.355600833892822,8.515625,188,116,NVIDIA A100-SXM4-40GB
google/gemma-4-12B-it,Gemma 4 12B,NF4,clinical_astra_b06_003,no_rag,7.353694438934326,8.515625,183,126,NVIDIA A100-SXM4-40GB
google/gemma-4-12B-it,Gemma 4 12B,NF4,clinical_astra_b06_003,with_rag,7.900514125823975,8.515625,1490,152,NVIDIA A100-SXM4-40GB
google/gemma-4-12B-it,Gemma 4 12B,NF4,clinical_astra_b06_004,with_rag,7.915704727172852,8.515625,1528,191,NVIDIA A100-SXM4-40GB
google/gemma-4-12B-it,Gemma 4 12B,NF4,clinical_astra_b06_004,no_rag,7.35521936416626,8.515625,187,178,NVIDIA A100-SXM4-40GB
google/gemma-4-12B-it,Gemma 4 12B,NF4,clinical_astra_b06_005,no_rag,7.3510260581970215,8.515625,176,152,NVIDIA A100-SXM4-40GB
google/gemma-4-12B-it,Gemma 4 12B,NF4,clinical_astra_b06_005,with_rag,7.978555202484131,8.515625,1681,184,NVIDIA A100-SXM4-40GB
google/gemma-4-12B-it,Gemma 4 12B,NF4,clinical_astra_b06_006,with_rag,7.944869041442871,8.515625,1602,127,NVIDIA A100-SXM4-40GB
google/gemma-4-12B-it,Gemma 4 12B,NF4,clinical_astra_b06_006,no_rag,7.352931499481201,8.515625,181,108,NVIDIA A100-SXM4-40GB
google/gemma-4-12B-it,Gemma 4 12B,NF4,clinical_astra_b06_007,no_rag,7.358654022216797,8.515625,196,170,NVIDIA A100-SXM4-40GB
google/gemma-4-12B-it,Gemma 4 12B,NF4,clinical_astra_b06_007,with_rag,7.964588165283203,8.515625,1654,205,NVIDIA A100-SXM4-40GB
google/gemma-4-12B-it,Gemma 4 12B,NF4,clinical_astra_b06_008,with_rag,8.015380382537842,8.515625,1774,178,NVIDIA A100-SXM4-40GB
google/gemma-4-12B-it,Gemma 4 12B,NF4,clinical_astra_b06_008,no_rag,7.354075908660889,8.515625,184,119,NVIDIA A100-SXM4-40GB
google/gemma-4-12B-it,Gemma 4 12B,NF4,clinical_astra_b06_009,no_rag,7.354456424713135,8.515625,185,108,NVIDIA A100-SXM4-40GB
google/gemma-4-12B-it,Gemma 4 12B,NF4,clinical_astra_b06_009,with_rag,7.9365153312683105,8.515625,1581,187,NVIDIA A100-SXM4-40GB
google/gemma-4-12B-it,Gemma 4 12B,NF4,clinical_astra_b06_010,with_rag,8.080831050872803,8.515625,1938,199,NVIDIA A100-SXM4-40GB
google/gemma-4-12B-it,Gemma 4 12B,NF4,clinical_astra_b06_010,no_rag,7.5195794105529785,8.515625,185,1024,NVIDIA A100-SXM4-40GB
google/gemma-4-12B-it,Gemma 4 12B,NF4,clinical_astra_b06_011,no_rag,7.360559463500977,8.515625,201,206,NVIDIA A100-SXM4-40GB
google/gemma-4-12B-it,Gemma 4 12B,NF4,clinical_astra_b06_011,with_rag,7.971217155456543,8.515625,1662,158,NVIDIA A100-SXM4-40GB
google/gemma-4-12B-it,Gemma 4 12B,NF4,clinical_astra_b06_012,with_rag,7.968940258026123,8.515625,1660,183,NVIDIA A100-SXM4-40GB
google/gemma-4-12B-it,Gemma 4 12B,NF4,clinical_astra_b06_012,no_rag,7.359797477722168,8.515625,199,163,NVIDIA A100-SXM4-40GB
google/gemma-4-12B-it,Gemma 4 12B,NF4,clinical_astra_b06_013,no_rag,7.352931499481201,8.515625,181,153,NVIDIA A100-SXM4-40GB
google/gemma-4-12B-it,Gemma 4 12B,NF4,clinical_astra_b06_013,with_rag,7.87364387512207,8.515625,1425,186,NVIDIA A100-SXM4-40GB
google/gemma-4-12B-it,Gemma 4 12B,NF4,clinical_astra_b06_014,with_rag,8.178808689117432,8.515625,2177,204,NVIDIA A100-SXM4-40GB
google/gemma-4-12B-it,Gemma 4 12B,NF4,clinical_astra_b06_014,no_rag,7.3510260581970215,8.515625,176,141,NVIDIA A100-SXM4-40GB
google/gemma-4-12B-it,Gemma 4 12B,NF4,clinical_astra_b06_015,no_rag,7.353312969207764,8.515625,182,87,NVIDIA A100-SXM4-40GB
google/gemma-4-12B-it,Gemma 4 12B,NF4,clinical_astra_b06_015,with_rag,7.916032791137695,8.515625,1524,140,NVIDIA A100-SXM4-40GB
google/gemma-4-12B-it,Gemma 4 12B,NF4,clinical_astra_b06_016,with_rag,8.027730941772461,8.515625,1812,114,NVIDIA A100-SXM4-40GB
google/gemma-4-12B-it,Gemma 4 12B,NF4,clinical_astra_b06_016,no_rag,7.357509613037109,8.515625,193,95,NVIDIA A100-SXM4-40GB
google/gemma-4-12B-it,Gemma 4 12B,NF4,clinical_astra_b06_017,no_rag,7.358272552490234,8.515625,195,91,NVIDIA A100-SXM4-40GB
google/gemma-4-12B-it,Gemma 4 12B,NF4,clinical_astra_b06_017,with_rag,7.916032791137695,8.515625,1524,158,NVIDIA A100-SXM4-40GB
google/gemma-4-12B-it,Gemma 4 12B,NF4,clinical_astra_b06_018,with_rag,7.899490833282471,8.515625,1488,175,NVIDIA A100-SXM4-40GB
google/gemma-4-12B-it,Gemma 4 12B,NF4,clinical_astra_b06_018,no_rag,7.354837894439697,8.515625,186,139,NVIDIA A100-SXM4-40GB
google/gemma-4-12B-it,Gemma 4 12B,NF4,clinical_astra_b06_019,no_rag,7.35178804397583,8.515625,178,144,NVIDIA A100-SXM4-40GB
google/gemma-4-12B-it,Gemma 4 12B,NF4,clinical_astra_b06_019,with_rag,8.026641845703125,8.515625,1804,197,NVIDIA A100-SXM4-40GB
google/gemma-4-12B-it,Gemma 4 12B,NF4,clinical_astra_b06_020,with_rag,8.08155345916748,8.515625,1943,160,NVIDIA A100-SXM4-40GB
google/gemma-4-12B-it,Gemma 4 12B,NF4,clinical_astra_b06_020,no_rag,7.355981349945068,8.515625,189,165,NVIDIA A100-SXM4-40GB
google/gemma-4-12B-it,Gemma 4 12B,BF16,clinical_astra_b01_001,no_rag,22.41962242126465,22.55078125,197,81,NVIDIA A100-SXM4-40GB
google/gemma-4-12B-it,Gemma 4 12B,BF16,clinical_astra_b01_001,with_rag,23.05192232131958,23.423828125,1722,70,NVIDIA A100-SXM4-40GB
google/gemma-4-12B-it,Gemma 4 12B,BF16,clinical_astra_b02_001,with_rag,23.078514099121094,23.533203125,1791,120,NVIDIA A100-SXM4-40GB
google/gemma-4-12B-it,Gemma 4 12B,BF16,clinical_astra_b02_001,no_rag,22.37250280380249,23.533203125,167,89,NVIDIA A100-SXM4-40GB
google/gemma-4-12B-it,Gemma 4 12B,BF16,clinical_astra_b03_001,no_rag,22.404014587402344,23.533203125,172,87,NVIDIA A100-SXM4-40GB
google/gemma-4-12B-it,Gemma 4 12B,BF16,clinical_astra_b03_001,with_rag,22.923521518707275,23.533203125,1436,169,NVIDIA A100-SXM4-40GB
google/gemma-4-12B-it,Gemma 4 12B,BF16,clinical_astra_b04_001,with_rag,22.939008235931396,23.533203125,1475,164,NVIDIA A100-SXM4-40GB
google/gemma-4-12B-it,Gemma 4 12B,BF16,clinical_astra_b04_001,no_rag,22.419620513916016,23.533203125,184,143,NVIDIA A100-SXM4-40GB
google/gemma-4-12B-it,Gemma 4 12B,BF16,clinical_astra_b05_001,no_rag,22.41962242126465,23.533203125,200,112,NVIDIA A100-SXM4-40GB
google/gemma-4-12B-it,Gemma 4 12B,BF16,clinical_astra_b05_001,with_rag,23.080399990081787,23.646484375,1794,123,NVIDIA A100-SXM4-40GB
google/gemma-4-12B-it,Gemma 4 12B,BF16,clinical_astra_b06_001,with_rag,23.03096628189087,23.646484375,1681,288,NVIDIA A100-SXM4-40GB
google/gemma-4-12B-it,Gemma 4 12B,BF16,clinical_astra_b06_001,no_rag,22.425710678100586,23.646484375,184,192,NVIDIA A100-SXM4-40GB
google/gemma-4-12B-it,Gemma 4 12B,BF16,clinical_astra_b01_002,no_rag,22.41962242126465,23.646484375,209,95,NVIDIA A100-SXM4-40GB
google/gemma-4-12B-it,Gemma 4 12B,BF16,clinical_astra_b01_002,with_rag,22.987008571624756,23.646484375,1580,99,NVIDIA A100-SXM4-40GB
google/gemma-4-12B-it,Gemma 4 12B,BF16,clinical_astra_b01_003,with_rag,23.022781372070312,23.646484375,1647,176,NVIDIA A100-SXM4-40GB
google/gemma-4-12B-it,Gemma 4 12B,BF16,clinical_astra_b01_003,no_rag,22.419620513916016,23.646484375,173,93,NVIDIA A100-SXM4-40GB
google/gemma-4-12B-it,Gemma 4 12B,BF16,clinical_astra_b01_004,no_rag,22.41962242126465,23.646484375,201,91,NVIDIA A100-SXM4-40GB
google/gemma-4-12B-it,Gemma 4 12B,BF16,clinical_astra_b01_004,with_rag,23.026814460754395,23.646484375,1662,116,NVIDIA A100-SXM4-40GB
google/gemma-4-12B-it,Gemma 4 12B,BF16,clinical_astra_b01_005,with_rag,23.095298290252686,23.646484375,1818,161,NVIDIA A100-SXM4-40GB
google/gemma-4-12B-it,Gemma 4 12B,BF16,clinical_astra_b01_005,no_rag,22.41962242126465,23.646484375,205,97,NVIDIA A100-SXM4-40GB
google/gemma-4-12B-it,Gemma 4 12B,BF16,clinical_astra_b01_006,no_rag,22.41962242126465,23.646484375,193,113,NVIDIA A100-SXM4-40GB
google/gemma-4-12B-it,Gemma 4 12B,BF16,clinical_astra_b01_006,with_rag,22.976297855377197,23.646484375,1556,111,NVIDIA A100-SXM4-40GB
google/gemma-4-12B-it,Gemma 4 12B,BF16,clinical_astra_b01_007,with_rag,23.05504083633423,23.646484375,1739,204,NVIDIA A100-SXM4-40GB
google/gemma-4-12B-it,Gemma 4 12B,BF16,clinical_astra_b01_007,no_rag,22.41962242126465,23.646484375,216,142,NVIDIA A100-SXM4-40GB
google/gemma-4-12B-it,Gemma 4 12B,BF16,clinical_astra_b01_008,no_rag,22.419620513916016,23.646484375,191,80,NVIDIA A100-SXM4-40GB
google/gemma-4-12B-it,Gemma 4 12B,BF16,clinical_astra_b01_008,with_rag,22.953020572662354,23.646484375,1498,125,NVIDIA A100-SXM4-40GB
google/gemma-4-12B-it,Gemma 4 12B,BF16,clinical_astra_b01_009,with_rag,23.047302722930908,23.646484375,1712,178,NVIDIA A100-SXM4-40GB
google/gemma-4-12B-it,Gemma 4 12B,BF16,clinical_astra_b01_009,no_rag,22.419620513916016,23.646484375,191,89,NVIDIA A100-SXM4-40GB
google/gemma-4-12B-it,Gemma 4 12B,BF16,clinical_astra_b01_010,no_rag,22.41962242126465,23.646484375,200,77,NVIDIA A100-SXM4-40GB
google/gemma-4-12B-it,Gemma 4 12B,BF16,clinical_astra_b01_010,with_rag,22.964940071105957,23.646484375,1528,164,NVIDIA A100-SXM4-40GB
google/gemma-4-12B-it,Gemma 4 12B,BF16,clinical_astra_b01_011,with_rag,23.263566493988037,23.970703125,2181,197,NVIDIA A100-SXM4-40GB
google/gemma-4-12B-it,Gemma 4 12B,BF16,clinical_astra_b01_011,no_rag,22.419620513916016,23.970703125,192,118,NVIDIA A100-SXM4-40GB
google/gemma-4-12B-it,Gemma 4 12B,BF16,clinical_astra_b01_012,no_rag,22.419620513916016,23.970703125,189,117,NVIDIA A100-SXM4-40GB
google/gemma-4-12B-it,Gemma 4 12B,BF16,clinical_astra_b01_012,with_rag,22.960078239440918,23.970703125,1515,121,NVIDIA A100-SXM4-40GB
google/gemma-4-12B-it,Gemma 4 12B,BF16,clinical_astra_b01_013,with_rag,22.97391176223755,23.970703125,1547,124,NVIDIA A100-SXM4-40GB
google/gemma-4-12B-it,Gemma 4 12B,BF16,clinical_astra_b01_013,no_rag,22.41962242126465,23.970703125,198,100,NVIDIA A100-SXM4-40GB
google/gemma-4-12B-it,Gemma 4 12B,BF16,clinical_astra_b01_014,no_rag,22.366925716400146,23.970703125,177,62,NVIDIA A100-SXM4-40GB
google/gemma-4-12B-it,Gemma 4 12B,BF16,clinical_astra_b01_014,with_rag,22.954679489135742,23.970703125,1505,114,NVIDIA A100-SXM4-40GB
google/gemma-4-12B-it,Gemma 4 12B,BF16,clinical_astra_b01_015,with_rag,23.063426971435547,23.970703125,1746,83,NVIDIA A100-SXM4-40GB
google/gemma-4-12B-it,Gemma 4 12B,BF16,clinical_astra_b01_015,no_rag,22.419620513916016,23.970703125,181,89,NVIDIA A100-SXM4-40GB
google/gemma-4-12B-it,Gemma 4 12B,BF16,clinical_astra_b01_016,no_rag,22.419620513916016,23.970703125,176,109,NVIDIA A100-SXM4-40GB
google/gemma-4-12B-it,Gemma 4 12B,BF16,clinical_astra_b01_016,with_rag,23.039438724517822,23.970703125,1699,166,NVIDIA A100-SXM4-40GB
google/gemma-4-12B-it,Gemma 4 12B,BF16,clinical_astra_b01_017,with_rag,23.00082302093506,23.970703125,1612,138,NVIDIA A100-SXM4-40GB
google/gemma-4-12B-it,Gemma 4 12B,BF16,clinical_astra_b01_017,no_rag,22.41962242126465,23.970703125,196,97,NVIDIA A100-SXM4-40GB
google/gemma-4-12B-it,Gemma 4 12B,BF16,clinical_astra_b01_018,no_rag,22.419620513916016,23.970703125,179,99,NVIDIA A100-SXM4-40GB
google/gemma-4-12B-it,Gemma 4 12B,BF16,clinical_astra_b01_018,with_rag,22.931908130645752,23.970703125,1462,118,NVIDIA A100-SXM4-40GB
google/gemma-4-12B-it,Gemma 4 12B,BF16,clinical_astra_b01_019,with_rag,23.01372766494751,23.970703125,1629,137,NVIDIA A100-SXM4-40GB
google/gemma-4-12B-it,Gemma 4 12B,BF16,clinical_astra_b01_019,no_rag,22.419620513916016,23.970703125,182,113,NVIDIA A100-SXM4-40GB
google/gemma-4-12B-it,Gemma 4 12B,BF16,clinical_astra_b01_020,no_rag,22.419620513916016,23.970703125,182,90,NVIDIA A100-SXM4-40GB
google/gemma-4-12B-it,Gemma 4 12B,BF16,clinical_astra_b01_020,with_rag,23.121217250823975,23.970703125,1871,119,NVIDIA A100-SXM4-40GB
google/gemma-4-12B-it,Gemma 4 12B,BF16,clinical_astra_b02_002,with_rag,22.99347162246704,23.970703125,1586,123,NVIDIA A100-SXM4-40GB
google/gemma-4-12B-it,Gemma 4 12B,BF16,clinical_astra_b02_002,no_rag,22.419620513916016,23.970703125,162,108,NVIDIA A100-SXM4-40GB
google/gemma-4-12B-it,Gemma 4 12B,BF16,clinical_astra_b02_003,no_rag,22.371190547943115,23.970703125,169,83,NVIDIA A100-SXM4-40GB
google/gemma-4-12B-it,Gemma 4 12B,BF16,clinical_astra_b02_003,with_rag,23.023385047912598,23.970703125,1651,144,NVIDIA A100-SXM4-40GB
google/gemma-4-12B-it,Gemma 4 12B,BF16,clinical_astra_b02_004,with_rag,23.129433631896973,23.970703125,1899,155,NVIDIA A100-SXM4-40GB
google/gemma-4-12B-it,Gemma 4 12B,BF16,clinical_astra_b02_004,no_rag,22.366925716400146,23.970703125,160,79,NVIDIA A100-SXM4-40GB
google/gemma-4-12B-it,Gemma 4 12B,BF16,clinical_astra_b02_005,no_rag,22.370534420013428,23.970703125,165,85,NVIDIA A100-SXM4-40GB
google/gemma-4-12B-it,Gemma 4 12B,BF16,clinical_astra_b02_005,with_rag,23.013484954833984,23.970703125,1628,155,NVIDIA A100-SXM4-40GB
google/gemma-4-12B-it,Gemma 4 12B,BF16,clinical_astra_b02_006,with_rag,23.073906898498535,23.970703125,1782,121,NVIDIA A100-SXM4-40GB
google/gemma-4-12B-it,Gemma 4 12B,BF16,clinical_astra_b02_006,no_rag,22.363973140716553,23.970703125,165,65,NVIDIA A100-SXM4-40GB
google/gemma-4-12B-it,Gemma 4 12B,BF16,clinical_astra_b02_007,no_rag,22.419620513916016,23.970703125,166,154,NVIDIA A100-SXM4-40GB
google/gemma-4-12B-it,Gemma 4 12B,BF16,clinical_astra_b02_007,with_rag,23.037498950958252,23.970703125,1688,180,NVIDIA A100-SXM4-40GB
google/gemma-4-12B-it,Gemma 4 12B,BF16,clinical_astra_b02_008,with_rag,23.05206871032715,23.970703125,1732,142,NVIDIA A100-SXM4-40GB
google/gemma-4-12B-it,Gemma 4 12B,BF16,clinical_astra_b02_008,no_rag,22.366925716400146,23.970703125,164,75,NVIDIA A100-SXM4-40GB
google/gemma-4-12B-it,Gemma 4 12B,BF16,clinical_astra_b02_009,no_rag,22.419620513916016,23.970703125,170,129,NVIDIA A100-SXM4-40GB
google/gemma-4-12B-it,Gemma 4 12B,BF16,clinical_astra_b02_009,with_rag,23.022629737854004,23.970703125,1646,122,NVIDIA A100-SXM4-40GB
google/gemma-4-12B-it,Gemma 4 12B,BF16,clinical_astra_b02_010,with_rag,23.03843927383423,23.970703125,1695,123,NVIDIA A100-SXM4-40GB
google/gemma-4-12B-it,Gemma 4 12B,BF16,clinical_astra_b02_010,no_rag,22.419620513916016,23.970703125,175,104,NVIDIA A100-SXM4-40GB
google/gemma-4-12B-it,Gemma 4 12B,BF16,clinical_astra_b02_011,no_rag,22.419620513916016,23.970703125,171,104,NVIDIA A100-SXM4-40GB
google/gemma-4-12B-it,Gemma 4 12B,BF16,clinical_astra_b02_011,with_rag,22.930802822113037,23.970703125,1458,159,NVIDIA A100-SXM4-40GB
google/gemma-4-12B-it,Gemma 4 12B,BF16,clinical_astra_b02_012,with_rag,22.926959991455078,23.970703125,1449,142,NVIDIA A100-SXM4-40GB
google/gemma-4-12B-it,Gemma 4 12B,BF16,clinical_astra_b02_012,no_rag,22.419620513916016,23.970703125,171,118,NVIDIA A100-SXM4-40GB
google/gemma-4-12B-it,Gemma 4 12B,BF16,clinical_astra_b02_013,no_rag,22.419620513916016,23.970703125,169,94,NVIDIA A100-SXM4-40GB
google/gemma-4-12B-it,Gemma 4 12B,BF16,clinical_astra_b02_013,with_rag,23.110777378082275,23.970703125,1858,99,NVIDIA A100-SXM4-40GB
google/gemma-4-12B-it,Gemma 4 12B,BF16,clinical_astra_b02_014,with_rag,23.02720308303833,23.970703125,1672,186,NVIDIA A100-SXM4-40GB
google/gemma-4-12B-it,Gemma 4 12B,BF16,clinical_astra_b02_014,no_rag,22.419620513916016,23.970703125,171,161,NVIDIA A100-SXM4-40GB
google/gemma-4-12B-it,Gemma 4 12B,BF16,clinical_astra_b02_015,no_rag,22.419620513916016,23.970703125,170,101,NVIDIA A100-SXM4-40GB
google/gemma-4-12B-it,Gemma 4 12B,BF16,clinical_astra_b02_015,with_rag,23.046720027923584,23.970703125,1710,124,NVIDIA A100-SXM4-40GB
google/gemma-4-12B-it,Gemma 4 12B,BF16,clinical_astra_b02_016,with_rag,22.983953952789307,23.970703125,1574,97,NVIDIA A100-SXM4-40GB
google/gemma-4-12B-it,Gemma 4 12B,BF16,clinical_astra_b02_016,no_rag,22.419620513916016,23.970703125,180,96,NVIDIA A100-SXM4-40GB
google/gemma-4-12B-it,Gemma 4 12B,BF16,clinical_astra_b02_017,no_rag,22.419620513916016,23.970703125,176,93,NVIDIA A100-SXM4-40GB
google/gemma-4-12B-it,Gemma 4 12B,BF16,clinical_astra_b02_017,with_rag,22.942291259765625,23.970703125,1487,157,NVIDIA A100-SXM4-40GB
google/gemma-4-12B-it,Gemma 4 12B,BF16,clinical_astra_b02_018,with_rag,22.999928951263428,23.970703125,1607,137,NVIDIA A100-SXM4-40GB
google/gemma-4-12B-it,Gemma 4 12B,BF16,clinical_astra_b02_018,no_rag,22.419620513916016,23.970703125,175,145,NVIDIA A100-SXM4-40GB
google/gemma-4-12B-it,Gemma 4 12B,BF16,clinical_astra_b02_019,no_rag,22.419620513916016,23.970703125,167,104,NVIDIA A100-SXM4-40GB
google/gemma-4-12B-it,Gemma 4 12B,BF16,clinical_astra_b02_019,with_rag,22.963953018188477,23.970703125,1525,108,NVIDIA A100-SXM4-40GB
google/gemma-4-12B-it,Gemma 4 12B,BF16,clinical_astra_b02_020,with_rag,23.02157211303711,23.970703125,1639,114,NVIDIA A100-SXM4-40GB
google/gemma-4-12B-it,Gemma 4 12B,BF16,clinical_astra_b02_020,no_rag,22.419620513916016,23.970703125,182,98,NVIDIA A100-SXM4-40GB
google/gemma-4-12B-it,Gemma 4 12B,BF16,clinical_astra_b03_002,no_rag,22.419620513916016,23.970703125,185,115,NVIDIA A100-SXM4-40GB
google/gemma-4-12B-it,Gemma 4 12B,BF16,clinical_astra_b03_002,with_rag,22.99607515335083,23.970703125,1592,150,NVIDIA A100-SXM4-40GB
google/gemma-4-12B-it,Gemma 4 12B,BF16,clinical_astra_b03_003,with_rag,23.129433631896973,23.970703125,1899,178,NVIDIA A100-SXM4-40GB
google/gemma-4-12B-it,Gemma 4 12B,BF16,clinical_astra_b03_003,no_rag,22.41962242126465,23.970703125,209,133,NVIDIA A100-SXM4-40GB
google/gemma-4-12B-it,Gemma 4 12B,BF16,clinical_astra_b03_004,no_rag,22.419620513916016,23.970703125,179,144,NVIDIA A100-SXM4-40GB
google/gemma-4-12B-it,Gemma 4 12B,BF16,clinical_astra_b03_004,with_rag,23.037670612335205,23.970703125,1689,181,NVIDIA A100-SXM4-40GB
google/gemma-4-12B-it,Gemma 4 12B,BF16,clinical_astra_b03_005,with_rag,22.980193614959717,23.970703125,1564,173,NVIDIA A100-SXM4-40GB
google/gemma-4-12B-it,Gemma 4 12B,BF16,clinical_astra_b03_005,no_rag,22.41962242126465,23.970703125,197,137,NVIDIA A100-SXM4-40GB
google/gemma-4-12B-it,Gemma 4 12B,BF16,clinical_astra_b03_006,no_rag,22.419620513916016,23.970703125,175,135,NVIDIA A100-SXM4-40GB
google/gemma-4-12B-it,Gemma 4 12B,BF16,clinical_astra_b03_006,with_rag,22.979952335357666,23.970703125,1563,203,NVIDIA A100-SXM4-40GB
google/gemma-4-12B-it,Gemma 4 12B,BF16,clinical_astra_b03_007,with_rag,22.987361431121826,23.970703125,1581,85,NVIDIA A100-SXM4-40GB
google/gemma-4-12B-it,Gemma 4 12B,BF16,clinical_astra_b03_007,no_rag,22.41962242126465,23.970703125,193,140,NVIDIA A100-SXM4-40GB
google/gemma-4-12B-it,Gemma 4 12B,BF16,clinical_astra_b03_008,no_rag,22.419620513916016,23.970703125,168,113,NVIDIA A100-SXM4-40GB
google/gemma-4-12B-it,Gemma 4 12B,BF16,clinical_astra_b03_008,with_rag,22.947318077087402,23.970703125,1494,152,NVIDIA A100-SXM4-40GB
google/gemma-4-12B-it,Gemma 4 12B,BF16,clinical_astra_b03_009,with_rag,22.896350383758545,23.970703125,1379,105,NVIDIA A100-SXM4-40GB
google/gemma-4-12B-it,Gemma 4 12B,BF16,clinical_astra_b03_009,no_rag,22.36725378036499,23.970703125,170,70,NVIDIA A100-SXM4-40GB
google/gemma-4-12B-it,Gemma 4 12B,BF16,clinical_astra_b03_010,no_rag,22.419620513916016,23.970703125,178,94,NVIDIA A100-SXM4-40GB
google/gemma-4-12B-it,Gemma 4 12B,BF16,clinical_astra_b03_010,with_rag,22.975237369537354,23.970703125,1552,193,NVIDIA A100-SXM4-40GB
google/gemma-4-12B-it,Gemma 4 12B,BF16,clinical_astra_b03_011,with_rag,23.00786256790161,23.970703125,1621,132,NVIDIA A100-SXM4-40GB
google/gemma-4-12B-it,Gemma 4 12B,BF16,clinical_astra_b03_011,no_rag,22.419620513916016,23.970703125,177,84,NVIDIA A100-SXM4-40GB
google/gemma-4-12B-it,Gemma 4 12B,BF16,clinical_astra_b03_012,no_rag,22.419620513916016,23.970703125,174,110,NVIDIA A100-SXM4-40GB
google/gemma-4-12B-it,Gemma 4 12B,BF16,clinical_astra_b03_012,with_rag,22.994654178619385,23.970703125,1590,173,NVIDIA A100-SXM4-40GB
google/gemma-4-12B-it,Gemma 4 12B,BF16,clinical_astra_b03_013,with_rag,22.987714290618896,23.970703125,1582,124,NVIDIA A100-SXM4-40GB
google/gemma-4-12B-it,Gemma 4 12B,BF16,clinical_astra_b03_013,no_rag,22.419620513916016,23.970703125,174,95,NVIDIA A100-SXM4-40GB
google/gemma-4-12B-it,Gemma 4 12B,BF16,clinical_astra_b03_014,no_rag,22.419620513916016,23.970703125,180,102,NVIDIA A100-SXM4-40GB
google/gemma-4-12B-it,Gemma 4 12B,BF16,clinical_astra_b03_014,with_rag,23.00728464126587,23.970703125,1619,91,NVIDIA A100-SXM4-40GB
google/gemma-4-12B-it,Gemma 4 12B,BF16,clinical_astra_b03_015,with_rag,23.024970054626465,23.970703125,1665,122,NVIDIA A100-SXM4-40GB
google/gemma-4-12B-it,Gemma 4 12B,BF16,clinical_astra_b03_015,no_rag,22.41962242126465,23.970703125,195,104,NVIDIA A100-SXM4-40GB
google/gemma-4-12B-it,Gemma 4 12B,BF16,clinical_astra_b03_016,no_rag,22.419620513916016,23.970703125,187,77,NVIDIA A100-SXM4-40GB
google/gemma-4-12B-it,Gemma 4 12B,BF16,clinical_astra_b03_016,with_rag,23.022781372070312,23.970703125,1647,90,NVIDIA A100-SXM4-40GB
google/gemma-4-12B-it,Gemma 4 12B,BF16,clinical_astra_b03_017,with_rag,23.069098472595215,23.970703125,1766,153,NVIDIA A100-SXM4-40GB
google/gemma-4-12B-it,Gemma 4 12B,BF16,clinical_astra_b03_017,no_rag,22.419620513916016,23.970703125,187,98,NVIDIA A100-SXM4-40GB
google/gemma-4-12B-it,Gemma 4 12B,BF16,clinical_astra_b03_018,no_rag,22.41962242126465,23.970703125,196,111,NVIDIA A100-SXM4-40GB
google/gemma-4-12B-it,Gemma 4 12B,BF16,clinical_astra_b03_018,with_rag,23.03096628189087,23.970703125,1681,120,NVIDIA A100-SXM4-40GB
google/gemma-4-12B-it,Gemma 4 12B,BF16,clinical_astra_b03_019,with_rag,23.02187442779541,23.970703125,1641,130,NVIDIA A100-SXM4-40GB
google/gemma-4-12B-it,Gemma 4 12B,BF16,clinical_astra_b03_019,no_rag,22.419620513916016,23.970703125,189,132,NVIDIA A100-SXM4-40GB
google/gemma-4-12B-it,Gemma 4 12B,BF16,clinical_astra_b03_020,no_rag,22.419620513916016,23.970703125,191,110,NVIDIA A100-SXM4-40GB
google/gemma-4-12B-it,Gemma 4 12B,BF16,clinical_astra_b03_020,with_rag,22.930611610412598,23.970703125,1457,115,NVIDIA A100-SXM4-40GB
google/gemma-4-12B-it,Gemma 4 12B,BF16,clinical_astra_b04_002,with_rag,23.026921272277832,23.970703125,1663,144,NVIDIA A100-SXM4-40GB
google/gemma-4-12B-it,Gemma 4 12B,BF16,clinical_astra_b04_002,no_rag,22.41962242126465,23.970703125,198,113,NVIDIA A100-SXM4-40GB
google/gemma-4-12B-it,Gemma 4 12B,BF16,clinical_astra_b04_003,no_rag,22.419620513916016,23.970703125,182,134,NVIDIA A100-SXM4-40GB
google/gemma-4-12B-it,Gemma 4 12B,BF16,clinical_astra_b04_003,with_rag,23.158204078674316,23.970703125,1957,159,NVIDIA A100-SXM4-40GB
google/gemma-4-12B-it,Gemma 4 12B,BF16,clinical_astra_b04_004,with_rag,22.963953018188477,23.970703125,1525,71,NVIDIA A100-SXM4-40GB
google/gemma-4-12B-it,Gemma 4 12B,BF16,clinical_astra_b04_004,no_rag,22.404014587402344,23.970703125,173,86,NVIDIA A100-SXM4-40GB
google/gemma-4-12B-it,Gemma 4 12B,BF16,clinical_astra_b04_005,no_rag,22.420536041259766,23.970703125,184,185,NVIDIA A100-SXM4-40GB
google/gemma-4-12B-it,Gemma 4 12B,BF16,clinical_astra_b04_005,with_rag,23.030056476593018,23.970703125,1678,296,NVIDIA A100-SXM4-40GB
google/gemma-4-12B-it,Gemma 4 12B,BF16,clinical_astra_b04_006,with_rag,23.03187608718872,23.970703125,1684,214,NVIDIA A100-SXM4-40GB
google/gemma-4-12B-it,Gemma 4 12B,BF16,clinical_astra_b04_006,no_rag,22.419620513916016,23.970703125,184,102,NVIDIA A100-SXM4-40GB
google/gemma-4-12B-it,Gemma 4 12B,BF16,clinical_astra_b04_007,no_rag,22.419620513916016,23.970703125,181,84,NVIDIA A100-SXM4-40GB
google/gemma-4-12B-it,Gemma 4 12B,BF16,clinical_astra_b04_007,with_rag,22.956680297851562,23.970703125,1508,132,NVIDIA A100-SXM4-40GB
google/gemma-4-12B-it,Gemma 4 12B,BF16,clinical_astra_b04_008,with_rag,22.969524383544922,23.970703125,1536,151,NVIDIA A100-SXM4-40GB
google/gemma-4-12B-it,Gemma 4 12B,BF16,clinical_astra_b04_008,no_rag,22.419620513916016,23.970703125,187,132,NVIDIA A100-SXM4-40GB
google/gemma-4-12B-it,Gemma 4 12B,BF16,clinical_astra_b04_009,no_rag,22.419620513916016,23.970703125,171,93,NVIDIA A100-SXM4-40GB
google/gemma-4-12B-it,Gemma 4 12B,BF16,clinical_astra_b04_009,with_rag,23.09673261642456,23.970703125,1826,186,NVIDIA A100-SXM4-40GB
google/gemma-4-12B-it,Gemma 4 12B,BF16,clinical_astra_b04_010,with_rag,22.925010681152344,23.970703125,1441,237,NVIDIA A100-SXM4-40GB
google/gemma-4-12B-it,Gemma 4 12B,BF16,clinical_astra_b04_010,no_rag,22.419620513916016,23.970703125,177,105,NVIDIA A100-SXM4-40GB
google/gemma-4-12B-it,Gemma 4 12B,BF16,clinical_astra_b04_011,no_rag,22.369550228118896,23.970703125,169,78,NVIDIA A100-SXM4-40GB
google/gemma-4-12B-it,Gemma 4 12B,BF16,clinical_astra_b04_011,with_rag,23.129433631896973,23.970703125,1899,102,NVIDIA A100-SXM4-40GB
google/gemma-4-12B-it,Gemma 4 12B,BF16,clinical_astra_b04_012,with_rag,23.040438175201416,23.970703125,1703,93,NVIDIA A100-SXM4-40GB
google/gemma-4-12B-it,Gemma 4 12B,BF16,clinical_astra_b04_012,no_rag,22.419620513916016,23.970703125,172,102,NVIDIA A100-SXM4-40GB
google/gemma-4-12B-it,Gemma 4 12B,BF16,clinical_astra_b04_013,no_rag,22.372174739837646,23.970703125,167,88,NVIDIA A100-SXM4-40GB
google/gemma-4-12B-it,Gemma 4 12B,BF16,clinical_astra_b04_013,with_rag,23.126530647277832,23.970703125,1888,76,NVIDIA A100-SXM4-40GB
google/gemma-4-12B-it,Gemma 4 12B,BF16,clinical_astra_b04_014,with_rag,22.954679489135742,23.970703125,1505,142,NVIDIA A100-SXM4-40GB
google/gemma-4-12B-it,Gemma 4 12B,BF16,clinical_astra_b04_014,no_rag,22.419620513916016,23.970703125,181,126,NVIDIA A100-SXM4-40GB
google/gemma-4-12B-it,Gemma 4 12B,BF16,clinical_astra_b04_015,no_rag,22.419620513916016,23.970703125,174,103,NVIDIA A100-SXM4-40GB
google/gemma-4-12B-it,Gemma 4 12B,BF16,clinical_astra_b04_015,with_rag,23.064844608306885,23.970703125,1751,114,NVIDIA A100-SXM4-40GB
google/gemma-4-12B-it,Gemma 4 12B,BF16,clinical_astra_b04_016,with_rag,23.037009716033936,23.970703125,1685,117,NVIDIA A100-SXM4-40GB
google/gemma-4-12B-it,Gemma 4 12B,BF16,clinical_astra_b04_016,no_rag,22.419620513916016,23.970703125,191,163,NVIDIA A100-SXM4-40GB
google/gemma-4-12B-it,Gemma 4 12B,BF16,clinical_astra_b04_017,no_rag,22.37151861190796,23.970703125,169,84,NVIDIA A100-SXM4-40GB
google/gemma-4-12B-it,Gemma 4 12B,BF16,clinical_astra_b04_017,with_rag,23.040438175201416,23.970703125,1703,141,NVIDIA A100-SXM4-40GB
google/gemma-4-12B-it,Gemma 4 12B,BF16,clinical_astra_b04_018,with_rag,23.00441551208496,23.970703125,1614,139,NVIDIA A100-SXM4-40GB
google/gemma-4-12B-it,Gemma 4 12B,BF16,clinical_astra_b04_018,no_rag,22.419620513916016,23.970703125,180,110,NVIDIA A100-SXM4-40GB
google/gemma-4-12B-it,Gemma 4 12B,BF16,clinical_astra_b04_019,no_rag,22.419620513916016,23.970703125,176,119,NVIDIA A100-SXM4-40GB
google/gemma-4-12B-it,Gemma 4 12B,BF16,clinical_astra_b04_019,with_rag,22.95600700378418,23.970703125,1506,178,NVIDIA A100-SXM4-40GB
google/gemma-4-12B-it,Gemma 4 12B,BF16,clinical_astra_b04_020,with_rag,22.9351487159729,23.970703125,1468,114,NVIDIA A100-SXM4-40GB
google/gemma-4-12B-it,Gemma 4 12B,BF16,clinical_astra_b04_020,no_rag,22.37086248397827,23.970703125,180,71,NVIDIA A100-SXM4-40GB
google/gemma-4-12B-it,Gemma 4 12B,BF16,clinical_astra_b05_002,no_rag,22.41962242126465,23.970703125,194,137,NVIDIA A100-SXM4-40GB
google/gemma-4-12B-it,Gemma 4 12B,BF16,clinical_astra_b05_002,with_rag,22.997146129608154,23.970703125,1595,196,NVIDIA A100-SXM4-40GB
google/gemma-4-12B-it,Gemma 4 12B,BF16,clinical_astra_b05_003,with_rag,23.06569480895996,23.970703125,1754,151,NVIDIA A100-SXM4-40GB
google/gemma-4-12B-it,Gemma 4 12B,BF16,clinical_astra_b05_003,no_rag,22.41962242126465,23.970703125,193,151,NVIDIA A100-SXM4-40GB
google/gemma-4-12B-it,Gemma 4 12B,BF16,clinical_astra_b05_004,no_rag,22.37151861190796,23.970703125,166,87,NVIDIA A100-SXM4-40GB
google/gemma-4-12B-it,Gemma 4 12B,BF16,clinical_astra_b05_004,with_rag,23.027841091156006,23.970703125,1674,115,NVIDIA A100-SXM4-40GB
google/gemma-4-12B-it,Gemma 4 12B,BF16,clinical_astra_b05_005,with_rag,23.169732570648193,23.970703125,1973,116,NVIDIA A100-SXM4-40GB
google/gemma-4-12B-it,Gemma 4 12B,BF16,clinical_astra_b05_005,no_rag,22.419620513916016,23.970703125,176,100,NVIDIA A100-SXM4-40GB
google/gemma-4-12B-it,Gemma 4 12B,BF16,clinical_astra_b05_006,no_rag,22.366925716400146,23.970703125,163,76,NVIDIA A100-SXM4-40GB
google/gemma-4-12B-it,Gemma 4 12B,BF16,clinical_astra_b05_006,with_rag,23.110777378082275,23.970703125,1858,84,NVIDIA A100-SXM4-40GB
google/gemma-4-12B-it,Gemma 4 12B,BF16,clinical_astra_b05_007,with_rag,23.013484954833984,23.970703125,1628,90,NVIDIA A100-SXM4-40GB
google/gemma-4-12B-it,Gemma 4 12B,BF16,clinical_astra_b05_007,no_rag,22.371190547943115,23.970703125,169,83,NVIDIA A100-SXM4-40GB
google/gemma-4-12B-it,Gemma 4 12B,BF16,clinical_astra_b05_008,no_rag,22.41962242126465,23.970703125,194,153,NVIDIA A100-SXM4-40GB
google/gemma-4-12B-it,Gemma 4 12B,BF16,clinical_astra_b05_008,with_rag,22.939696311950684,23.970703125,1479,134,NVIDIA A100-SXM4-40GB
google/gemma-4-12B-it,Gemma 4 12B,BF16,clinical_astra_b05_009,with_rag,23.053452968597412,23.970703125,1721,189,NVIDIA A100-SXM4-40GB
google/gemma-4-12B-it,Gemma 4 12B,BF16,clinical_astra_b05_009,no_rag,22.419620513916016,23.970703125,192,133,NVIDIA A100-SXM4-40GB
google/gemma-4-12B-it,Gemma 4 12B,BF16,clinical_astra_b05_010,no_rag,22.4205379486084,23.970703125,205,164,NVIDIA A100-SXM4-40GB
google/gemma-4-12B-it,Gemma 4 12B,BF16,clinical_astra_b05_010,with_rag,23.000107765197754,23.970703125,1608,220,NVIDIA A100-SXM4-40GB
google/gemma-4-12B-it,Gemma 4 12B,BF16,clinical_astra_b05_011,with_rag,23.127421855926514,23.970703125,1893,134,NVIDIA A100-SXM4-40GB
google/gemma-4-12B-it,Gemma 4 12B,BF16,clinical_astra_b05_011,no_rag,22.419620513916016,23.970703125,185,113,NVIDIA A100-SXM4-40GB
google/gemma-4-12B-it,Gemma 4 12B,BF16,clinical_astra_b05_012,no_rag,22.419620513916016,23.970703125,184,179,NVIDIA A100-SXM4-40GB
google/gemma-4-12B-it,Gemma 4 12B,BF16,clinical_astra_b05_012,with_rag,23.095656871795654,23.970703125,1820,194,NVIDIA A100-SXM4-40GB
google/gemma-4-12B-it,Gemma 4 12B,BF16,clinical_astra_b05_013,with_rag,23.037670612335205,23.970703125,1689,172,NVIDIA A100-SXM4-40GB
google/gemma-4-12B-it,Gemma 4 12B,BF16,clinical_astra_b05_013,no_rag,22.419620513916016,23.970703125,181,110,NVIDIA A100-SXM4-40GB
google/gemma-4-12B-it,Gemma 4 12B,BF16,clinical_astra_b05_014,no_rag,22.365941524505615,23.970703125,168,68,NVIDIA A100-SXM4-40GB
google/gemma-4-12B-it,Gemma 4 12B,BF16,clinical_astra_b05_014,with_rag,22.964940071105957,23.970703125,1528,88,NVIDIA A100-SXM4-40GB
google/gemma-4-12B-it,Gemma 4 12B,BF16,clinical_astra_b05_015,with_rag,22.97137975692749,23.970703125,1543,108,NVIDIA A100-SXM4-40GB
google/gemma-4-12B-it,Gemma 4 12B,BF16,clinical_astra_b05_015,no_rag,22.404014587402344,23.970703125,166,93,NVIDIA A100-SXM4-40GB
google/gemma-4-12B-it,Gemma 4 12B,BF16,clinical_astra_b05_016,no_rag,22.36364507675171,23.970703125,159,70,NVIDIA A100-SXM4-40GB
google/gemma-4-12B-it,Gemma 4 12B,BF16,clinical_astra_b05_016,with_rag,23.0239896774292,23.970703125,1655,99,NVIDIA A100-SXM4-40GB
google/gemma-4-12B-it,Gemma 4 12B,BF16,clinical_astra_b05_017,with_rag,23.00728464126587,23.970703125,1619,131,NVIDIA A100-SXM4-40GB
google/gemma-4-12B-it,Gemma 4 12B,BF16,clinical_astra_b05_017,no_rag,22.419620513916016,23.970703125,189,78,NVIDIA A100-SXM4-40GB
google/gemma-4-12B-it,Gemma 4 12B,BF16,clinical_astra_b05_018,no_rag,22.419620513916016,23.970703125,170,163,NVIDIA A100-SXM4-40GB
google/gemma-4-12B-it,Gemma 4 12B,BF16,clinical_astra_b05_018,with_rag,22.940985202789307,23.970703125,1483,112,NVIDIA A100-SXM4-40GB
google/gemma-4-12B-it,Gemma 4 12B,BF16,clinical_astra_b05_019,with_rag,23.144771575927734,23.970703125,1941,117,NVIDIA A100-SXM4-40GB
google/gemma-4-12B-it,Gemma 4 12B,BF16,clinical_astra_b05_019,no_rag,22.419620513916016,23.970703125,164,112,NVIDIA A100-SXM4-40GB
google/gemma-4-12B-it,Gemma 4 12B,BF16,clinical_astra_b05_020,no_rag,22.419620513916016,23.970703125,191,88,NVIDIA A100-SXM4-40GB
google/gemma-4-12B-it,Gemma 4 12B,BF16,clinical_astra_b05_020,with_rag,22.931908130645752,23.970703125,1462,123,NVIDIA A100-SXM4-40GB
google/gemma-4-12B-it,Gemma 4 12B,BF16,clinical_astra_b06_002,with_rag,23.2199649810791,23.970703125,2103,185,NVIDIA A100-SXM4-40GB
google/gemma-4-12B-it,Gemma 4 12B,BF16,clinical_astra_b06_002,no_rag,22.419620513916016,23.970703125,188,155,NVIDIA A100-SXM4-40GB
google/gemma-4-12B-it,Gemma 4 12B,BF16,clinical_astra_b06_003,no_rag,22.419620513916016,23.970703125,183,122,NVIDIA A100-SXM4-40GB
google/gemma-4-12B-it,Gemma 4 12B,BF16,clinical_astra_b06_003,with_rag,22.943271160125732,23.970703125,1490,153,NVIDIA A100-SXM4-40GB
google/gemma-4-12B-it,Gemma 4 12B,BF16,clinical_astra_b06_004,with_rag,22.964940071105957,23.970703125,1528,239,NVIDIA A100-SXM4-40GB
google/gemma-4-12B-it,Gemma 4 12B,BF16,clinical_astra_b06_004,no_rag,22.419620513916016,23.970703125,187,106,NVIDIA A100-SXM4-40GB
google/gemma-4-12B-it,Gemma 4 12B,BF16,clinical_astra_b06_005,no_rag,22.419620513916016,23.970703125,176,115,NVIDIA A100-SXM4-40GB
google/gemma-4-12B-it,Gemma 4 12B,BF16,clinical_astra_b06_005,with_rag,23.03096628189087,23.970703125,1681,207,NVIDIA A100-SXM4-40GB
google/gemma-4-12B-it,Gemma 4 12B,BF16,clinical_astra_b06_006,with_rag,22.99790668487549,23.970703125,1602,112,NVIDIA A100-SXM4-40GB
google/gemma-4-12B-it,Gemma 4 12B,BF16,clinical_astra_b06_006,no_rag,22.419620513916016,23.970703125,181,123,NVIDIA A100-SXM4-40GB
google/gemma-4-12B-it,Gemma 4 12B,BF16,clinical_astra_b06_007,no_rag,22.41962242126465,23.970703125,196,119,NVIDIA A100-SXM4-40GB
google/gemma-4-12B-it,Gemma 4 12B,BF16,clinical_astra_b06_007,with_rag,23.023838996887207,23.970703125,1654,142,NVIDIA A100-SXM4-40GB
google/gemma-4-12B-it,Gemma 4 12B,BF16,clinical_astra_b06_008,with_rag,23.071367263793945,23.970703125,1774,149,NVIDIA A100-SXM4-40GB
google/gemma-4-12B-it,Gemma 4 12B,BF16,clinical_astra_b06_008,no_rag,22.419620513916016,23.970703125,184,99,NVIDIA A100-SXM4-40GB
google/gemma-4-12B-it,Gemma 4 12B,BF16,clinical_astra_b06_009,no_rag,22.419620513916016,23.970703125,185,98,NVIDIA A100-SXM4-40GB
google/gemma-4-12B-it,Gemma 4 12B,BF16,clinical_astra_b06_009,with_rag,22.987361431121826,23.970703125,1581,116,NVIDIA A100-SXM4-40GB
google/gemma-4-12B-it,Gemma 4 12B,BF16,clinical_astra_b06_010,with_rag,23.14366102218628,23.970703125,1938,101,NVIDIA A100-SXM4-40GB
google/gemma-4-12B-it,Gemma 4 12B,BF16,clinical_astra_b06_010,no_rag,22.419620513916016,23.970703125,185,107,NVIDIA A100-SXM4-40GB
google/gemma-4-12B-it,Gemma 4 12B,BF16,clinical_astra_b06_011,no_rag,22.41962242126465,23.970703125,201,100,NVIDIA A100-SXM4-40GB
google/gemma-4-12B-it,Gemma 4 12B,BF16,clinical_astra_b06_011,with_rag,23.026814460754395,23.970703125,1662,131,NVIDIA A100-SXM4-40GB
google/gemma-4-12B-it,Gemma 4 12B,BF16,clinical_astra_b06_012,with_rag,23.02660083770752,23.970703125,1660,134,NVIDIA A100-SXM4-40GB
google/gemma-4-12B-it,Gemma 4 12B,BF16,clinical_astra_b06_012,no_rag,22.41962242126465,23.970703125,199,123,NVIDIA A100-SXM4-40GB
google/gemma-4-12B-it,Gemma 4 12B,BF16,clinical_astra_b06_013,no_rag,22.419620513916016,23.970703125,181,124,NVIDIA A100-SXM4-40GB
google/gemma-4-12B-it,Gemma 4 12B,BF16,clinical_astra_b06_013,with_rag,22.919145584106445,23.970703125,1425,190,NVIDIA A100-SXM4-40GB
google/gemma-4-12B-it,Gemma 4 12B,BF16,clinical_astra_b06_014,with_rag,23.263326168060303,23.970703125,2177,151,NVIDIA A100-SXM4-40GB
google/gemma-4-12B-it,Gemma 4 12B,BF16,clinical_astra_b06_014,no_rag,22.419620513916016,23.970703125,176,103,NVIDIA A100-SXM4-40GB
google/gemma-4-12B-it,Gemma 4 12B,BF16,clinical_astra_b06_015,no_rag,22.419620513916016,23.970703125,182,89,NVIDIA A100-SXM4-40GB
google/gemma-4-12B-it,Gemma 4 12B,BF16,clinical_astra_b06_015,with_rag,22.963624000549316,23.970703125,1524,124,NVIDIA A100-SXM4-40GB
google/gemma-4-12B-it,Gemma 4 12B,BF16,clinical_astra_b06_016,with_rag,23.09422254562378,23.970703125,1812,117,NVIDIA A100-SXM4-40GB
google/gemma-4-12B-it,Gemma 4 12B,BF16,clinical_astra_b06_016,no_rag,22.41962242126465,23.970703125,193,108,NVIDIA A100-SXM4-40GB
google/gemma-4-12B-it,Gemma 4 12B,BF16,clinical_astra_b06_017,no_rag,22.41962242126465,23.970703125,195,90,NVIDIA A100-SXM4-40GB
google/gemma-4-12B-it,Gemma 4 12B,BF16,clinical_astra_b06_017,with_rag,22.963624000549316,23.970703125,1524,157,NVIDIA A100-SXM4-40GB
google/gemma-4-12B-it,Gemma 4 12B,BF16,clinical_astra_b06_018,with_rag,22.942617893218994,23.970703125,1488,184,NVIDIA A100-SXM4-40GB
google/gemma-4-12B-it,Gemma 4 12B,BF16,clinical_astra_b06_018,no_rag,22.419620513916016,23.970703125,186,139,NVIDIA A100-SXM4-40GB
google/gemma-4-12B-it,Gemma 4 12B,BF16,clinical_astra_b06_019,no_rag,22.419620513916016,23.970703125,178,114,NVIDIA A100-SXM4-40GB
google/gemma-4-12B-it,Gemma 4 12B,BF16,clinical_astra_b06_019,with_rag,23.087703227996826,23.970703125,1804,144,NVIDIA A100-SXM4-40GB
google/gemma-4-12B-it,Gemma 4 12B,BF16,clinical_astra_b06_020,with_rag,23.145511627197266,23.970703125,1943,162,NVIDIA A100-SXM4-40GB
google/gemma-4-12B-it,Gemma 4 12B,BF16,clinical_astra_b06_020,no_rag,22.419620513916016,23.970703125,189,131,NVIDIA A100-SXM4-40GB
google/gemma-3-12b-it,Gemma 3 12B,NF4,clinical_astra_b01_001,no_rag,7.478111267089844,7.57421875,193,90,NVIDIA RTX A6000
google/gemma-3-12b-it,Gemma 3 12B,NF4,clinical_astra_b01_001,with_rag,8.177452087402344,8.46484375,1718,75,NVIDIA RTX A6000
google/gemma-3-12b-it,Gemma 3 12B,NF4,clinical_astra_b02_001,with_rag,8.20727014541626,8.46484375,1787,90,NVIDIA RTX A6000
google/gemma-3-12b-it,Gemma 3 12B,NF4,clinical_astra_b02_001,no_rag,7.464227676391602,8.46484375,163,76,NVIDIA RTX A6000
google/gemma-3-12b-it,Gemma 3 12B,NF4,clinical_astra_b03_001,no_rag,7.466358184814453,8.46484375,168,133,NVIDIA RTX A6000
google/gemma-3-12b-it,Gemma 3 12B,NF4,clinical_astra_b03_001,with_rag,8.045345306396484,8.46484375,1432,128,NVIDIA RTX A6000
google/gemma-3-12b-it,Gemma 3 12B,NF4,clinical_astra_b04_001,with_rag,8.060587882995605,8.46484375,1471,136,NVIDIA RTX A6000
google/gemma-3-12b-it,Gemma 3 12B,NF4,clinical_astra_b04_001,no_rag,7.472040176391602,8.46484375,180,112,NVIDIA RTX A6000
google/gemma-3-12b-it,Gemma 3 12B,NF4,clinical_astra_b05_001,no_rag,7.4793901443481445,8.46484375,196,157,NVIDIA RTX A6000
google/gemma-3-12b-it,Gemma 3 12B,NF4,clinical_astra_b05_001,with_rag,8.2083101272583,8.46484375,1790,179,NVIDIA RTX A6000
google/gemma-3-12b-it,Gemma 3 12B,NF4,clinical_astra_b06_001,with_rag,8.15755844116211,8.46484375,1677,114,NVIDIA RTX A6000
google/gemma-3-12b-it,Gemma 3 12B,NF4,clinical_astra_b06_001,no_rag,7.472040176391602,8.46484375,180,87,NVIDIA RTX A6000
google/gemma-3-12b-it,Gemma 3 12B,NF4,clinical_astra_b01_002,no_rag,7.483224868774414,8.486328125,205,106,NVIDIA RTX A6000
google/gemma-3-12b-it,Gemma 3 12B,NF4,clinical_astra_b01_002,with_rag,8.109624862670898,8.486328125,1576,183,NVIDIA RTX A6000
google/gemma-3-12b-it,Gemma 3 12B,NF4,clinical_astra_b01_003,with_rag,8.14455509185791,8.486328125,1643,84,NVIDIA RTX A6000
google/gemma-3-12b-it,Gemma 3 12B,NF4,clinical_astra_b01_003,no_rag,7.46678352355957,8.486328125,169,87,NVIDIA RTX A6000
google/gemma-3-12b-it,Gemma 3 12B,NF4,clinical_astra_b01_004,no_rag,7.479815483093262,8.486328125,197,95,NVIDIA RTX A6000
google/gemma-3-12b-it,Gemma 3 12B,NF4,clinical_astra_b01_004,with_rag,8.150019645690918,8.486328125,1658,125,NVIDIA RTX A6000
google/gemma-3-12b-it,Gemma 3 12B,NF4,clinical_astra_b01_005,with_rag,8.223959922790527,8.59765625,1814,185,NVIDIA RTX A6000
google/gemma-3-12b-it,Gemma 3 12B,NF4,clinical_astra_b01_005,no_rag,7.48151969909668,8.59765625,201,162,NVIDIA RTX A6000
google/gemma-3-12b-it,Gemma 3 12B,NF4,clinical_astra_b01_006,no_rag,7.476404190063477,8.59765625,189,84,NVIDIA RTX A6000
google/gemma-3-12b-it,Gemma 3 12B,NF4,clinical_astra_b01_006,with_rag,8.09992504119873,8.59765625,1552,122,NVIDIA RTX A6000
google/gemma-3-12b-it,Gemma 3 12B,NF4,clinical_astra_b01_007,with_rag,8.18288803100586,8.59765625,1735,159,NVIDIA RTX A6000
google/gemma-3-12b-it,Gemma 3 12B,NF4,clinical_astra_b01_007,no_rag,7.487008094787598,8.59765625,212,118,NVIDIA RTX A6000
google/gemma-3-12b-it,Gemma 3 12B,NF4,clinical_astra_b01_008,no_rag,7.475552558898926,8.59765625,187,132,NVIDIA RTX A6000
google/gemma-3-12b-it,Gemma 3 12B,NF4,clinical_astra_b01_008,with_rag,8.073348045349121,8.59765625,1494,118,NVIDIA RTX A6000
google/gemma-3-12b-it,Gemma 3 12B,NF4,clinical_astra_b01_009,with_rag,8.171487808227539,8.59765625,1708,118,NVIDIA RTX A6000
google/gemma-3-12b-it,Gemma 3 12B,NF4,clinical_astra_b01_009,no_rag,7.475552558898926,8.59765625,187,117,NVIDIA RTX A6000
google/gemma-3-12b-it,Gemma 3 12B,NF4,clinical_astra_b01_010,no_rag,7.4793901443481445,8.59765625,196,87,NVIDIA RTX A6000
google/gemma-3-12b-it,Gemma 3 12B,NF4,clinical_astra_b01_010,with_rag,8.086666107177734,8.59765625,1524,79,NVIDIA RTX A6000
google/gemma-3-12b-it,Gemma 3 12B,NF4,clinical_astra_b01_011,with_rag,8.38993501663208,8.84765625,2177,149,NVIDIA RTX A6000
google/gemma-3-12b-it,Gemma 3 12B,NF4,clinical_astra_b01_011,no_rag,7.475978851318359,8.84765625,188,107,NVIDIA RTX A6000
google/gemma-3-12b-it,Gemma 3 12B,NF4,clinical_astra_b01_012,no_rag,7.474699974060059,8.84765625,185,105,NVIDIA RTX A6000
google/gemma-3-12b-it,Gemma 3 12B,NF4,clinical_astra_b01_012,with_rag,8.081444263458252,8.84765625,1511,100,NVIDIA RTX A6000
google/gemma-3-12b-it,Gemma 3 12B,NF4,clinical_astra_b01_013,with_rag,8.094565868377686,8.84765625,1543,115,NVIDIA RTX A6000
google/gemma-3-12b-it,Gemma 3 12B,NF4,clinical_astra_b01_013,no_rag,7.478537559509277,8.84765625,194,101,NVIDIA RTX A6000
google/gemma-3-12b-it,Gemma 3 12B,NF4,clinical_astra_b01_014,no_rag,7.468487739562988,8.84765625,173,93,NVIDIA RTX A6000
google/gemma-3-12b-it,Gemma 3 12B,NF4,clinical_astra_b01_014,with_rag,8.076770782470703,8.84765625,1501,107,NVIDIA RTX A6000
google/gemma-3-12b-it,Gemma 3 12B,NF4,clinical_astra_b01_015,with_rag,8.187926292419434,8.84765625,1742,83,NVIDIA RTX A6000
google/gemma-3-12b-it,Gemma 3 12B,NF4,clinical_astra_b01_015,no_rag,7.470762252807617,8.84765625,177,75,NVIDIA RTX A6000
google/gemma-3-12b-it,Gemma 3 12B,NF4,clinical_astra_b01_016,no_rag,7.468061447143555,8.84765625,172,114,NVIDIA RTX A6000
google/gemma-3-12b-it,Gemma 3 12B,NF4,clinical_astra_b01_016,with_rag,8.167460918426514,8.84765625,1695,102,NVIDIA RTX A6000
google/gemma-3-12b-it,Gemma 3 12B,NF4,clinical_astra_b01_017,with_rag,8.12420654296875,8.84765625,1608,105,NVIDIA RTX A6000
google/gemma-3-12b-it,Gemma 3 12B,NF4,clinical_astra_b01_017,no_rag,7.477682113647461,8.84765625,192,114,NVIDIA RTX A6000
google/gemma-3-12b-it,Gemma 3 12B,NF4,clinical_astra_b01_018,no_rag,7.469339370727539,8.84765625,175,103,NVIDIA RTX A6000
google/gemma-3-12b-it,Gemma 3 12B,NF4,clinical_astra_b01_018,with_rag,8.055634498596191,8.84765625,1458,98,NVIDIA RTX A6000
google/gemma-3-12b-it,Gemma 3 12B,NF4,clinical_astra_b01_019,with_rag,8.133125305175781,8.84765625,1625,150,NVIDIA RTX A6000
google/gemma-3-12b-it,Gemma 3 12B,NF4,clinical_astra_b01_019,no_rag,7.471187591552734,8.84765625,178,135,NVIDIA RTX A6000
google/gemma-3-12b-it,Gemma 3 12B,NF4,clinical_astra_b01_020,no_rag,7.471187591552734,8.84765625,178,121,NVIDIA RTX A6000
google/gemma-3-12b-it,Gemma 3 12B,NF4,clinical_astra_b01_020,with_rag,8.244608879089355,8.84765625,1867,102,NVIDIA RTX A6000
google/gemma-3-12b-it,Gemma 3 12B,NF4,clinical_astra_b02_002,with_rag,8.114375114440918,8.84765625,1582,81,NVIDIA RTX A6000
google/gemma-3-12b-it,Gemma 3 12B,NF4,clinical_astra_b02_002,no_rag,7.462098121643066,8.84765625,158,87,NVIDIA RTX A6000
google/gemma-3-12b-it,Gemma 3 12B,NF4,clinical_astra_b02_003,no_rag,7.465080261230469,8.84765625,165,75,NVIDIA RTX A6000
google/gemma-3-12b-it,Gemma 3 12B,NF4,clinical_astra_b02_003,with_rag,8.143202304840088,8.84765625,1647,117,NVIDIA RTX A6000
google/gemma-3-12b-it,Gemma 3 12B,NF4,clinical_astra_b02_004,with_rag,8.25722599029541,8.84765625,1895,119,NVIDIA RTX A6000
google/gemma-3-12b-it,Gemma 3 12B,NF4,clinical_astra_b02_004,no_rag,7.460539817810059,8.84765625,156,83,NVIDIA RTX A6000
google/gemma-3-12b-it,Gemma 3 12B,NF4,clinical_astra_b02_005,no_rag,7.463376045227051,8.84765625,161,89,NVIDIA RTX A6000
google/gemma-3-12b-it,Gemma 3 12B,NF4,clinical_astra_b02_005,with_rag,8.132771492004395,8.84765625,1624,144,NVIDIA RTX A6000
google/gemma-3-12b-it,Gemma 3 12B,NF4,clinical_astra_b02_006,with_rag,8.203428268432617,8.84765625,1778,111,NVIDIA RTX A6000
google/gemma-3-12b-it,Gemma 3 12B,NF4,clinical_astra_b02_006,no_rag,7.463376045227051,8.84765625,161,88,NVIDIA RTX A6000
google/gemma-3-12b-it,Gemma 3 12B,NF4,clinical_astra_b02_007,no_rag,7.463802337646484,8.84765625,162,101,NVIDIA RTX A6000
google/gemma-3-12b-it,Gemma 3 12B,NF4,clinical_astra_b02_007,with_rag,8.158625602722168,8.84765625,1684,117,NVIDIA RTX A6000
google/gemma-3-12b-it,Gemma 3 12B,NF4,clinical_astra_b02_008,with_rag,8.181190490722656,8.84765625,1728,101,NVIDIA RTX A6000
google/gemma-3-12b-it,Gemma 3 12B,NF4,clinical_astra_b02_008,no_rag,7.462949752807617,8.84765625,160,72,NVIDIA RTX A6000
google/gemma-3-12b-it,Gemma 3 12B,NF4,clinical_astra_b02_009,no_rag,7.465505599975586,8.84765625,166,99,NVIDIA RTX A6000
google/gemma-3-12b-it,Gemma 3 12B,NF4,clinical_astra_b02_009,with_rag,8.140066146850586,8.84765625,1642,101,NVIDIA RTX A6000
google/gemma-3-12b-it,Gemma 3 12B,NF4,clinical_astra_b02_010,with_rag,8.165232181549072,8.84765625,1691,102,NVIDIA RTX A6000
google/gemma-3-12b-it,Gemma 3 12B,NF4,clinical_astra_b02_010,no_rag,7.4676361083984375,8.84765625,171,106,NVIDIA RTX A6000
google/gemma-3-12b-it,Gemma 3 12B,NF4,clinical_astra_b02_011,no_rag,7.4659318923950195,8.84765625,167,89,NVIDIA RTX A6000
google/gemma-3-12b-it,Gemma 3 12B,NF4,clinical_astra_b02_011,with_rag,8.053918838500977,8.84765625,1454,145,NVIDIA RTX A6000
google/gemma-3-12b-it,Gemma 3 12B,NF4,clinical_astra_b02_012,with_rag,8.048949241638184,8.84765625,1445,111,NVIDIA RTX A6000
google/gemma-3-12b-it,Gemma 3 12B,NF4,clinical_astra_b02_012,no_rag,7.4659318923950195,8.84765625,167,109,NVIDIA RTX A6000
google/gemma-3-12b-it,Gemma 3 12B,NF4,clinical_astra_b02_013,no_rag,7.465080261230469,8.84765625,165,120,NVIDIA RTX A6000
google/gemma-3-12b-it,Gemma 3 12B,NF4,clinical_astra_b02_013,with_rag,8.23918628692627,8.84765625,1854,141,NVIDIA RTX A6000
google/gemma-3-12b-it,Gemma 3 12B,NF4,clinical_astra_b02_014,with_rag,8.153029441833496,8.84765625,1668,94,NVIDIA RTX A6000
google/gemma-3-12b-it,Gemma 3 12B,NF4,clinical_astra_b02_014,no_rag,7.4659318923950195,8.84765625,167,84,NVIDIA RTX A6000
google/gemma-3-12b-it,Gemma 3 12B,NF4,clinical_astra_b02_015,no_rag,7.465505599975586,8.84765625,166,103,NVIDIA RTX A6000
google/gemma-3-12b-it,Gemma 3 12B,NF4,clinical_astra_b02_015,with_rag,8.170271873474121,8.84765625,1706,123,NVIDIA RTX A6000
google/gemma-3-12b-it,Gemma 3 12B,NF4,clinical_astra_b02_016,with_rag,8.107632637023926,8.84765625,1570,103,NVIDIA RTX A6000
google/gemma-3-12b-it,Gemma 3 12B,NF4,clinical_astra_b02_016,no_rag,7.469765663146973,8.84765625,176,96,NVIDIA RTX A6000
google/gemma-3-12b-it,Gemma 3 12B,NF4,clinical_astra_b02_017,no_rag,7.468061447143555,8.84765625,172,92,NVIDIA RTX A6000
google/gemma-3-12b-it,Gemma 3 12B,NF4,clinical_astra_b02_017,with_rag,8.066837310791016,8.84765625,1483,91,NVIDIA RTX A6000
google/gemma-3-12b-it,Gemma 3 12B,NF4,clinical_astra_b02_018,with_rag,8.122330665588379,8.84765625,1603,112,NVIDIA RTX A6000
google/gemma-3-12b-it,Gemma 3 12B,NF4,clinical_astra_b02_018,no_rag,7.4676361083984375,8.84765625,171,95,NVIDIA RTX A6000
google/gemma-3-12b-it,Gemma 3 12B,NF4,clinical_astra_b02_019,no_rag,7.464227676391602,8.84765625,163,114,NVIDIA RTX A6000
google/gemma-3-12b-it,Gemma 3 12B,NF4,clinical_astra_b02_019,with_rag,8.086727619171143,8.84765625,1521,99,NVIDIA RTX A6000
google/gemma-3-12b-it,Gemma 3 12B,NF4,clinical_astra_b02_020,with_rag,8.137617111206055,8.84765625,1635,155,NVIDIA RTX A6000
google/gemma-3-12b-it,Gemma 3 12B,NF4,clinical_astra_b02_020,no_rag,7.471187591552734,8.84765625,178,118,NVIDIA RTX A6000
google/gemma-3-12b-it,Gemma 3 12B,NF4,clinical_astra_b03_002,no_rag,7.472465515136719,8.84765625,181,143,NVIDIA RTX A6000
google/gemma-3-12b-it,Gemma 3 12B,NF4,clinical_astra_b03_002,with_rag,8.115339279174805,8.84765625,1588,114,NVIDIA RTX A6000
google/gemma-3-12b-it,Gemma 3 12B,NF4,clinical_astra_b03_003,with_rag,8.25722599029541,8.84765625,1895,154,NVIDIA RTX A6000
google/gemma-3-12b-it,Gemma 3 12B,NF4,clinical_astra_b03_003,no_rag,7.483224868774414,8.84765625,205,137,NVIDIA RTX A6000
google/gemma-3-12b-it,Gemma 3 12B,NF4,clinical_astra_b03_004,no_rag,7.469339370727539,8.84765625,175,100,NVIDIA RTX A6000
google/gemma-3-12b-it,Gemma 3 12B,NF4,clinical_astra_b03_004,with_rag,8.15902042388916,8.84765625,1685,145,NVIDIA RTX A6000
google/gemma-3-12b-it,Gemma 3 12B,NF4,clinical_astra_b03_005,with_rag,8.102272033691406,8.84765625,1560,137,NVIDIA RTX A6000
google/gemma-3-12b-it,Gemma 3 12B,NF4,clinical_astra_b03_005,no_rag,7.478111267089844,8.84765625,193,116,NVIDIA RTX A6000
google/gemma-3-12b-it,Gemma 3 12B,NF4,clinical_astra_b03_006,no_rag,7.4676361083984375,8.84765625,171,97,NVIDIA RTX A6000
google/gemma-3-12b-it,Gemma 3 12B,NF4,clinical_astra_b03_006,with_rag,8.101928234100342,8.84765625,1559,171,NVIDIA RTX A6000
google/gemma-3-12b-it,Gemma 3 12B,NF4,clinical_astra_b03_007,with_rag,8.111690044403076,8.84765625,1577,111,NVIDIA RTX A6000
google/gemma-3-12b-it,Gemma 3 12B,NF4,clinical_astra_b03_007,no_rag,7.476404190063477,8.84765625,189,102,NVIDIA RTX A6000
google/gemma-3-12b-it,Gemma 3 12B,NF4,clinical_astra_b03_008,no_rag,7.464653968811035,8.84765625,164,107,NVIDIA RTX A6000
google/gemma-3-12b-it,Gemma 3 12B,NF4,clinical_astra_b03_008,with_rag,8.073042869567871,8.84765625,1490,122,NVIDIA RTX A6000
google/gemma-3-12b-it,Gemma 3 12B,NF4,clinical_astra_b03_009,with_rag,8.018901824951172,8.84765625,1375,122,NVIDIA RTX A6000
google/gemma-3-12b-it,Gemma 3 12B,NF4,clinical_astra_b03_009,no_rag,7.465505599975586,8.84765625,166,90,NVIDIA RTX A6000
google/gemma-3-12b-it,Gemma 3 12B,NF4,clinical_astra_b03_010,no_rag,7.468914031982422,8.84765625,174,125,NVIDIA RTX A6000
google/gemma-3-12b-it,Gemma 3 12B,NF4,clinical_astra_b03_010,with_rag,8.096863746643066,8.84765625,1548,118,NVIDIA RTX A6000
google/gemma-3-12b-it,Gemma 3 12B,NF4,clinical_astra_b03_011,with_rag,8.128404140472412,8.84765625,1617,97,NVIDIA RTX A6000
google/gemma-3-12b-it,Gemma 3 12B,NF4,clinical_astra_b03_011,no_rag,7.468487739562988,8.84765625,173,114,NVIDIA RTX A6000
google/gemma-3-12b-it,Gemma 3 12B,NF4,clinical_astra_b03_012,no_rag,7.467209815979004,8.84765625,170,85,NVIDIA RTX A6000
google/gemma-3-12b-it,Gemma 3 12B,NF4,clinical_astra_b03_012,with_rag,8.114725112915039,8.84765625,1586,110,NVIDIA RTX A6000
google/gemma-3-12b-it,Gemma 3 12B,NF4,clinical_astra_b03_013,with_rag,8.111671447753906,8.84765625,1578,135,NVIDIA RTX A6000
google/gemma-3-12b-it,Gemma 3 12B,NF4,clinical_astra_b03_013,no_rag,7.467209815979004,8.84765625,170,113,NVIDIA RTX A6000
google/gemma-3-12b-it,Gemma 3 12B,NF4,clinical_astra_b03_014,no_rag,7.469765663146973,8.84765625,176,107,NVIDIA RTX A6000
google/gemma-3-12b-it,Gemma 3 12B,NF4,clinical_astra_b03_014,with_rag,8.129846096038818,8.84765625,1615,128,NVIDIA RTX A6000
google/gemma-3-12b-it,Gemma 3 12B,NF4,clinical_astra_b03_015,with_rag,8.149522304534912,8.84765625,1661,134,NVIDIA RTX A6000
google/gemma-3-12b-it,Gemma 3 12B,NF4,clinical_astra_b03_015,no_rag,7.477256774902344,8.84765625,191,102,NVIDIA RTX A6000
google/gemma-3-12b-it,Gemma 3 12B,NF4,clinical_astra_b03_016,no_rag,7.473848342895508,8.84765625,183,82,NVIDIA RTX A6000
google/gemma-3-12b-it,Gemma 3 12B,NF4,clinical_astra_b03_016,with_rag,8.140459537506104,8.84765625,1643,96,NVIDIA RTX A6000
google/gemma-3-12b-it,Gemma 3 12B,NF4,clinical_astra_b03_017,with_rag,8.195033073425293,8.84765625,1762,142,NVIDIA RTX A6000
google/gemma-3-12b-it,Gemma 3 12B,NF4,clinical_astra_b03_017,no_rag,7.473848342895508,8.84765625,183,91,NVIDIA RTX A6000
google/gemma-3-12b-it,Gemma 3 12B,NF4,clinical_astra_b03_018,no_rag,7.477682113647461,8.84765625,192,117,NVIDIA RTX A6000
google/gemma-3-12b-it,Gemma 3 12B,NF4,clinical_astra_b03_018,with_rag,8.160768508911133,8.84765625,1677,120,NVIDIA RTX A6000
google/gemma-3-12b-it,Gemma 3 12B,NF4,clinical_astra_b03_019,with_rag,8.137670040130615,8.84765625,1637,151,NVIDIA RTX A6000
google/gemma-3-12b-it,Gemma 3 12B,NF4,clinical_astra_b03_019,no_rag,7.474699974060059,8.84765625,185,83,NVIDIA RTX A6000
google/gemma-3-12b-it,Gemma 3 12B,NF4,clinical_astra_b03_020,no_rag,7.475552558898926,8.84765625,187,85,NVIDIA RTX A6000
google/gemma-3-12b-it,Gemma 3 12B,NF4,clinical_astra_b03_020,with_rag,8.053488731384277,8.84765625,1453,131,NVIDIA RTX A6000
google/gemma-3-12b-it,Gemma 3 12B,NF4,clinical_astra_b04_002,with_rag,8.14878225326538,8.84765625,1659,111,NVIDIA RTX A6000
google/gemma-3-12b-it,Gemma 3 12B,NF4,clinical_astra_b04_002,no_rag,7.478537559509277,8.84765625,194,108,NVIDIA RTX A6000
google/gemma-3-12b-it,Gemma 3 12B,NF4,clinical_astra_b04_003,no_rag,7.471187591552734,8.84765625,178,107,NVIDIA RTX A6000
google/gemma-3-12b-it,Gemma 3 12B,NF4,clinical_astra_b04_003,with_rag,8.285474300384521,8.84765625,1953,128,NVIDIA RTX A6000
google/gemma-3-12b-it,Gemma 3 12B,NF4,clinical_astra_b04_004,with_rag,8.086727619171143,8.84765625,1521,80,NVIDIA RTX A6000
google/gemma-3-12b-it,Gemma 3 12B,NF4,clinical_astra_b04_004,no_rag,7.46678352355957,8.84765625,169,80,NVIDIA RTX A6000
google/gemma-3-12b-it,Gemma 3 12B,NF4,clinical_astra_b04_005,no_rag,7.472040176391602,8.84765625,180,118,NVIDIA RTX A6000
google/gemma-3-12b-it,Gemma 3 12B,NF4,clinical_astra_b04_005,with_rag,8.154779434204102,8.84765625,1674,144,NVIDIA RTX A6000
google/gemma-3-12b-it,Gemma 3 12B,NF4,clinical_astra_b04_006,with_rag,8.158717155456543,8.84765625,1680,150,NVIDIA RTX A6000
google/gemma-3-12b-it,Gemma 3 12B,NF4,clinical_astra_b04_006,no_rag,7.472040176391602,8.84765625,180,124,NVIDIA RTX A6000
google/gemma-3-12b-it,Gemma 3 12B,NF4,clinical_astra_b04_007,no_rag,7.470762252807617,8.84765625,177,108,NVIDIA RTX A6000
google/gemma-3-12b-it,Gemma 3 12B,NF4,clinical_astra_b04_007,with_rag,8.07875919342041,8.84765625,1504,115,NVIDIA RTX A6000
google/gemma-3-12b-it,Gemma 3 12B,NF4,clinical_astra_b04_008,with_rag,8.09260368347168,8.84765625,1532,106,NVIDIA RTX A6000
google/gemma-3-12b-it,Gemma 3 12B,NF4,clinical_astra_b04_008,no_rag,7.473848342895508,8.84765625,183,114,NVIDIA RTX A6000
google/gemma-3-12b-it,Gemma 3 12B,NF4,clinical_astra_b04_009,no_rag,7.4659318923950195,8.84765625,167,128,NVIDIA RTX A6000
google/gemma-3-12b-it,Gemma 3 12B,NF4,clinical_astra_b04_009,with_rag,8.222832679748535,8.84765625,1822,66,NVIDIA RTX A6000
google/gemma-3-12b-it,Gemma 3 12B,NF4,clinical_astra_b04_010,with_rag,8.0465726852417,8.84765625,1437,140,NVIDIA RTX A6000
google/gemma-3-12b-it,Gemma 3 12B,NF4,clinical_astra_b04_010,no_rag,7.468487739562988,8.84765625,173,91,NVIDIA RTX A6000
google/gemma-3-12b-it,Gemma 3 12B,NF4,clinical_astra_b04_011,no_rag,7.465080261230469,8.84765625,165,62,NVIDIA RTX A6000
google/gemma-3-12b-it,Gemma 3 12B,NF4,clinical_astra_b04_011,with_rag,8.25722599029541,8.84765625,1895,94,NVIDIA RTX A6000
google/gemma-3-12b-it,Gemma 3 12B,NF4,clinical_astra_b04_012,with_rag,8.168878555297852,8.84765625,1699,114,NVIDIA RTX A6000
google/gemma-3-12b-it,Gemma 3 12B,NF4,clinical_astra_b04_012,no_rag,7.466358184814453,8.84765625,168,99,NVIDIA RTX A6000
google/gemma-3-12b-it,Gemma 3 12B,NF4,clinical_astra_b04_013,no_rag,7.464227676391602,8.84765625,163,84,NVIDIA RTX A6000
google/gemma-3-12b-it,Gemma 3 12B,NF4,clinical_astra_b04_013,with_rag,8.251930236816406,8.84765625,1884,90,NVIDIA RTX A6000
google/gemma-3-12b-it,Gemma 3 12B,NF4,clinical_astra_b04_014,with_rag,8.076770782470703,8.84765625,1501,128,NVIDIA RTX A6000
google/gemma-3-12b-it,Gemma 3 12B,NF4,clinical_astra_b04_014,no_rag,7.470762252807617,8.84765625,177,84,NVIDIA RTX A6000
google/gemma-3-12b-it,Gemma 3 12B,NF4,clinical_astra_b04_015,no_rag,7.467209815979004,8.84765625,170,128,NVIDIA RTX A6000
google/gemma-3-12b-it,Gemma 3 12B,NF4,clinical_astra_b04_015,with_rag,8.188797950744629,8.84765625,1747,101,NVIDIA RTX A6000
google/gemma-3-12b-it,Gemma 3 12B,NF4,clinical_astra_b04_016,with_rag,8.158220767974854,8.84765625,1681,140,NVIDIA RTX A6000
google/gemma-3-12b-it,Gemma 3 12B,NF4,clinical_astra_b04_016,no_rag,7.475552558898926,8.84765625,187,94,NVIDIA RTX A6000
google/gemma-3-12b-it,Gemma 3 12B,NF4,clinical_astra_b04_017,no_rag,7.465080261230469,8.84765625,165,108,NVIDIA RTX A6000
google/gemma-3-12b-it,Gemma 3 12B,NF4,clinical_astra_b04_017,with_rag,8.168878555297852,8.84765625,1699,98,NVIDIA RTX A6000
google/gemma-3-12b-it,Gemma 3 12B,NF4,clinical_astra_b04_018,with_rag,8.125256538391113,8.84765625,1610,118,NVIDIA RTX A6000
google/gemma-3-12b-it,Gemma 3 12B,NF4,clinical_astra_b04_018,no_rag,7.469765663146973,8.84765625,176,109,NVIDIA RTX A6000
google/gemma-3-12b-it,Gemma 3 12B,NF4,clinical_astra_b04_019,no_rag,7.468061447143555,8.84765625,172,84,NVIDIA RTX A6000
google/gemma-3-12b-it,Gemma 3 12B,NF4,clinical_astra_b04_019,with_rag,8.076587677001953,8.84765625,1502,87,NVIDIA RTX A6000
google/gemma-3-12b-it,Gemma 3 12B,NF4,clinical_astra_b04_020,with_rag,8.058576107025146,8.84765625,1464,96,NVIDIA RTX A6000
google/gemma-3-12b-it,Gemma 3 12B,NF4,clinical_astra_b04_020,no_rag,7.469765663146973,8.84765625,176,105,NVIDIA RTX A6000
google/gemma-3-12b-it,Gemma 3 12B,NF4,clinical_astra_b05_002,no_rag,7.47683048248291,8.84765625,190,144,NVIDIA RTX A6000
google/gemma-3-12b-it,Gemma 3 12B,NF4,clinical_astra_b05_002,with_rag,8.11682415008545,8.84765625,1591,181,NVIDIA RTX A6000
google/gemma-3-12b-it,Gemma 3 12B,NF4,clinical_astra_b05_003,with_rag,8.189353942871094,8.84765625,1750,146,NVIDIA RTX A6000
google/gemma-3-12b-it,Gemma 3 12B,NF4,clinical_astra_b05_003,no_rag,7.476404190063477,8.84765625,189,101,NVIDIA RTX A6000
google/gemma-3-12b-it,Gemma 3 12B,NF4,clinical_astra_b05_004,no_rag,7.463802337646484,8.84765625,162,62,NVIDIA RTX A6000
google/gemma-3-12b-it,Gemma 3 12B,NF4,clinical_astra_b05_004,with_rag,8.153630256652832,8.84765625,1670,99,NVIDIA RTX A6000
google/gemma-3-12b-it,Gemma 3 12B,NF4,clinical_astra_b05_005,with_rag,8.296820640563965,8.84765625,1969,86,NVIDIA RTX A6000
google/gemma-3-12b-it,Gemma 3 12B,NF4,clinical_astra_b05_005,no_rag,7.468061447143555,8.84765625,172,89,NVIDIA RTX A6000
google/gemma-3-12b-it,Gemma 3 12B,NF4,clinical_astra_b05_006,no_rag,7.4625244140625,8.84765625,159,113,NVIDIA RTX A6000
google/gemma-3-12b-it,Gemma 3 12B,NF4,clinical_astra_b05_006,with_rag,8.23918628692627,8.84765625,1854,128,NVIDIA RTX A6000
google/gemma-3-12b-it,Gemma 3 12B,NF4,clinical_astra_b05_007,with_rag,8.132771492004395,8.84765625,1624,88,NVIDIA RTX A6000
google/gemma-3-12b-it,Gemma 3 12B,NF4,clinical_astra_b05_007,no_rag,7.465080261230469,8.84765625,165,88,NVIDIA RTX A6000
google/gemma-3-12b-it,Gemma 3 12B,NF4,clinical_astra_b05_008,no_rag,7.47683048248291,8.84765625,190,146,NVIDIA RTX A6000
google/gemma-3-12b-it,Gemma 3 12B,NF4,clinical_astra_b05_008,with_rag,8.064316272735596,8.84765625,1475,126,NVIDIA RTX A6000
google/gemma-3-12b-it,Gemma 3 12B,NF4,clinical_astra_b05_009,with_rag,8.173724174499512,8.84765625,1717,138,NVIDIA RTX A6000
google/gemma-3-12b-it,Gemma 3 12B,NF4,clinical_astra_b05_009,no_rag,7.475978851318359,8.84765625,188,89,NVIDIA RTX A6000
google/gemma-3-12b-it,Gemma 3 12B,NF4,clinical_astra_b05_010,no_rag,7.48151969909668,8.84765625,201,137,NVIDIA RTX A6000
google/gemma-3-12b-it,Gemma 3 12B,NF4,clinical_astra_b05_010,with_rag,8.122706413269043,8.84765625,1604,104,NVIDIA RTX A6000
google/gemma-3-12b-it,Gemma 3 12B,NF4,clinical_astra_b05_011,with_rag,8.254422664642334,8.84765625,1889,124,NVIDIA RTX A6000
google/gemma-3-12b-it,Gemma 3 12B,NF4,clinical_astra_b05_011,no_rag,7.472465515136719,8.84765625,181,119,NVIDIA RTX A6000
google/gemma-3-12b-it,Gemma 3 12B,NF4,clinical_astra_b05_012,no_rag,7.472040176391602,8.84765625,180,103,NVIDIA RTX A6000
google/gemma-3-12b-it,Gemma 3 12B,NF4,clinical_astra_b05_012,with_rag,8.22011947631836,8.84765625,1816,120,NVIDIA RTX A6000
google/gemma-3-12b-it,Gemma 3 12B,NF4,clinical_astra_b05_013,with_rag,8.15902042388916,8.84765625,1685,124,NVIDIA RTX A6000
google/gemma-3-12b-it,Gemma 3 12B,NF4,clinical_astra_b05_013,no_rag,7.470762252807617,8.84765625,177,107,NVIDIA RTX A6000
google/gemma-3-12b-it,Gemma 3 12B,NF4,clinical_astra_b05_014,no_rag,7.464653968811035,8.84765625,164,104,NVIDIA RTX A6000
google/gemma-3-12b-it,Gemma 3 12B,NF4,clinical_astra_b05_014,with_rag,8.089315414428711,8.84765625,1524,100,NVIDIA RTX A6000
google/gemma-3-12b-it,Gemma 3 12B,NF4,clinical_astra_b05_015,with_rag,8.09718656539917,8.84765625,1539,129,NVIDIA RTX A6000
google/gemma-3-12b-it,Gemma 3 12B,NF4,clinical_astra_b05_015,no_rag,7.463802337646484,8.84765625,162,87,NVIDIA RTX A6000
google/gemma-3-12b-it,Gemma 3 12B,NF4,clinical_astra_b05_016,no_rag,7.460113525390625,8.84765625,155,73,NVIDIA RTX A6000
google/gemma-3-12b-it,Gemma 3 12B,NF4,clinical_astra_b05_016,with_rag,8.146213054656982,8.84765625,1651,103,NVIDIA RTX A6000
google/gemma-3-12b-it,Gemma 3 12B,NF4,clinical_astra_b05_017,with_rag,8.129846096038818,8.84765625,1615,81,NVIDIA RTX A6000
google/gemma-3-12b-it,Gemma 3 12B,NF4,clinical_astra_b05_017,no_rag,7.474699974060059,8.84765625,185,83,NVIDIA RTX A6000
google/gemma-3-12b-it,Gemma 3 12B,NF4,clinical_astra_b05_018,no_rag,7.465505599975586,8.84765625,166,108,NVIDIA RTX A6000
google/gemma-3-12b-it,Gemma 3 12B,NF4,clinical_astra_b05_018,with_rag,8.066216945648193,8.84765625,1479,109,NVIDIA RTX A6000
google/gemma-3-12b-it,Gemma 3 12B,NF4,clinical_astra_b05_019,with_rag,8.281315326690674,8.84765625,1937,89,NVIDIA RTX A6000
google/gemma-3-12b-it,Gemma 3 12B,NF4,clinical_astra_b05_019,no_rag,7.462949752807617,8.84765625,160,106,NVIDIA RTX A6000
google/gemma-3-12b-it,Gemma 3 12B,NF4,clinical_astra_b05_020,no_rag,7.475552558898926,8.84765625,187,73,NVIDIA RTX A6000
google/gemma-3-12b-it,Gemma 3 12B,NF4,clinical_astra_b05_020,with_rag,8.055634498596191,8.84765625,1458,96,NVIDIA RTX A6000
google/gemma-3-12b-it,Gemma 3 12B,NF4,clinical_astra_b06_002,with_rag,8.353282928466797,8.84765625,2099,115,NVIDIA RTX A6000
google/gemma-3-12b-it,Gemma 3 12B,NF4,clinical_astra_b06_002,no_rag,7.474274635314941,8.84765625,184,150,NVIDIA RTX A6000
google/gemma-3-12b-it,Gemma 3 12B,NF4,clinical_astra_b06_003,no_rag,7.471613883972168,8.84765625,179,118,NVIDIA RTX A6000
google/gemma-3-12b-it,Gemma 3 12B,NF4,clinical_astra_b06_003,with_rag,8.069077491760254,8.84765625,1486,110,NVIDIA RTX A6000
google/gemma-3-12b-it,Gemma 3 12B,NF4,clinical_astra_b06_004,with_rag,8.089315414428711,8.84765625,1524,112,NVIDIA RTX A6000
google/gemma-3-12b-it,Gemma 3 12B,NF4,clinical_astra_b06_004,no_rag,7.473848342895508,8.84765625,183,117,NVIDIA RTX A6000
google/gemma-3-12b-it,Gemma 3 12B,NF4,clinical_astra_b06_005,no_rag,7.468061447143555,8.84765625,172,122,NVIDIA RTX A6000
google/gemma-3-12b-it,Gemma 3 12B,NF4,clinical_astra_b06_005,with_rag,8.160768508911133,8.84765625,1677,87,NVIDIA RTX A6000
google/gemma-3-12b-it,Gemma 3 12B,NF4,clinical_astra_b06_006,with_rag,8.11999797821045,8.84765625,1598,104,NVIDIA RTX A6000
google/gemma-3-12b-it,Gemma 3 12B,NF4,clinical_astra_b06_006,no_rag,7.470762252807617,8.84765625,177,107,NVIDIA RTX A6000
google/gemma-3-12b-it,Gemma 3 12B,NF4,clinical_astra_b06_007,no_rag,7.477682113647461,8.84765625,192,134,NVIDIA RTX A6000
google/gemma-3-12b-it,Gemma 3 12B,NF4,clinical_astra_b06_007,with_rag,8.143969535827637,8.84765625,1650,138,NVIDIA RTX A6000
google/gemma-3-12b-it,Gemma 3 12B,NF4,clinical_astra_b06_008,with_rag,8.200455665588379,8.84765625,1770,158,NVIDIA RTX A6000
google/gemma-3-12b-it,Gemma 3 12B,NF4,clinical_astra_b06_008,no_rag,7.472040176391602,8.84765625,180,140,NVIDIA RTX A6000
google/gemma-3-12b-it,Gemma 3 12B,NF4,clinical_astra_b06_009,no_rag,7.472465515136719,8.84765625,181,102,NVIDIA RTX A6000
google/gemma-3-12b-it,Gemma 3 12B,NF4,clinical_astra_b06_009,with_rag,8.111690044403076,8.84765625,1577,137,NVIDIA RTX A6000
google/gemma-3-12b-it,Gemma 3 12B,NF4,clinical_astra_b06_010,with_rag,8.280281066894531,8.84765625,1934,122,NVIDIA RTX A6000
google/gemma-3-12b-it,Gemma 3 12B,NF4,clinical_astra_b06_010,no_rag,7.472465515136719,8.84765625,181,115,NVIDIA RTX A6000
google/gemma-3-12b-it,Gemma 3 12B,NF4,clinical_astra_b06_011,no_rag,7.479815483093262,8.84765625,197,93,NVIDIA RTX A6000
google/gemma-3-12b-it,Gemma 3 12B,NF4,clinical_astra_b06_011,with_rag,8.148412704467773,8.84765625,1658,114,NVIDIA RTX A6000
google/gemma-3-12b-it,Gemma 3 12B,NF4,clinical_astra_b06_012,with_rag,8.147672653198242,8.84765625,1656,118,NVIDIA RTX A6000
google/gemma-3-12b-it,Gemma 3 12B,NF4,clinical_astra_b06_012,no_rag,7.478963851928711,8.84765625,195,111,NVIDIA RTX A6000
google/gemma-3-12b-it,Gemma 3 12B,NF4,clinical_astra_b06_013,no_rag,7.470762252807617,8.84765625,177,120,NVIDIA RTX A6000
google/gemma-3-12b-it,Gemma 3 12B,NF4,clinical_astra_b06_013,with_rag,8.039216995239258,8.84765625,1421,153,NVIDIA RTX A6000
google/gemma-3-12b-it,Gemma 3 12B,NF4,clinical_astra_b06_014,with_rag,8.387877464294434,8.84765625,2173,145,NVIDIA RTX A6000
google/gemma-3-12b-it,Gemma 3 12B,NF4,clinical_astra_b06_014,no_rag,7.468061447143555,8.84765625,172,118,NVIDIA RTX A6000
google/gemma-3-12b-it,Gemma 3 12B,NF4,clinical_astra_b06_015,no_rag,7.471187591552734,8.84765625,178,94,NVIDIA RTX A6000
google/gemma-3-12b-it,Gemma 3 12B,NF4,clinical_astra_b06_015,with_rag,8.086502075195312,8.84765625,1520,105,NVIDIA RTX A6000
google/gemma-3-12b-it,Gemma 3 12B,NF4,clinical_astra_b06_016,with_rag,8.21842098236084,8.84765625,1808,108,NVIDIA RTX A6000
google/gemma-3-12b-it,Gemma 3 12B,NF4,clinical_astra_b06_016,no_rag,7.476404190063477,8.84765625,189,111,NVIDIA RTX A6000
google/gemma-3-12b-it,Gemma 3 12B,NF4,clinical_astra_b06_017,no_rag,7.477256774902344,8.84765625,191,120,NVIDIA RTX A6000
google/gemma-3-12b-it,Gemma 3 12B,NF4,clinical_astra_b06_017,with_rag,8.086502075195312,8.84765625,1520,149,NVIDIA RTX A6000
google/gemma-3-12b-it,Gemma 3 12B,NF4,clinical_astra_b06_018,with_rag,8.068236351013184,8.84765625,1484,147,NVIDIA RTX A6000
google/gemma-3-12b-it,Gemma 3 12B,NF4,clinical_astra_b06_018,no_rag,7.473422050476074,8.84765625,182,94,NVIDIA RTX A6000
google/gemma-3-12b-it,Gemma 3 12B,NF4,clinical_astra_b06_019,no_rag,7.468914031982422,8.84765625,174,123,NVIDIA RTX A6000
google/gemma-3-12b-it,Gemma 3 12B,NF4,clinical_astra_b06_019,with_rag,8.215399742126465,8.84765625,1800,119,NVIDIA RTX A6000
google/gemma-3-12b-it,Gemma 3 12B,NF4,clinical_astra_b06_020,with_rag,8.281929969787598,8.84765625,1939,139,NVIDIA RTX A6000
google/gemma-3-12b-it,Gemma 3 12B,NF4,clinical_astra_b06_020,no_rag,7.474699974060059,8.84765625,185,166,NVIDIA RTX A6000
google/gemma-3-12b-it,Gemma 3 12B,BF16,clinical_astra_b01_001,no_rag,22.854045391082764,23.001953125,193,81,NVIDIA RTX A6000
google/gemma-3-12b-it,Gemma 3 12B,BF16,clinical_astra_b01_001,with_rag,23.549219131469727,23.919921875,1718,102,NVIDIA RTX A6000
google/gemma-3-12b-it,Gemma 3 12B,BF16,clinical_astra_b02_001,with_rag,23.57802724838257,24.078125,1787,88,NVIDIA RTX A6000
google/gemma-3-12b-it,Gemma 3 12B,BF16,clinical_astra_b02_001,no_rag,22.793931007385254,24.078125,163,62,NVIDIA RTX A6000
google/gemma-3-12b-it,Gemma 3 12B,BF16,clinical_astra_b03_001,no_rag,22.854031562805176,24.078125,168,122,NVIDIA RTX A6000
google/gemma-3-12b-it,Gemma 3 12B,BF16,clinical_astra_b03_001,with_rag,23.40512752532959,24.078125,1432,131,NVIDIA RTX A6000
google/gemma-3-12b-it,Gemma 3 12B,BF16,clinical_astra_b04_001,with_rag,23.424674034118652,24.078125,1471,155,NVIDIA RTX A6000
google/gemma-3-12b-it,Gemma 3 12B,BF16,clinical_astra_b04_001,no_rag,22.854031562805176,24.078125,180,96,NVIDIA RTX A6000
google/gemma-3-12b-it,Gemma 3 12B,BF16,clinical_astra_b05_001,no_rag,22.85403347015381,24.078125,196,113,NVIDIA RTX A6000
google/gemma-3-12b-it,Gemma 3 12B,BF16,clinical_astra_b05_001,with_rag,23.57936191558838,24.078125,1790,161,NVIDIA RTX A6000
google/gemma-3-12b-it,Gemma 3 12B,BF16,clinical_astra_b06_001,with_rag,23.52839231491089,24.078125,1677,72,NVIDIA RTX A6000
google/gemma-3-12b-it,Gemma 3 12B,BF16,clinical_astra_b06_001,no_rag,22.854031562805176,24.078125,180,105,NVIDIA RTX A6000
google/gemma-3-12b-it,Gemma 3 12B,BF16,clinical_astra_b01_002,no_rag,22.854045391082764,24.078125,205,74,NVIDIA RTX A6000
google/gemma-3-12b-it,Gemma 3 12B,BF16,clinical_astra_b01_002,with_rag,23.474292755126953,24.078125,1576,120,NVIDIA RTX A6000
google/gemma-3-12b-it,Gemma 3 12B,BF16,clinical_astra_b01_003,with_rag,23.514225959777832,24.078125,1643,80,NVIDIA RTX A6000
google/gemma-3-12b-it,Gemma 3 12B,BF16,clinical_astra_b01_003,no_rag,22.802793979644775,24.078125,169,80,NVIDIA RTX A6000
google/gemma-3-12b-it,Gemma 3 12B,BF16,clinical_astra_b01_004,no_rag,22.854045391082764,24.078125,197,94,NVIDIA RTX A6000
google/gemma-3-12b-it,Gemma 3 12B,BF16,clinical_astra_b01_004,with_rag,23.524636268615723,24.078125,1658,127,NVIDIA RTX A6000
google/gemma-3-12b-it,Gemma 3 12B,BF16,clinical_astra_b01_005,with_rag,23.593749046325684,24.078125,1814,175,NVIDIA RTX A6000
google/gemma-3-12b-it,Gemma 3 12B,BF16,clinical_astra_b01_005,no_rag,22.854045391082764,24.078125,201,132,NVIDIA RTX A6000
google/gemma-3-12b-it,Gemma 3 12B,BF16,clinical_astra_b01_006,no_rag,22.85404348373413,24.078125,189,96,NVIDIA RTX A6000
google/gemma-3-12b-it,Gemma 3 12B,BF16,clinical_astra_b01_006,with_rag,23.463099002838135,24.078125,1552,106,NVIDIA RTX A6000
google/gemma-3-12b-it,Gemma 3 12B,BF16,clinical_astra_b01_007,with_rag,23.555851936340332,24.078125,1735,123,NVIDIA RTX A6000
google/gemma-3-12b-it,Gemma 3 12B,BF16,clinical_astra_b01_007,no_rag,22.85403347015381,24.078125,212,109,NVIDIA RTX A6000
google/gemma-3-12b-it,Gemma 3 12B,BF16,clinical_astra_b01_008,no_rag,22.85404348373413,24.078125,187,118,NVIDIA RTX A6000
google/gemma-3-12b-it,Gemma 3 12B,BF16,clinical_astra_b01_008,with_rag,23.434885025024414,24.078125,1494,82,NVIDIA RTX A6000
google/gemma-3-12b-it,Gemma 3 12B,BF16,clinical_astra_b01_009,with_rag,23.542716026306152,24.078125,1708,118,NVIDIA RTX A6000
google/gemma-3-12b-it,Gemma 3 12B,BF16,clinical_astra_b01_009,no_rag,22.85404348373413,24.078125,187,93,NVIDIA RTX A6000
google/gemma-3-12b-it,Gemma 3 12B,BF16,clinical_astra_b01_010,no_rag,22.85403347015381,24.078125,196,79,NVIDIA RTX A6000
google/gemma-3-12b-it,Gemma 3 12B,BF16,clinical_astra_b01_010,with_rag,23.44968557357788,24.078125,1524,92,NVIDIA RTX A6000
google/gemma-3-12b-it,Gemma 3 12B,BF16,clinical_astra_b01_011,with_rag,23.779807090759277,24.265625,2177,122,NVIDIA RTX A6000
google/gemma-3-12b-it,Gemma 3 12B,BF16,clinical_astra_b01_011,no_rag,22.854031562805176,24.265625,188,90,NVIDIA RTX A6000
google/gemma-3-12b-it,Gemma 3 12B,BF16,clinical_astra_b01_012,no_rag,22.85404348373413,24.265625,185,111,NVIDIA RTX A6000
google/gemma-3-12b-it,Gemma 3 12B,BF16,clinical_astra_b01_012,with_rag,23.445743560791016,24.265625,1511,104,NVIDIA RTX A6000
google/gemma-3-12b-it,Gemma 3 12B,BF16,clinical_astra_b01_013,with_rag,23.459035873413086,24.265625,1543,121,NVIDIA RTX A6000
google/gemma-3-12b-it,Gemma 3 12B,BF16,clinical_astra_b01_013,no_rag,22.85403347015381,24.265625,194,88,NVIDIA RTX A6000
google/gemma-3-12b-it,Gemma 3 12B,BF16,clinical_astra_b01_014,no_rag,22.85348129272461,24.265625,173,86,NVIDIA RTX A6000
google/gemma-3-12b-it,Gemma 3 12B,BF16,clinical_astra_b01_014,with_rag,23.440394401550293,24.265625,1501,61,NVIDIA RTX A6000
google/gemma-3-12b-it,Gemma 3 12B,BF16,clinical_astra_b01_015,with_rag,23.56161403656006,24.265625,1742,97,NVIDIA RTX A6000
google/gemma-3-12b-it,Gemma 3 12B,BF16,clinical_astra_b01_015,no_rag,22.805037021636963,24.265625,177,78,NVIDIA RTX A6000
google/gemma-3-12b-it,Gemma 3 12B,BF16,clinical_astra_b01_016,no_rag,22.854031562805176,24.265625,172,124,NVIDIA RTX A6000
google/gemma-3-12b-it,Gemma 3 12B,BF16,clinical_astra_b01_016,with_rag,23.534029960632324,24.265625,1695,93,NVIDIA RTX A6000
google/gemma-3-12b-it,Gemma 3 12B,BF16,clinical_astra_b01_017,with_rag,23.491541385650635,24.265625,1608,103,NVIDIA RTX A6000
google/gemma-3-12b-it,Gemma 3 12B,BF16,clinical_astra_b01_017,no_rag,22.854031562805176,24.265625,192,91,NVIDIA RTX A6000
google/gemma-3-12b-it,Gemma 3 12B,BF16,clinical_astra_b01_018,no_rag,22.85404348373413,24.265625,175,102,NVIDIA RTX A6000
google/gemma-3-12b-it,Gemma 3 12B,BF16,clinical_astra_b01_018,with_rag,23.418209075927734,24.265625,1458,102,NVIDIA RTX A6000
google/gemma-3-12b-it,Gemma 3 12B,BF16,clinical_astra_b01_019,with_rag,23.505839347839355,24.265625,1625,132,NVIDIA RTX A6000
google/gemma-3-12b-it,Gemma 3 12B,BF16,clinical_astra_b01_019,no_rag,22.854031562805176,24.265625,178,117,NVIDIA RTX A6000
google/gemma-3-12b-it,Gemma 3 12B,BF16,clinical_astra_b01_020,no_rag,22.854031562805176,24.265625,178,94,NVIDIA RTX A6000
google/gemma-3-12b-it,Gemma 3 12B,BF16,clinical_astra_b01_020,with_rag,23.626314640045166,24.265625,1867,133,NVIDIA RTX A6000
google/gemma-3-12b-it,Gemma 3 12B,BF16,clinical_astra_b02_002,with_rag,23.477205753326416,24.265625,1582,81,NVIDIA RTX A6000
google/gemma-3-12b-it,Gemma 3 12B,BF16,clinical_astra_b02_002,no_rag,22.805410861968994,24.265625,158,97,NVIDIA RTX A6000
google/gemma-3-12b-it,Gemma 3 12B,BF16,clinical_astra_b02_003,no_rag,22.799055576324463,24.265625,165,73,NVIDIA RTX A6000
google/gemma-3-12b-it,Gemma 3 12B,BF16,clinical_astra_b02_003,with_rag,23.51546859741211,24.265625,1647,122,NVIDIA RTX A6000
google/gemma-3-12b-it,Gemma 3 12B,BF16,clinical_astra_b02_004,with_rag,23.63461923599243,24.265625,1895,63,NVIDIA RTX A6000
google/gemma-3-12b-it,Gemma 3 12B,BF16,clinical_astra_b02_004,no_rag,22.80167245864868,24.265625,156,89,NVIDIA RTX A6000
google/gemma-3-12b-it,Gemma 3 12B,BF16,clinical_astra_b02_005,no_rag,22.85404348373413,24.265625,161,102,NVIDIA RTX A6000
google/gemma-3-12b-it,Gemma 3 12B,BF16,clinical_astra_b02_005,with_rag,23.505436897277832,24.265625,1624,143,NVIDIA RTX A6000
google/gemma-3-12b-it,Gemma 3 12B,BF16,clinical_astra_b02_006,with_rag,23.57566261291504,24.265625,1778,102,NVIDIA RTX A6000
google/gemma-3-12b-it,Gemma 3 12B,BF16,clinical_astra_b02_006,no_rag,22.793074131011963,24.265625,161,61,NVIDIA RTX A6000
google/gemma-3-12b-it,Gemma 3 12B,BF16,clinical_astra_b02_007,no_rag,22.80466318130493,24.265625,162,91,NVIDIA RTX A6000
google/gemma-3-12b-it,Gemma 3 12B,BF16,clinical_astra_b02_007,with_rag,23.530370235443115,24.265625,1684,98,NVIDIA RTX A6000
google/gemma-3-12b-it,Gemma 3 12B,BF16,clinical_astra_b02_008,with_rag,23.552912712097168,24.265625,1728,71,NVIDIA RTX A6000
google/gemma-3-12b-it,Gemma 3 12B,BF16,clinical_astra_b02_008,no_rag,22.790635108947754,24.265625,160,56,NVIDIA RTX A6000
google/gemma-3-12b-it,Gemma 3 12B,BF16,clinical_astra_b02_009,no_rag,22.854031562805176,24.265625,166,124,NVIDIA RTX A6000
google/gemma-3-12b-it,Gemma 3 12B,BF16,clinical_astra_b02_009,with_rag,23.513915061950684,24.265625,1642,91,NVIDIA RTX A6000
google/gemma-3-12b-it,Gemma 3 12B,BF16,clinical_astra_b02_010,with_rag,23.532418727874756,24.265625,1691,118,NVIDIA RTX A6000
google/gemma-3-12b-it,Gemma 3 12B,BF16,clinical_astra_b02_010,no_rag,22.85404348373413,24.265625,171,104,NVIDIA RTX A6000
google/gemma-3-12b-it,Gemma 3 12B,BF16,clinical_astra_b02_011,no_rag,22.85404348373413,24.265625,167,97,NVIDIA RTX A6000
google/gemma-3-12b-it,Gemma 3 12B,BF16,clinical_astra_b02_011,with_rag,23.41988468170166,24.265625,1454,100,NVIDIA RTX A6000
google/gemma-3-12b-it,Gemma 3 12B,BF16,clinical_astra_b02_012,with_rag,23.411275386810303,24.265625,1445,114,NVIDIA RTX A6000
google/gemma-3-12b-it,Gemma 3 12B,BF16,clinical_astra_b02_012,no_rag,22.85404348373413,24.265625,167,117,NVIDIA RTX A6000
google/gemma-3-12b-it,Gemma 3 12B,BF16,clinical_astra_b02_013,no_rag,22.85404348373413,24.265625,165,103,NVIDIA RTX A6000
google/gemma-3-12b-it,Gemma 3 12B,BF16,clinical_astra_b02_013,with_rag,23.6116304397583,24.265625,1854,102,NVIDIA RTX A6000
google/gemma-3-12b-it,Gemma 3 12B,BF16,clinical_astra_b02_014,with_rag,23.52584981918335,24.265625,1668,74,NVIDIA RTX A6000
google/gemma-3-12b-it,Gemma 3 12B,BF16,clinical_astra_b02_014,no_rag,22.802793979644775,24.265625,167,82,NVIDIA RTX A6000
google/gemma-3-12b-it,Gemma 3 12B,BF16,clinical_astra_b02_015,no_rag,22.854031562805176,24.265625,166,102,NVIDIA RTX A6000
google/gemma-3-12b-it,Gemma 3 12B,BF16,clinical_astra_b02_015,with_rag,23.538488388061523,24.265625,1706,90,NVIDIA RTX A6000
google/gemma-3-12b-it,Gemma 3 12B,BF16,clinical_astra_b02_016,with_rag,23.47137975692749,24.265625,1570,101,NVIDIA RTX A6000
google/gemma-3-12b-it,Gemma 3 12B,BF16,clinical_astra_b02_016,no_rag,22.854031562805176,24.265625,176,94,NVIDIA RTX A6000
google/gemma-3-12b-it,Gemma 3 12B,BF16,clinical_astra_b02_017,no_rag,22.854031562805176,24.265625,172,112,NVIDIA RTX A6000
google/gemma-3-12b-it,Gemma 3 12B,BF16,clinical_astra_b02_017,with_rag,23.430002689361572,24.265625,1483,66,NVIDIA RTX A6000
google/gemma-3-12b-it,Gemma 3 12B,BF16,clinical_astra_b02_018,with_rag,23.48926591873169,24.265625,1603,106,NVIDIA RTX A6000
google/gemma-3-12b-it,Gemma 3 12B,BF16,clinical_astra_b02_018,no_rag,22.805037021636963,24.265625,171,84,NVIDIA RTX A6000
google/gemma-3-12b-it,Gemma 3 12B,BF16,clinical_astra_b02_019,no_rag,22.85404348373413,24.265625,163,112,NVIDIA RTX A6000
google/gemma-3-12b-it,Gemma 3 12B,BF16,clinical_astra_b02_019,with_rag,23.44907283782959,24.265625,1521,92,NVIDIA RTX A6000
google/gemma-3-12b-it,Gemma 3 12B,BF16,clinical_astra_b02_020,with_rag,23.512520790100098,24.265625,1635,116,NVIDIA RTX A6000
google/gemma-3-12b-it,Gemma 3 12B,BF16,clinical_astra_b02_020,no_rag,22.854031562805176,24.265625,178,106,NVIDIA RTX A6000
google/gemma-3-12b-it,Gemma 3 12B,BF16,clinical_astra_b03_002,no_rag,22.85404348373413,24.265625,181,122,NVIDIA RTX A6000
google/gemma-3-12b-it,Gemma 3 12B,BF16,clinical_astra_b03_002,with_rag,23.48011875152588,24.265625,1588,118,NVIDIA RTX A6000
google/gemma-3-12b-it,Gemma 3 12B,BF16,clinical_astra_b03_003,with_rag,23.63461923599243,24.265625,1895,160,NVIDIA RTX A6000
google/gemma-3-12b-it,Gemma 3 12B,BF16,clinical_astra_b03_003,no_rag,22.854045391082764,24.265625,205,145,NVIDIA RTX A6000
google/gemma-3-12b-it,Gemma 3 12B,BF16,clinical_astra_b03_004,no_rag,22.85404348373413,24.265625,175,114,NVIDIA RTX A6000
google/gemma-3-12b-it,Gemma 3 12B,BF16,clinical_astra_b03_004,with_rag,23.53355121612549,24.265625,1685,122,NVIDIA RTX A6000
google/gemma-3-12b-it,Gemma 3 12B,BF16,clinical_astra_b03_005,with_rag,23.466723442077637,24.265625,1560,150,NVIDIA RTX A6000
google/gemma-3-12b-it,Gemma 3 12B,BF16,clinical_astra_b03_005,no_rag,22.854045391082764,24.265625,193,136,NVIDIA RTX A6000
google/gemma-3-12b-it,Gemma 3 12B,BF16,clinical_astra_b03_006,no_rag,22.85404348373413,24.265625,171,101,NVIDIA RTX A6000
google/gemma-3-12b-it,Gemma 3 12B,BF16,clinical_astra_b03_006,with_rag,23.466270446777344,24.265625,1559,124,NVIDIA RTX A6000
google/gemma-3-12b-it,Gemma 3 12B,BF16,clinical_astra_b03_007,with_rag,23.474778175354004,24.265625,1577,134,NVIDIA RTX A6000
google/gemma-3-12b-it,Gemma 3 12B,BF16,clinical_astra_b03_007,no_rag,22.85404348373413,24.265625,189,134,NVIDIA RTX A6000
google/gemma-3-12b-it,Gemma 3 12B,BF16,clinical_astra_b03_008,no_rag,22.80167245864868,24.265625,164,82,NVIDIA RTX A6000
google/gemma-3-12b-it,Gemma 3 12B,BF16,clinical_astra_b03_008,with_rag,23.433109760284424,24.265625,1490,128,NVIDIA RTX A6000
google/gemma-3-12b-it,Gemma 3 12B,BF16,clinical_astra_b03_009,with_rag,23.377666473388672,24.265625,1375,77,NVIDIA RTX A6000
google/gemma-3-12b-it,Gemma 3 12B,BF16,clinical_astra_b03_009,no_rag,22.80092477798462,24.265625,166,77,NVIDIA RTX A6000
google/gemma-3-12b-it,Gemma 3 12B,BF16,clinical_astra_b03_010,no_rag,22.854031562805176,24.265625,174,89,NVIDIA RTX A6000
google/gemma-3-12b-it,Gemma 3 12B,BF16,clinical_astra_b03_010,with_rag,23.461287021636963,24.265625,1548,106,NVIDIA RTX A6000
google/gemma-3-12b-it,Gemma 3 12B,BF16,clinical_astra_b03_011,with_rag,23.495636463165283,24.265625,1617,122,NVIDIA RTX A6000
google/gemma-3-12b-it,Gemma 3 12B,BF16,clinical_astra_b03_011,no_rag,22.85404348373413,24.265625,173,147,NVIDIA RTX A6000
google/gemma-3-12b-it,Gemma 3 12B,BF16,clinical_astra_b03_012,no_rag,22.854031562805176,24.265625,170,95,NVIDIA RTX A6000
google/gemma-3-12b-it,Gemma 3 12B,BF16,clinical_astra_b03_012,with_rag,23.47914743423462,24.265625,1586,76,NVIDIA RTX A6000
google/gemma-3-12b-it,Gemma 3 12B,BF16,clinical_astra_b03_013,with_rag,23.475263595581055,24.265625,1578,113,NVIDIA RTX A6000
google/gemma-3-12b-it,Gemma 3 12B,BF16,clinical_astra_b03_013,no_rag,22.854031562805176,24.265625,170,93,NVIDIA RTX A6000
google/gemma-3-12b-it,Gemma 3 12B,BF16,clinical_astra_b03_014,no_rag,22.803167819976807,24.265625,176,73,NVIDIA RTX A6000
google/gemma-3-12b-it,Gemma 3 12B,BF16,clinical_astra_b03_014,with_rag,23.49472665786743,24.265625,1615,93,NVIDIA RTX A6000
google/gemma-3-12b-it,Gemma 3 12B,BF16,clinical_astra_b03_015,with_rag,23.525073051452637,24.265625,1661,123,NVIDIA RTX A6000
google/gemma-3-12b-it,Gemma 3 12B,BF16,clinical_astra_b03_015,no_rag,22.85404348373413,24.265625,191,107,NVIDIA RTX A6000
google/gemma-3-12b-it,Gemma 3 12B,BF16,clinical_astra_b03_016,no_rag,22.85404348373413,24.265625,183,89,NVIDIA RTX A6000
google/gemma-3-12b-it,Gemma 3 12B,BF16,clinical_astra_b03_016,with_rag,23.514225959777832,24.265625,1643,113,NVIDIA RTX A6000
google/gemma-3-12b-it,Gemma 3 12B,BF16,clinical_astra_b03_017,with_rag,23.569127082824707,24.265625,1762,106,NVIDIA RTX A6000
google/gemma-3-12b-it,Gemma 3 12B,BF16,clinical_astra_b03_017,no_rag,22.85404348373413,24.265625,183,79,NVIDIA RTX A6000
google/gemma-3-12b-it,Gemma 3 12B,BF16,clinical_astra_b03_018,no_rag,22.854031562805176,24.265625,192,110,NVIDIA RTX A6000
google/gemma-3-12b-it,Gemma 3 12B,BF16,clinical_astra_b03_018,with_rag,23.52839231491089,24.265625,1677,107,NVIDIA RTX A6000
google/gemma-3-12b-it,Gemma 3 12B,BF16,clinical_astra_b03_019,with_rag,23.513142585754395,24.265625,1637,107,NVIDIA RTX A6000
google/gemma-3-12b-it,Gemma 3 12B,BF16,clinical_astra_b03_019,no_rag,22.85404348373413,24.265625,185,103,NVIDIA RTX A6000
google/gemma-3-12b-it,Gemma 3 12B,BF16,clinical_astra_b03_020,no_rag,22.85404348373413,24.265625,187,112,NVIDIA RTX A6000
google/gemma-3-12b-it,Gemma 3 12B,BF16,clinical_astra_b03_020,with_rag,23.419578552246094,24.265625,1453,118,NVIDIA RTX A6000
google/gemma-3-12b-it,Gemma 3 12B,BF16,clinical_astra_b04_002,with_rag,23.524781703948975,24.265625,1659,102,NVIDIA RTX A6000
google/gemma-3-12b-it,Gemma 3 12B,BF16,clinical_astra_b04_002,no_rag,22.85403347015381,24.265625,194,89,NVIDIA RTX A6000
google/gemma-3-12b-it,Gemma 3 12B,BF16,clinical_astra_b04_003,no_rag,22.854031562805176,24.265625,178,111,NVIDIA RTX A6000
google/gemma-3-12b-it,Gemma 3 12B,BF16,clinical_astra_b04_003,with_rag,23.66169309616089,24.265625,1953,108,NVIDIA RTX A6000
google/gemma-3-12b-it,Gemma 3 12B,BF16,clinical_astra_b04_004,with_rag,23.44907283782959,24.265625,1521,88,NVIDIA RTX A6000
google/gemma-3-12b-it,Gemma 3 12B,BF16,clinical_astra_b04_004,no_rag,22.805784702301025,24.265625,169,87,NVIDIA RTX A6000
google/gemma-3-12b-it,Gemma 3 12B,BF16,clinical_astra_b04_005,no_rag,22.854031562805176,24.265625,180,127,NVIDIA RTX A6000
google/gemma-3-12b-it,Gemma 3 12B,BF16,clinical_astra_b04_005,with_rag,23.52754497528076,24.265625,1674,129,NVIDIA RTX A6000
google/gemma-3-12b-it,Gemma 3 12B,BF16,clinical_astra_b04_006,with_rag,23.529240131378174,24.265625,1680,101,NVIDIA RTX A6000
google/gemma-3-12b-it,Gemma 3 12B,BF16,clinical_astra_b04_006,no_rag,22.854031562805176,24.265625,180,121,NVIDIA RTX A6000
google/gemma-3-12b-it,Gemma 3 12B,BF16,clinical_astra_b04_007,no_rag,22.85404348373413,24.265625,177,108,NVIDIA RTX A6000
google/gemma-3-12b-it,Gemma 3 12B,BF16,clinical_astra_b04_007,with_rag,23.44168758392334,24.265625,1504,135,NVIDIA RTX A6000
google/gemma-3-12b-it,Gemma 3 12B,BF16,clinical_astra_b04_008,with_rag,23.45330572128296,24.265625,1532,94,NVIDIA RTX A6000
google/gemma-3-12b-it,Gemma 3 12B,BF16,clinical_astra_b04_008,no_rag,22.85404348373413,24.265625,183,116,NVIDIA RTX A6000
google/gemma-3-12b-it,Gemma 3 12B,BF16,clinical_astra_b04_009,no_rag,22.85404348373413,24.265625,167,124,NVIDIA RTX A6000
google/gemma-3-12b-it,Gemma 3 12B,BF16,clinical_astra_b04_009,with_rag,23.596747398376465,24.265625,1822,68,NVIDIA RTX A6000
google/gemma-3-12b-it,Gemma 3 12B,BF16,clinical_astra_b04_010,with_rag,23.40745449066162,24.265625,1437,104,NVIDIA RTX A6000
google/gemma-3-12b-it,Gemma 3 12B,BF16,clinical_astra_b04_010,no_rag,22.85404348373413,24.265625,173,92,NVIDIA RTX A6000
google/gemma-3-12b-it,Gemma 3 12B,BF16,clinical_astra_b04_011,no_rag,22.797560214996338,24.265625,165,69,NVIDIA RTX A6000
google/gemma-3-12b-it,Gemma 3 12B,BF16,clinical_astra_b04_011,with_rag,23.63461923599243,24.265625,1895,96,NVIDIA RTX A6000
google/gemma-3-12b-it,Gemma 3 12B,BF16,clinical_astra_b04_012,with_rag,23.535646438598633,24.265625,1699,113,NVIDIA RTX A6000
google/gemma-3-12b-it,Gemma 3 12B,BF16,clinical_astra_b04_012,no_rag,22.854031562805176,24.265625,168,114,NVIDIA RTX A6000
google/gemma-3-12b-it,Gemma 3 12B,BF16,clinical_astra_b04_013,no_rag,22.797593116760254,24.265625,163,72,NVIDIA RTX A6000
google/gemma-3-12b-it,Gemma 3 12B,BF16,clinical_astra_b04_013,with_rag,23.63244915008545,24.265625,1884,100,NVIDIA RTX A6000
google/gemma-3-12b-it,Gemma 3 12B,BF16,clinical_astra_b04_014,with_rag,23.440394401550293,24.265625,1501,112,NVIDIA RTX A6000
google/gemma-3-12b-it,Gemma 3 12B,BF16,clinical_astra_b04_014,no_rag,22.85404348373413,24.265625,177,89,NVIDIA RTX A6000
google/gemma-3-12b-it,Gemma 3 12B,BF16,clinical_astra_b04_015,no_rag,22.854031562805176,24.265625,170,102,NVIDIA RTX A6000
google/gemma-3-12b-it,Gemma 3 12B,BF16,clinical_astra_b04_015,with_rag,23.564115047454834,24.265625,1747,70,NVIDIA RTX A6000
google/gemma-3-12b-it,Gemma 3 12B,BF16,clinical_astra_b04_016,with_rag,23.52952289581299,24.265625,1681,110,NVIDIA RTX A6000
google/gemma-3-12b-it,Gemma 3 12B,BF16,clinical_astra_b04_016,no_rag,22.85404348373413,24.265625,187,85,NVIDIA RTX A6000
google/gemma-3-12b-it,Gemma 3 12B,BF16,clinical_astra_b04_017,no_rag,22.80129861831665,24.265625,165,80,NVIDIA RTX A6000
google/gemma-3-12b-it,Gemma 3 12B,BF16,clinical_astra_b04_017,with_rag,23.535646438598633,24.265625,1699,147,NVIDIA RTX A6000
google/gemma-3-12b-it,Gemma 3 12B,BF16,clinical_astra_b04_018,with_rag,23.492451190948486,24.265625,1610,176,NVIDIA RTX A6000
google/gemma-3-12b-it,Gemma 3 12B,BF16,clinical_astra_b04_018,no_rag,22.854031562805176,24.265625,176,109,NVIDIA RTX A6000
google/gemma-3-12b-it,Gemma 3 12B,BF16,clinical_astra_b04_019,no_rag,22.806158542633057,24.265625,172,85,NVIDIA RTX A6000
google/gemma-3-12b-it,Gemma 3 12B,BF16,clinical_astra_b04_019,with_rag,23.44082546234131,24.265625,1502,114,NVIDIA RTX A6000
google/gemma-3-12b-it,Gemma 3 12B,BF16,clinical_astra_b04_020,with_rag,23.420587062835693,24.265625,1464,100,NVIDIA RTX A6000
google/gemma-3-12b-it,Gemma 3 12B,BF16,clinical_astra_b04_020,no_rag,22.80391550064087,24.265625,176,75,NVIDIA RTX A6000
google/gemma-3-12b-it,Gemma 3 12B,BF16,clinical_astra_b05_002,no_rag,22.854031562805176,24.265625,190,149,NVIDIA RTX A6000
google/gemma-3-12b-it,Gemma 3 12B,BF16,clinical_astra_b05_002,with_rag,23.48157501220703,24.265625,1591,118,NVIDIA RTX A6000
google/gemma-3-12b-it,Gemma 3 12B,BF16,clinical_astra_b05_003,with_rag,23.565117835998535,24.265625,1750,112,NVIDIA RTX A6000
google/gemma-3-12b-it,Gemma 3 12B,BF16,clinical_astra_b05_003,no_rag,22.85404348373413,24.265625,189,143,NVIDIA RTX A6000
google/gemma-3-12b-it,Gemma 3 12B,BF16,clinical_astra_b05_004,no_rag,22.795762062072754,24.265625,162,68,NVIDIA RTX A6000
google/gemma-3-12b-it,Gemma 3 12B,BF16,clinical_astra_b05_004,with_rag,23.52641487121582,24.265625,1670,89,NVIDIA RTX A6000
google/gemma-3-12b-it,Gemma 3 12B,BF16,clinical_astra_b05_005,with_rag,23.668127059936523,24.265625,1969,88,NVIDIA RTX A6000
google/gemma-3-12b-it,Gemma 3 12B,BF16,clinical_astra_b05_005,no_rag,22.803167819976807,24.265625,172,77,NVIDIA RTX A6000
google/gemma-3-12b-it,Gemma 3 12B,BF16,clinical_astra_b05_006,no_rag,22.85404348373413,24.265625,159,110,NVIDIA RTX A6000
google/gemma-3-12b-it,Gemma 3 12B,BF16,clinical_astra_b05_006,with_rag,23.6116304397583,24.265625,1854,132,NVIDIA RTX A6000
google/gemma-3-12b-it,Gemma 3 12B,BF16,clinical_astra_b05_007,with_rag,23.505436897277832,24.265625,1624,99,NVIDIA RTX A6000
google/gemma-3-12b-it,Gemma 3 12B,BF16,clinical_astra_b05_007,no_rag,22.800550937652588,24.265625,165,77,NVIDIA RTX A6000
google/gemma-3-12b-it,Gemma 3 12B,BF16,clinical_astra_b05_008,no_rag,22.854031562805176,24.265625,190,100,NVIDIA RTX A6000
google/gemma-3-12b-it,Gemma 3 12B,BF16,clinical_astra_b05_008,with_rag,23.429830074310303,24.265625,1475,126,NVIDIA RTX A6000
google/gemma-3-12b-it,Gemma 3 12B,BF16,clinical_astra_b05_009,with_rag,23.546356678009033,24.265625,1717,111,NVIDIA RTX A6000
google/gemma-3-12b-it,Gemma 3 12B,BF16,clinical_astra_b05_009,no_rag,22.854031562805176,24.265625,188,99,NVIDIA RTX A6000
google/gemma-3-12b-it,Gemma 3 12B,BF16,clinical_astra_b05_010,no_rag,22.854045391082764,24.265625,201,133,NVIDIA RTX A6000
google/gemma-3-12b-it,Gemma 3 12B,BF16,clinical_astra_b05_010,with_rag,23.489721298217773,24.265625,1604,114,NVIDIA RTX A6000
google/gemma-3-12b-it,Gemma 3 12B,BF16,clinical_astra_b05_011,with_rag,23.63343572616577,24.265625,1889,115,NVIDIA RTX A6000
google/gemma-3-12b-it,Gemma 3 12B,BF16,clinical_astra_b05_011,no_rag,22.85404348373413,24.265625,181,90,NVIDIA RTX A6000
google/gemma-3-12b-it,Gemma 3 12B,BF16,clinical_astra_b05_012,no_rag,22.854031562805176,24.265625,180,100,NVIDIA RTX A6000
google/gemma-3-12b-it,Gemma 3 12B,BF16,clinical_astra_b05_012,with_rag,23.59449863433838,24.265625,1816,124,NVIDIA RTX A6000
google/gemma-3-12b-it,Gemma 3 12B,BF16,clinical_astra_b05_013,with_rag,23.53355121612549,24.265625,1685,97,NVIDIA RTX A6000
google/gemma-3-12b-it,Gemma 3 12B,BF16,clinical_astra_b05_013,no_rag,22.85404348373413,24.265625,177,101,NVIDIA RTX A6000
google/gemma-3-12b-it,Gemma 3 12B,BF16,clinical_astra_b05_014,no_rag,22.854031562805176,24.265625,164,116,NVIDIA RTX A6000
google/gemma-3-12b-it,Gemma 3 12B,BF16,clinical_astra_b05_014,with_rag,23.44968557357788,24.265625,1524,97,NVIDIA RTX A6000
google/gemma-3-12b-it,Gemma 3 12B,BF16,clinical_astra_b05_015,with_rag,23.457355499267578,24.265625,1539,129,NVIDIA RTX A6000
google/gemma-3-12b-it,Gemma 3 12B,BF16,clinical_astra_b05_015,no_rag,22.80391550064087,24.265625,162,90,NVIDIA RTX A6000
google/gemma-3-12b-it,Gemma 3 12B,BF16,clinical_astra_b05_016,no_rag,22.85404348373413,24.265625,155,111,NVIDIA RTX A6000
google/gemma-3-12b-it,Gemma 3 12B,BF16,clinical_astra_b05_016,with_rag,23.51667308807373,24.265625,1651,90,NVIDIA RTX A6000
google/gemma-3-12b-it,Gemma 3 12B,BF16,clinical_astra_b05_017,with_rag,23.49472665786743,24.265625,1615,82,NVIDIA RTX A6000
google/gemma-3-12b-it,Gemma 3 12B,BF16,clinical_astra_b05_017,no_rag,22.85404348373413,24.265625,185,100,NVIDIA RTX A6000
google/gemma-3-12b-it,Gemma 3 12B,BF16,clinical_astra_b05_018,no_rag,22.802420139312744,24.265625,166,82,NVIDIA RTX A6000
google/gemma-3-12b-it,Gemma 3 12B,BF16,clinical_astra_b05_018,with_rag,23.431063652038574,24.265625,1479,125,NVIDIA RTX A6000
google/gemma-3-12b-it,Gemma 3 12B,BF16,clinical_astra_b05_019,with_rag,23.65414571762085,24.265625,1937,103,NVIDIA RTX A6000
google/gemma-3-12b-it,Gemma 3 12B,BF16,clinical_astra_b05_019,no_rag,22.806158542633057,24.265625,160,97,NVIDIA RTX A6000
google/gemma-3-12b-it,Gemma 3 12B,BF16,clinical_astra_b05_020,no_rag,22.85404348373413,24.265625,187,81,NVIDIA RTX A6000
google/gemma-3-12b-it,Gemma 3 12B,BF16,clinical_astra_b05_020,with_rag,23.418209075927734,24.265625,1458,90,NVIDIA RTX A6000
google/gemma-3-12b-it,Gemma 3 12B,BF16,clinical_astra_b06_002,with_rag,23.7313871383667,24.265625,2099,137,NVIDIA RTX A6000
google/gemma-3-12b-it,Gemma 3 12B,BF16,clinical_astra_b06_002,no_rag,22.854031562805176,24.265625,184,135,NVIDIA RTX A6000
google/gemma-3-12b-it,Gemma 3 12B,BF16,clinical_astra_b06_003,no_rag,22.85404348373413,24.265625,179,134,NVIDIA RTX A6000
google/gemma-3-12b-it,Gemma 3 12B,BF16,clinical_astra_b06_003,with_rag,23.431334018707275,24.265625,1486,108,NVIDIA RTX A6000
google/gemma-3-12b-it,Gemma 3 12B,BF16,clinical_astra_b06_004,with_rag,23.44968557357788,24.265625,1524,122,NVIDIA RTX A6000
google/gemma-3-12b-it,Gemma 3 12B,BF16,clinical_astra_b06_004,no_rag,22.85404348373413,24.265625,183,104,NVIDIA RTX A6000
google/gemma-3-12b-it,Gemma 3 12B,BF16,clinical_astra_b06_005,no_rag,22.854031562805176,24.265625,172,142,NVIDIA RTX A6000
google/gemma-3-12b-it,Gemma 3 12B,BF16,clinical_astra_b06_005,with_rag,23.52839231491089,24.265625,1677,90,NVIDIA RTX A6000
google/gemma-3-12b-it,Gemma 3 12B,BF16,clinical_astra_b06_006,with_rag,23.484973907470703,24.265625,1598,86,NVIDIA RTX A6000
google/gemma-3-12b-it,Gemma 3 12B,BF16,clinical_astra_b06_006,no_rag,22.85404348373413,24.265625,177,92,NVIDIA RTX A6000
google/gemma-3-12b-it,Gemma 3 12B,BF16,clinical_astra_b06_007,no_rag,22.854031562805176,24.265625,192,116,NVIDIA RTX A6000
google/gemma-3-12b-it,Gemma 3 12B,BF16,clinical_astra_b06_007,with_rag,23.51637554168701,24.265625,1650,120,NVIDIA RTX A6000
google/gemma-3-12b-it,Gemma 3 12B,BF16,clinical_astra_b06_008,with_rag,23.571800231933594,24.265625,1770,140,NVIDIA RTX A6000
google/gemma-3-12b-it,Gemma 3 12B,BF16,clinical_astra_b06_008,no_rag,22.854031562805176,24.265625,180,114,NVIDIA RTX A6000
google/gemma-3-12b-it,Gemma 3 12B,BF16,clinical_astra_b06_009,no_rag,22.85404348373413,24.265625,181,92,NVIDIA RTX A6000
google/gemma-3-12b-it,Gemma 3 12B,BF16,clinical_astra_b06_009,with_rag,23.474778175354004,24.265625,1577,140,NVIDIA RTX A6000
google/gemma-3-12b-it,Gemma 3 12B,BF16,clinical_astra_b06_010,with_rag,23.653026580810547,24.265625,1934,112,NVIDIA RTX A6000
google/gemma-3-12b-it,Gemma 3 12B,BF16,clinical_astra_b06_010,no_rag,22.8042893409729,24.265625,181,72,NVIDIA RTX A6000
google/gemma-3-12b-it,Gemma 3 12B,BF16,clinical_astra_b06_011,no_rag,22.854045391082764,24.265625,197,80,NVIDIA RTX A6000
google/gemma-3-12b-it,Gemma 3 12B,BF16,clinical_astra_b06_011,with_rag,23.524636268615723,24.265625,1658,120,NVIDIA RTX A6000
google/gemma-3-12b-it,Gemma 3 12B,BF16,clinical_astra_b06_012,with_rag,23.519071102142334,24.265625,1656,124,NVIDIA RTX A6000
google/gemma-3-12b-it,Gemma 3 12B,BF16,clinical_astra_b06_012,no_rag,22.854045391082764,24.265625,195,93,NVIDIA RTX A6000
google/gemma-3-12b-it,Gemma 3 12B,BF16,clinical_astra_b06_013,no_rag,22.85404348373413,24.265625,177,132,NVIDIA RTX A6000
google/gemma-3-12b-it,Gemma 3 12B,BF16,clinical_astra_b06_013,with_rag,23.400293350219727,24.265625,1421,114,NVIDIA RTX A6000
google/gemma-3-12b-it,Gemma 3 12B,BF16,clinical_astra_b06_014,with_rag,23.769731521606445,24.265625,2173,152,NVIDIA RTX A6000
google/gemma-3-12b-it,Gemma 3 12B,BF16,clinical_astra_b06_014,no_rag,22.854031562805176,24.265625,172,158,NVIDIA RTX A6000
google/gemma-3-12b-it,Gemma 3 12B,BF16,clinical_astra_b06_015,no_rag,22.854031562805176,24.265625,178,93,NVIDIA RTX A6000
google/gemma-3-12b-it,Gemma 3 12B,BF16,clinical_astra_b06_015,with_rag,23.45017147064209,24.265625,1520,121,NVIDIA RTX A6000
google/gemma-3-12b-it,Gemma 3 12B,BF16,clinical_astra_b06_016,with_rag,23.588479042053223,24.265625,1808,114,NVIDIA RTX A6000
google/gemma-3-12b-it,Gemma 3 12B,BF16,clinical_astra_b06_016,no_rag,22.85404348373413,24.265625,189,116,NVIDIA RTX A6000
google/gemma-3-12b-it,Gemma 3 12B,BF16,clinical_astra_b06_017,no_rag,22.85404348373413,24.265625,191,111,NVIDIA RTX A6000
google/gemma-3-12b-it,Gemma 3 12B,BF16,clinical_astra_b06_017,with_rag,23.45017147064209,24.265625,1520,161,NVIDIA RTX A6000
google/gemma-3-12b-it,Gemma 3 12B,BF16,clinical_astra_b06_018,with_rag,23.43044662475586,24.265625,1484,121,NVIDIA RTX A6000
google/gemma-3-12b-it,Gemma 3 12B,BF16,clinical_astra_b06_018,no_rag,22.854031562805176,24.265625,182,117,NVIDIA RTX A6000
google/gemma-3-12b-it,Gemma 3 12B,BF16,clinical_astra_b06_019,no_rag,22.854031562805176,24.265625,174,108,NVIDIA RTX A6000
google/gemma-3-12b-it,Gemma 3 12B,BF16,clinical_astra_b06_019,with_rag,23.58479404449463,24.265625,1800,96,NVIDIA RTX A6000
google/gemma-3-12b-it,Gemma 3 12B,BF16,clinical_astra_b06_020,with_rag,23.654971599578857,24.265625,1939,141,NVIDIA RTX A6000
google/gemma-3-12b-it,Gemma 3 12B,BF16,clinical_astra_b06_020,no_rag,22.85404348373413,24.265625,185,102,NVIDIA RTX A6000
microsoft/phi-4,Phi-4 14B,NF4,clinical_astra_b01_001,no_rag,8.902955055236816,9.255859375,186,135,NVIDIA RTX A6000
microsoft/phi-4,Phi-4 14B,NF4,clinical_astra_b01_001,with_rag,9.342695236206055,9.482421875,1673,126,NVIDIA RTX A6000
microsoft/phi-4,Phi-4 14B,NF4,clinical_astra_b02_001,with_rag,9.357102394104004,9.59765625,1721,134,NVIDIA RTX A6000
microsoft/phi-4,Phi-4 14B,NF4,clinical_astra_b02_001,no_rag,8.893805503845215,9.59765625,157,113,NVIDIA RTX A6000
microsoft/phi-4,Phi-4 14B,NF4,clinical_astra_b03_001,no_rag,8.8951997756958,9.59765625,161,168,NVIDIA RTX A6000
microsoft/phi-4,Phi-4 14B,NF4,clinical_astra_b03_001,with_rag,9.260158061981201,9.59765625,1387,208,NVIDIA RTX A6000
microsoft/phi-4,Phi-4 14B,NF4,clinical_astra_b04_001,with_rag,9.28034782409668,9.59765625,1462,202,NVIDIA RTX A6000
microsoft/phi-4,Phi-4 14B,NF4,clinical_astra_b04_001,no_rag,8.899565696716309,9.599609375,177,150,NVIDIA RTX A6000
microsoft/phi-4,Phi-4 14B,NF4,clinical_astra_b05_001,no_rag,8.904025077819824,9.6015625,190,247,NVIDIA RTX A6000
microsoft/phi-4,Phi-4 14B,NF4,clinical_astra_b05_001,with_rag,9.373044967651367,9.6015625,1776,258,NVIDIA RTX A6000
microsoft/phi-4,Phi-4 14B,NF4,clinical_astra_b06_001,with_rag,9.339863777160645,9.6015625,1661,129,NVIDIA RTX A6000
microsoft/phi-4,Phi-4 14B,NF4,clinical_astra_b06_001,no_rag,8.899565696716309,9.6015625,177,163,NVIDIA RTX A6000
microsoft/phi-4,Phi-4 14B,NF4,clinical_astra_b01_002,no_rag,8.905900001525879,9.6015625,197,208,NVIDIA RTX A6000
microsoft/phi-4,Phi-4 14B,NF4,clinical_astra_b01_002,with_rag,9.305015563964844,9.6015625,1544,321,NVIDIA RTX A6000
microsoft/phi-4,Phi-4 14B,NF4,clinical_astra_b01_003,with_rag,9.3178129196167,9.6015625,1587,283,NVIDIA RTX A6000
microsoft/phi-4,Phi-4 14B,NF4,clinical_astra_b01_003,no_rag,8.896269798278809,9.6015625,165,157,NVIDIA RTX A6000
microsoft/phi-4,Phi-4 14B,NF4,clinical_astra_b01_004,no_rag,8.905364990234375,9.6015625,195,105,NVIDIA RTX A6000
microsoft/phi-4,Phi-4 14B,NF4,clinical_astra_b01_004,with_rag,9.325502395629883,9.6015625,1614,120,NVIDIA RTX A6000
microsoft/phi-4,Phi-4 14B,NF4,clinical_astra_b01_005,with_rag,9.353796005249023,9.6015625,1711,262,NVIDIA RTX A6000
microsoft/phi-4,Phi-4 14B,NF4,clinical_astra_b01_005,no_rag,8.904829978942871,9.6015625,193,187,NVIDIA RTX A6000
microsoft/phi-4,Phi-4 14B,NF4,clinical_astra_b01_006,no_rag,8.902420043945312,9.6015625,184,163,NVIDIA RTX A6000
microsoft/phi-4,Phi-4 14B,NF4,clinical_astra_b01_006,with_rag,9.302410125732422,9.6015625,1534,304,NVIDIA RTX A6000
microsoft/phi-4,Phi-4 14B,NF4,clinical_astra_b01_007,with_rag,9.342350006103516,9.6015625,1671,302,NVIDIA RTX A6000
microsoft/phi-4,Phi-4 14B,NF4,clinical_astra_b01_007,no_rag,8.908575057983398,9.6015625,207,213,NVIDIA RTX A6000
microsoft/phi-4,Phi-4 14B,NF4,clinical_astra_b01_008,no_rag,8.902153015136719,9.6015625,183,139,NVIDIA RTX A6000
microsoft/phi-4,Phi-4 14B,NF4,clinical_astra_b01_008,with_rag,9.280754089355469,9.6015625,1464,212,NVIDIA RTX A6000
microsoft/phi-4,Phi-4 14B,NF4,clinical_astra_b01_009,with_rag,9.360713958740234,9.6015625,1732,191,NVIDIA RTX A6000
microsoft/phi-4,Phi-4 14B,NF4,clinical_astra_b01_009,no_rag,8.902688026428223,9.6015625,185,154,NVIDIA RTX A6000
microsoft/phi-4,Phi-4 14B,NF4,clinical_astra_b01_010,no_rag,8.904025077819824,9.6015625,190,151,NVIDIA RTX A6000
microsoft/phi-4,Phi-4 14B,NF4,clinical_astra_b01_010,with_rag,9.287460327148438,9.6015625,1487,190,NVIDIA RTX A6000
microsoft/phi-4,Phi-4 14B,NF4,clinical_astra_b01_011,with_rag,9.45993709564209,9.6015625,2065,152,NVIDIA RTX A6000
microsoft/phi-4,Phi-4 14B,NF4,clinical_astra_b01_011,no_rag,8.90375804901123,9.6015625,189,175,NVIDIA RTX A6000
microsoft/phi-4,Phi-4 14B,NF4,clinical_astra_b01_012,no_rag,8.901885032653809,9.6015625,182,129,NVIDIA RTX A6000
microsoft/phi-4,Phi-4 14B,NF4,clinical_astra_b01_012,with_rag,9.28538703918457,9.6015625,1480,165,NVIDIA RTX A6000
microsoft/phi-4,Phi-4 14B,NF4,clinical_astra_b01_013,with_rag,9.294645309448242,9.6015625,1504,146,NVIDIA RTX A6000
microsoft/phi-4,Phi-4 14B,NF4,clinical_astra_b01_013,no_rag,8.90349006652832,9.6015625,188,114,NVIDIA RTX A6000
microsoft/phi-4,Phi-4 14B,NF4,clinical_astra_b01_014,no_rag,8.897071838378906,9.6015625,168,203,NVIDIA RTX A6000
microsoft/phi-4,Phi-4 14B,NF4,clinical_astra_b01_014,with_rag,9.278236389160156,9.6015625,1444,144,NVIDIA RTX A6000
microsoft/phi-4,Phi-4 14B,NF4,clinical_astra_b01_015,with_rag,9.344337463378906,9.6015625,1679,163,NVIDIA RTX A6000
microsoft/phi-4,Phi-4 14B,NF4,clinical_astra_b01_015,no_rag,8.89818000793457,9.6015625,172,155,NVIDIA RTX A6000
microsoft/phi-4,Phi-4 14B,NF4,clinical_astra_b01_016,no_rag,8.897625923156738,9.6015625,170,175,NVIDIA RTX A6000
microsoft/phi-4,Phi-4 14B,NF4,clinical_astra_b01_016,with_rag,9.335888862609863,9.6015625,1645,166,NVIDIA RTX A6000
microsoft/phi-4,Phi-4 14B,NF4,clinical_astra_b01_017,with_rag,9.324660778045654,9.6015625,1609,249,NVIDIA RTX A6000
microsoft/phi-4,Phi-4 14B,NF4,clinical_astra_b01_017,no_rag,8.902420043945312,9.6015625,184,202,NVIDIA RTX A6000
microsoft/phi-4,Phi-4 14B,NF4,clinical_astra_b01_018,no_rag,8.89734935760498,9.6015625,169,140,NVIDIA RTX A6000
microsoft/phi-4,Phi-4 14B,NF4,clinical_astra_b01_018,with_rag,9.279644012451172,9.6015625,1456,181,NVIDIA RTX A6000
microsoft/phi-4,Phi-4 14B,NF4,clinical_astra_b01_019,with_rag,9.318075180053711,9.6015625,1588,250,NVIDIA RTX A6000
microsoft/phi-4,Phi-4 14B,NF4,clinical_astra_b01_019,no_rag,8.898734092712402,9.6015625,174,169,NVIDIA RTX A6000
microsoft/phi-4,Phi-4 14B,NF4,clinical_astra_b01_020,no_rag,8.899565696716309,9.6015625,177,144,NVIDIA RTX A6000
microsoft/phi-4,Phi-4 14B,NF4,clinical_astra_b01_020,with_rag,9.386310577392578,9.6015625,1816,146,NVIDIA RTX A6000
microsoft/phi-4,Phi-4 14B,NF4,clinical_astra_b02_002,with_rag,9.306171417236328,9.6015625,1548,235,NVIDIA RTX A6000
microsoft/phi-4,Phi-4 14B,NF4,clinical_astra_b02_002,no_rag,8.893308639526367,9.6015625,155,136,NVIDIA RTX A6000
microsoft/phi-4,Phi-4 14B,NF4,clinical_astra_b02_003,no_rag,8.89493179321289,9.6015625,160,195,NVIDIA RTX A6000
microsoft/phi-4,Phi-4 14B,NF4,clinical_astra_b02_003,with_rag,9.324533462524414,9.6015625,1608,139,NVIDIA RTX A6000
microsoft/phi-4,Phi-4 14B,NF4,clinical_astra_b02_004,with_rag,9.387860298156738,9.6015625,1825,105,NVIDIA RTX A6000
microsoft/phi-4,Phi-4 14B,NF4,clinical_astra_b02_004,no_rag,8.893308639526367,9.6015625,155,119,NVIDIA RTX A6000
microsoft/phi-4,Phi-4 14B,NF4,clinical_astra_b02_005,no_rag,8.893805503845215,9.6015625,157,108,NVIDIA RTX A6000
microsoft/phi-4,Phi-4 14B,NF4,clinical_astra_b02_005,with_rag,9.31623649597168,9.6015625,1581,163,NVIDIA RTX A6000
microsoft/phi-4,Phi-4 14B,NF4,clinical_astra_b02_006,with_rag,9.359078407287598,9.6015625,1726,184,NVIDIA RTX A6000
microsoft/phi-4,Phi-4 14B,NF4,clinical_astra_b02_006,no_rag,8.893059730529785,9.6015625,154,119,NVIDIA RTX A6000
microsoft/phi-4,Phi-4 14B,NF4,clinical_astra_b02_007,no_rag,8.893805503845215,9.6015625,157,138,NVIDIA RTX A6000
microsoft/phi-4,Phi-4 14B,NF4,clinical_astra_b02_007,with_rag,9.340859413146973,9.6015625,1665,159,NVIDIA RTX A6000
microsoft/phi-4,Phi-4 14B,NF4,clinical_astra_b02_008,with_rag,9.338373184204102,9.6015625,1655,100,NVIDIA RTX A6000
microsoft/phi-4,Phi-4 14B,NF4,clinical_astra_b02_008,no_rag,8.893805503845215,9.6015625,157,109,NVIDIA RTX A6000
microsoft/phi-4,Phi-4 14B,NF4,clinical_astra_b02_009,no_rag,8.896269798278809,9.6015625,165,232,NVIDIA RTX A6000
microsoft/phi-4,Phi-4 14B,NF4,clinical_astra_b02_009,with_rag,9.325502395629883,9.6015625,1614,184,NVIDIA RTX A6000
microsoft/phi-4,Phi-4 14B,NF4,clinical_astra_b02_010,with_rag,9.330446243286133,9.6015625,1632,136,NVIDIA RTX A6000
microsoft/phi-4,Phi-4 14B,NF4,clinical_astra_b02_010,no_rag,8.89818000793457,9.6015625,172,168,NVIDIA RTX A6000
microsoft/phi-4,Phi-4 14B,NF4,clinical_astra_b02_011,no_rag,8.8951997756958,9.6015625,161,127,NVIDIA RTX A6000
microsoft/phi-4,Phi-4 14B,NF4,clinical_astra_b02_011,with_rag,9.26796007156372,9.6015625,1421,137,NVIDIA RTX A6000
microsoft/phi-4,Phi-4 14B,NF4,clinical_astra_b02_012,with_rag,9.272250175476074,9.6015625,1433,135,NVIDIA RTX A6000
microsoft/phi-4,Phi-4 14B,NF4,clinical_astra_b02_012,no_rag,8.895734786987305,9.6015625,163,121,NVIDIA RTX A6000
microsoft/phi-4,Phi-4 14B,NF4,clinical_astra_b02_013,no_rag,8.894302368164062,9.6015625,159,129,NVIDIA RTX A6000
microsoft/phi-4,Phi-4 14B,NF4,clinical_astra_b02_013,with_rag,9.38066291809082,9.6015625,1798,200,NVIDIA RTX A6000
microsoft/phi-4,Phi-4 14B,NF4,clinical_astra_b02_014,with_rag,9.335143089294434,9.6015625,1642,128,NVIDIA RTX A6000
microsoft/phi-4,Phi-4 14B,NF4,clinical_astra_b02_014,no_rag,8.895734786987305,9.6015625,163,134,NVIDIA RTX A6000
microsoft/phi-4,Phi-4 14B,NF4,clinical_astra_b02_015,no_rag,8.896001815795898,9.6015625,164,123,NVIDIA RTX A6000
microsoft/phi-4,Phi-4 14B,NF4,clinical_astra_b02_015,with_rag,9.335639953613281,9.6015625,1644,139,NVIDIA RTX A6000
microsoft/phi-4,Phi-4 14B,NF4,clinical_astra_b02_016,with_rag,9.309061050415039,9.6015625,1558,181,NVIDIA RTX A6000
microsoft/phi-4,Phi-4 14B,NF4,clinical_astra_b02_016,no_rag,8.897625923156738,9.6015625,170,123,NVIDIA RTX A6000
microsoft/phi-4,Phi-4 14B,NF4,clinical_astra_b02_017,no_rag,8.897625923156738,9.6015625,170,139,NVIDIA RTX A6000
microsoft/phi-4,Phi-4 14B,NF4,clinical_astra_b02_017,with_rag,9.278940200805664,9.6015625,1450,167,NVIDIA RTX A6000
microsoft/phi-4,Phi-4 14B,NF4,clinical_astra_b02_018,with_rag,9.307616710662842,9.6015625,1553,171,NVIDIA RTX A6000
microsoft/phi-4,Phi-4 14B,NF4,clinical_astra_b02_018,no_rag,8.896536827087402,9.6015625,166,132,NVIDIA RTX A6000
microsoft/phi-4,Phi-4 14B,NF4,clinical_astra_b02_019,no_rag,8.893556594848633,9.6015625,156,119,NVIDIA RTX A6000
microsoft/phi-4,Phi-4 14B,NF4,clinical_astra_b02_019,with_rag,9.294409275054932,9.6015625,1503,182,NVIDIA RTX A6000
microsoft/phi-4,Phi-4 14B,NF4,clinical_astra_b02_020,with_rag,9.325304508209229,9.6015625,1613,192,NVIDIA RTX A6000
microsoft/phi-4,Phi-4 14B,NF4,clinical_astra_b02_020,no_rag,8.899288177490234,9.6015625,176,150,NVIDIA RTX A6000
microsoft/phi-4,Phi-4 14B,NF4,clinical_astra_b03_002,no_rag,8.901350021362305,9.6015625,180,154,NVIDIA RTX A6000
microsoft/phi-4,Phi-4 14B,NF4,clinical_astra_b03_002,with_rag,9.309350490570068,9.6015625,1559,294,NVIDIA RTX A6000
microsoft/phi-4,Phi-4 14B,NF4,clinical_astra_b03_003,with_rag,9.398050308227539,9.6015625,1860,220,NVIDIA RTX A6000
microsoft/phi-4,Phi-4 14B,NF4,clinical_astra_b03_003,no_rag,8.906617164611816,9.6015625,201,188,NVIDIA RTX A6000
microsoft/phi-4,Phi-4 14B,NF4,clinical_astra_b03_004,no_rag,8.898734092712402,9.6015625,174,168,NVIDIA RTX A6000
microsoft/phi-4,Phi-4 14B,NF4,clinical_astra_b03_004,with_rag,9.334646224975586,9.6015625,1640,209,NVIDIA RTX A6000
microsoft/phi-4,Phi-4 14B,NF4,clinical_astra_b03_005,with_rag,9.301298141479492,9.6015625,1516,317,NVIDIA RTX A6000
microsoft/phi-4,Phi-4 14B,NF4,clinical_astra_b03_005,no_rag,8.904293060302734,9.6015625,191,235,NVIDIA RTX A6000
microsoft/phi-4,Phi-4 14B,NF4,clinical_astra_b03_006,no_rag,8.897071838378906,9.6015625,168,161,NVIDIA RTX A6000
microsoft/phi-4,Phi-4 14B,NF4,clinical_astra_b03_006,with_rag,9.303281784057617,9.6015625,1538,200,NVIDIA RTX A6000
microsoft/phi-4,Phi-4 14B,NF4,clinical_astra_b03_007,with_rag,9.308194637298584,9.6015625,1555,156,NVIDIA RTX A6000
microsoft/phi-4,Phi-4 14B,NF4,clinical_astra_b03_007,no_rag,8.902955055236816,9.6015625,186,236,NVIDIA RTX A6000
microsoft/phi-4,Phi-4 14B,NF4,clinical_astra_b03_008,no_rag,8.89493179321289,9.6015625,160,119,NVIDIA RTX A6000
microsoft/phi-4,Phi-4 14B,NF4,clinical_astra_b03_008,with_rag,9.278705596923828,9.6015625,1448,220,NVIDIA RTX A6000
microsoft/phi-4,Phi-4 14B,NF4,clinical_astra_b03_009,with_rag,9.250040054321289,9.6015625,1360,136,NVIDIA RTX A6000
microsoft/phi-4,Phi-4 14B,NF4,clinical_astra_b03_009,no_rag,8.8951997756958,9.6015625,161,95,NVIDIA RTX A6000
microsoft/phi-4,Phi-4 14B,NF4,clinical_astra_b03_010,no_rag,8.89734935760498,9.6015625,169,95,NVIDIA RTX A6000
microsoft/phi-4,Phi-4 14B,NF4,clinical_astra_b03_010,with_rag,9.292222023010254,9.6015625,1498,207,NVIDIA RTX A6000
microsoft/phi-4,Phi-4 14B,NF4,clinical_astra_b03_011,with_rag,9.31308364868164,9.6015625,1569,222,NVIDIA RTX A6000
microsoft/phi-4,Phi-4 14B,NF4,clinical_astra_b03_011,no_rag,8.895734786987305,9.6015625,163,198,NVIDIA RTX A6000
microsoft/phi-4,Phi-4 14B,NF4,clinical_astra_b03_012,no_rag,8.896804809570312,9.6015625,167,125,NVIDIA RTX A6000
microsoft/phi-4,Phi-4 14B,NF4,clinical_astra_b03_012,with_rag,9.312294960021973,9.6015625,1566,164,NVIDIA RTX A6000
microsoft/phi-4,Phi-4 14B,NF4,clinical_astra_b03_013,with_rag,9.3125581741333,9.6015625,1567,212,NVIDIA RTX A6000
microsoft/phi-4,Phi-4 14B,NF4,clinical_astra_b03_013,no_rag,8.896001815795898,9.6015625,164,130,NVIDIA RTX A6000
microsoft/phi-4,Phi-4 14B,NF4,clinical_astra_b03_014,no_rag,8.898734092712402,9.6015625,174,163,NVIDIA RTX A6000
microsoft/phi-4,Phi-4 14B,NF4,clinical_astra_b03_014,with_rag,9.323516845703125,9.6015625,1600,130,NVIDIA RTX A6000
microsoft/phi-4,Phi-4 14B,NF4,clinical_astra_b03_015,with_rag,9.325502395629883,9.6015625,1614,168,NVIDIA RTX A6000
microsoft/phi-4,Phi-4 14B,NF4,clinical_astra_b03_015,no_rag,8.903223037719727,9.6015625,187,154,NVIDIA RTX A6000
microsoft/phi-4,Phi-4 14B,NF4,clinical_astra_b03_016,no_rag,8.899842262268066,9.6015625,178,148,NVIDIA RTX A6000
microsoft/phi-4,Phi-4 14B,NF4,clinical_astra_b03_016,with_rag,9.324026107788086,9.6015625,1604,144,NVIDIA RTX A6000
microsoft/phi-4,Phi-4 14B,NF4,clinical_astra_b03_017,with_rag,9.356460571289062,9.6015625,1720,216,NVIDIA RTX A6000
microsoft/phi-4,Phi-4 14B,NF4,clinical_astra_b03_017,no_rag,8.90011978149414,9.6015625,179,161,NVIDIA RTX A6000
microsoft/phi-4,Phi-4 14B,NF4,clinical_astra_b03_018,no_rag,8.902420043945312,9.6015625,184,163,NVIDIA RTX A6000
microsoft/phi-4,Phi-4 14B,NF4,clinical_astra_b03_018,with_rag,9.345208168029785,9.6015625,1682,157,NVIDIA RTX A6000
microsoft/phi-4,Phi-4 14B,NF4,clinical_astra_b03_019,with_rag,9.323136806488037,9.6015625,1597,167,NVIDIA RTX A6000
microsoft/phi-4,Phi-4 14B,NF4,clinical_astra_b03_019,no_rag,8.901618003845215,9.6015625,181,183,NVIDIA RTX A6000
microsoft/phi-4,Phi-4 14B,NF4,clinical_astra_b03_020,no_rag,8.901350021362305,9.6015625,180,141,NVIDIA RTX A6000
microsoft/phi-4,Phi-4 14B,NF4,clinical_astra_b03_020,with_rag,9.262083530426025,9.6015625,1401,214,NVIDIA RTX A6000
microsoft/phi-4,Phi-4 14B,NF4,clinical_astra_b04_002,with_rag,9.325701236724854,9.6015625,1615,157,NVIDIA RTX A6000
microsoft/phi-4,Phi-4 14B,NF4,clinical_astra_b04_002,no_rag,8.90375804901123,9.6015625,189,150,NVIDIA RTX A6000
microsoft/phi-4,Phi-4 14B,NF4,clinical_astra_b04_003,no_rag,8.898457527160645,9.6015625,173,231,NVIDIA RTX A6000
microsoft/phi-4,Phi-4 14B,NF4,clinical_astra_b04_003,with_rag,9.396495342254639,9.6015625,1853,249,NVIDIA RTX A6000
microsoft/phi-4,Phi-4 14B,NF4,clinical_astra_b04_004,with_rag,9.303281784057617,9.6015625,1538,167,NVIDIA RTX A6000
microsoft/phi-4,Phi-4 14B,NF4,clinical_astra_b04_004,no_rag,8.89734935760498,9.6015625,169,132,NVIDIA RTX A6000
microsoft/phi-4,Phi-4 14B,NF4,clinical_astra_b04_005,no_rag,8.899011611938477,9.6015625,175,274,NVIDIA RTX A6000
microsoft/phi-4,Phi-4 14B,NF4,clinical_astra_b04_005,with_rag,9.331313610076904,9.6015625,1635,339,NVIDIA RTX A6000
microsoft/phi-4,Phi-4 14B,NF4,clinical_astra_b04_006,with_rag,9.331024169921875,9.6015625,1634,272,NVIDIA RTX A6000
microsoft/phi-4,Phi-4 14B,NF4,clinical_astra_b04_006,no_rag,8.899565696716309,9.6015625,177,187,NVIDIA RTX A6000
microsoft/phi-4,Phi-4 14B,NF4,clinical_astra_b04_007,no_rag,8.899842262268066,9.6015625,178,119,NVIDIA RTX A6000
microsoft/phi-4,Phi-4 14B,NF4,clinical_astra_b04_007,with_rag,9.285091400146484,9.6015625,1479,292,NVIDIA RTX A6000
microsoft/phi-4,Phi-4 14B,NF4,clinical_astra_b04_008,with_rag,9.30674934387207,9.6015625,1550,145,NVIDIA RTX A6000
microsoft/phi-4,Phi-4 14B,NF4,clinical_astra_b04_008,no_rag,8.903223037719727,9.6015625,187,122,NVIDIA RTX A6000
microsoft/phi-4,Phi-4 14B,NF4,clinical_astra_b04_009,no_rag,8.895466804504395,9.6015625,162,169,NVIDIA RTX A6000
microsoft/phi-4,Phi-4 14B,NF4,clinical_astra_b04_009,with_rag,9.352611541748047,9.6015625,1707,151,NVIDIA RTX A6000
microsoft/phi-4,Phi-4 14B,NF4,clinical_astra_b04_010,with_rag,9.263551712036133,9.6015625,1406,289,NVIDIA RTX A6000
microsoft/phi-4,Phi-4 14B,NF4,clinical_astra_b04_010,no_rag,8.89734935760498,9.6015625,169,149,NVIDIA RTX A6000
microsoft/phi-4,Phi-4 14B,NF4,clinical_astra_b04_011,no_rag,8.8951997756958,9.6015625,161,113,NVIDIA RTX A6000
microsoft/phi-4,Phi-4 14B,NF4,clinical_astra_b04_011,with_rag,9.382059097290039,9.6015625,1806,133,NVIDIA RTX A6000
microsoft/phi-4,Phi-4 14B,NF4,clinical_astra_b04_012,with_rag,9.343591690063477,9.6015625,1676,194,NVIDIA RTX A6000
microsoft/phi-4,Phi-4 14B,NF4,clinical_astra_b04_012,no_rag,8.894302368164062,9.6015625,159,102,NVIDIA RTX A6000
microsoft/phi-4,Phi-4 14B,NF4,clinical_astra_b04_013,no_rag,8.89493179321289,9.6015625,160,104,NVIDIA RTX A6000
microsoft/phi-4,Phi-4 14B,NF4,clinical_astra_b04_013,with_rag,9.380139827728271,9.6015625,1795,120,NVIDIA RTX A6000
microsoft/phi-4,Phi-4 14B,NF4,clinical_astra_b04_014,with_rag,9.28023099899292,9.6015625,1461,176,NVIDIA RTX A6000
microsoft/phi-4,Phi-4 14B,NF4,clinical_astra_b04_014,no_rag,8.899288177490234,9.6015625,176,153,NVIDIA RTX A6000
microsoft/phi-4,Phi-4 14B,NF4,clinical_astra_b04_015,no_rag,8.896001815795898,9.6015625,164,120,NVIDIA RTX A6000
microsoft/phi-4,Phi-4 14B,NF4,clinical_astra_b04_015,with_rag,9.351682662963867,9.6015625,1700,148,NVIDIA RTX A6000
microsoft/phi-4,Phi-4 14B,NF4,clinical_astra_b04_016,with_rag,9.324533462524414,9.6015625,1608,241,NVIDIA RTX A6000
microsoft/phi-4,Phi-4 14B,NF4,clinical_astra_b04_016,no_rag,8.902420043945312,9.6015625,184,127,NVIDIA RTX A6000
microsoft/phi-4,Phi-4 14B,NF4,clinical_astra_b04_017,no_rag,8.89493179321289,9.6015625,160,125,NVIDIA RTX A6000
microsoft/phi-4,Phi-4 14B,NF4,clinical_astra_b04_017,with_rag,9.330735683441162,9.6015625,1633,132,NVIDIA RTX A6000
microsoft/phi-4,Phi-4 14B,NF4,clinical_astra_b04_018,with_rag,9.31413459777832,9.6015625,1573,193,NVIDIA RTX A6000
microsoft/phi-4,Phi-4 14B,NF4,clinical_astra_b04_018,no_rag,8.89734935760498,9.6015625,169,183,NVIDIA RTX A6000
microsoft/phi-4,Phi-4 14B,NF4,clinical_astra_b04_019,no_rag,8.897071838378906,9.6015625,168,197,NVIDIA RTX A6000
microsoft/phi-4,Phi-4 14B,NF4,clinical_astra_b04_019,with_rag,9.284499168395996,9.6015625,1477,119,NVIDIA RTX A6000
microsoft/phi-4,Phi-4 14B,NF4,clinical_astra_b04_020,with_rag,9.268547534942627,9.6015625,1423,173,NVIDIA RTX A6000
microsoft/phi-4,Phi-4 14B,NF4,clinical_astra_b04_020,no_rag,8.899011611938477,9.6015625,175,171,NVIDIA RTX A6000
microsoft/phi-4,Phi-4 14B,NF4,clinical_astra_b05_002,no_rag,8.902420043945312,9.6015625,184,158,NVIDIA RTX A6000
microsoft/phi-4,Phi-4 14B,NF4,clinical_astra_b05_002,with_rag,9.309638977050781,9.6015625,1560,221,NVIDIA RTX A6000
microsoft/phi-4,Phi-4 14B,NF4,clinical_astra_b05_003,with_rag,9.360442161560059,9.6015625,1731,241,NVIDIA RTX A6000
microsoft/phi-4,Phi-4 14B,NF4,clinical_astra_b05_003,no_rag,8.901618003845215,9.6015625,181,157,NVIDIA RTX A6000
microsoft/phi-4,Phi-4 14B,NF4,clinical_astra_b05_004,no_rag,8.893805503845215,9.6015625,157,113,NVIDIA RTX A6000
microsoft/phi-4,Phi-4 14B,NF4,clinical_astra_b05_004,with_rag,9.323263168334961,9.6015625,1598,138,NVIDIA RTX A6000
microsoft/phi-4,Phi-4 14B,NF4,clinical_astra_b05_005,with_rag,9.389808654785156,9.6015625,1830,229,NVIDIA RTX A6000
microsoft/phi-4,Phi-4 14B,NF4,clinical_astra_b05_005,no_rag,8.897625923156738,9.6015625,170,154,NVIDIA RTX A6000
microsoft/phi-4,Phi-4 14B,NF4,clinical_astra_b05_006,no_rag,8.893308639526367,9.6015625,155,136,NVIDIA RTX A6000
microsoft/phi-4,Phi-4 14B,NF4,clinical_astra_b05_006,with_rag,9.38153600692749,9.6015625,1803,203,NVIDIA RTX A6000
microsoft/phi-4,Phi-4 14B,NF4,clinical_astra_b05_007,with_rag,9.31466007232666,9.6015625,1575,209,NVIDIA RTX A6000
microsoft/phi-4,Phi-4 14B,NF4,clinical_astra_b05_007,no_rag,8.89405345916748,9.6015625,158,146,NVIDIA RTX A6000
microsoft/phi-4,Phi-4 14B,NF4,clinical_astra_b05_008,no_rag,8.902955055236816,9.6015625,186,188,NVIDIA RTX A6000
microsoft/phi-4,Phi-4 14B,NF4,clinical_astra_b05_008,with_rag,9.274715423583984,9.6015625,1440,160,NVIDIA RTX A6000
microsoft/phi-4,Phi-4 14B,NF4,clinical_astra_b05_009,with_rag,9.341604232788086,9.6015625,1668,280,NVIDIA RTX A6000
microsoft/phi-4,Phi-4 14B,NF4,clinical_astra_b05_009,no_rag,8.901350021362305,9.6015625,180,263,NVIDIA RTX A6000
microsoft/phi-4,Phi-4 14B,NF4,clinical_astra_b05_010,no_rag,8.906672477722168,9.6015625,198,215,NVIDIA RTX A6000
microsoft/phi-4,Phi-4 14B,NF4,clinical_astra_b05_010,with_rag,9.315447807312012,9.6015625,1578,282,NVIDIA RTX A6000
microsoft/phi-4,Phi-4 14B,NF4,clinical_astra_b05_011,with_rag,9.363981246948242,9.6015625,1744,343,NVIDIA RTX A6000
microsoft/phi-4,Phi-4 14B,NF4,clinical_astra_b05_011,no_rag,8.899288177490234,9.6015625,176,213,NVIDIA RTX A6000
microsoft/phi-4,Phi-4 14B,NF4,clinical_astra_b05_012,no_rag,8.901618003845215,9.6015625,181,152,NVIDIA RTX A6000
microsoft/phi-4,Phi-4 14B,NF4,clinical_astra_b05_012,with_rag,9.380139827728271,9.6015625,1795,164,NVIDIA RTX A6000
microsoft/phi-4,Phi-4 14B,NF4,clinical_astra_b05_013,with_rag,9.325105667114258,9.6015625,1612,309,NVIDIA RTX A6000
microsoft/phi-4,Phi-4 14B,NF4,clinical_astra_b05_013,no_rag,8.897903442382812,9.6015625,171,200,NVIDIA RTX A6000
microsoft/phi-4,Phi-4 14B,NF4,clinical_astra_b05_014,no_rag,8.894302368164062,9.6015625,159,194,NVIDIA RTX A6000
microsoft/phi-4,Phi-4 14B,NF4,clinical_astra_b05_014,with_rag,9.296301364898682,9.6015625,1511,136,NVIDIA RTX A6000
microsoft/phi-4,Phi-4 14B,NF4,clinical_astra_b05_015,with_rag,9.294409275054932,9.6015625,1503,277,NVIDIA RTX A6000
microsoft/phi-4,Phi-4 14B,NF4,clinical_astra_b05_015,no_rag,8.893805503845215,9.6015625,157,124,NVIDIA RTX A6000
microsoft/phi-4,Phi-4 14B,NF4,clinical_astra_b05_016,no_rag,8.892314910888672,9.6015625,151,142,NVIDIA RTX A6000
microsoft/phi-4,Phi-4 14B,NF4,clinical_astra_b05_016,with_rag,9.329365730285645,9.6015625,1625,194,NVIDIA RTX A6000
microsoft/phi-4,Phi-4 14B,NF4,clinical_astra_b05_017,with_rag,9.308483123779297,9.6015625,1556,254,NVIDIA RTX A6000
microsoft/phi-4,Phi-4 14B,NF4,clinical_astra_b05_017,no_rag,8.899288177490234,9.6015625,176,149,NVIDIA RTX A6000
microsoft/phi-4,Phi-4 14B,NF4,clinical_astra_b05_018,no_rag,8.89493179321289,9.6015625,160,133,NVIDIA RTX A6000
microsoft/phi-4,Phi-4 14B,NF4,clinical_astra_b05_018,with_rag,9.279527187347412,9.6015625,1455,150,NVIDIA RTX A6000
microsoft/phi-4,Phi-4 14B,NF4,clinical_astra_b05_019,with_rag,9.37943983078003,9.6015625,1791,257,NVIDIA RTX A6000
microsoft/phi-4,Phi-4 14B,NF4,clinical_astra_b05_019,no_rag,8.89405345916748,9.6015625,158,142,NVIDIA RTX A6000
microsoft/phi-4,Phi-4 14B,NF4,clinical_astra_b05_020,no_rag,8.90011978149414,9.6015625,179,124,NVIDIA RTX A6000
microsoft/phi-4,Phi-4 14B,NF4,clinical_astra_b05_020,with_rag,9.268840789794922,9.6015625,1424,169,NVIDIA RTX A6000
microsoft/phi-4,Phi-4 14B,NF4,clinical_astra_b06_002,with_rag,9.426351547241211,9.6015625,1956,255,NVIDIA RTX A6000
microsoft/phi-4,Phi-4 14B,NF4,clinical_astra_b06_002,no_rag,8.899288177490234,9.6015625,176,195,NVIDIA RTX A6000
microsoft/phi-4,Phi-4 14B,NF4,clinical_astra_b06_003,no_rag,8.898457527160645,9.6015625,173,139,NVIDIA RTX A6000
microsoft/phi-4,Phi-4 14B,NF4,clinical_astra_b06_003,with_rag,9.29027271270752,9.6015625,1490,240,NVIDIA RTX A6000
microsoft/phi-4,Phi-4 14B,NF4,clinical_astra_b06_004,with_rag,9.29701042175293,9.6015625,1514,145,NVIDIA RTX A6000
microsoft/phi-4,Phi-4 14B,NF4,clinical_astra_b06_004,no_rag,8.901618003845215,9.6015625,181,159,NVIDIA RTX A6000
microsoft/phi-4,Phi-4 14B,NF4,clinical_astra_b06_005,no_rag,8.89734935760498,9.6015625,169,100,NVIDIA RTX A6000
microsoft/phi-4,Phi-4 14B,NF4,clinical_astra_b06_005,with_rag,9.337876319885254,9.6015625,1653,149,NVIDIA RTX A6000
microsoft/phi-4,Phi-4 14B,NF4,clinical_astra_b06_006,with_rag,9.32440710067749,9.6015625,1607,149,NVIDIA RTX A6000
microsoft/phi-4,Phi-4 14B,NF4,clinical_astra_b06_006,no_rag,8.901885032653809,9.6015625,182,146,NVIDIA RTX A6000
microsoft/phi-4,Phi-4 14B,NF4,clinical_astra_b06_007,no_rag,8.903223037719727,9.6015625,187,211,NVIDIA RTX A6000
microsoft/phi-4,Phi-4 14B,NF4,clinical_astra_b06_007,with_rag,9.33015775680542,9.6015625,1631,231,NVIDIA RTX A6000
microsoft/phi-4,Phi-4 14B,NF4,clinical_astra_b06_008,with_rag,9.36724853515625,9.6015625,1756,204,NVIDIA RTX A6000
microsoft/phi-4,Phi-4 14B,NF4,clinical_astra_b06_008,no_rag,8.899565696716309,9.6015625,177,153,NVIDIA RTX A6000
microsoft/phi-4,Phi-4 14B,NF4,clinical_astra_b06_009,no_rag,8.899842262268066,9.6015625,178,116,NVIDIA RTX A6000
microsoft/phi-4,Phi-4 14B,NF4,clinical_astra_b06_009,with_rag,9.310216903686523,9.6015625,1562,137,NVIDIA RTX A6000
microsoft/phi-4,Phi-4 14B,NF4,clinical_astra_b06_010,with_rag,9.399424076080322,9.6015625,1865,179,NVIDIA RTX A6000
microsoft/phi-4,Phi-4 14B,NF4,clinical_astra_b06_010,no_rag,8.898734092712402,9.6015625,174,157,NVIDIA RTX A6000
microsoft/phi-4,Phi-4 14B,NF4,clinical_astra_b06_011,no_rag,8.904293060302734,9.6015625,191,194,NVIDIA RTX A6000
microsoft/phi-4,Phi-4 14B,NF4,clinical_astra_b06_011,with_rag,9.337876319885254,9.6015625,1653,225,NVIDIA RTX A6000
microsoft/phi-4,Phi-4 14B,NF4,clinical_astra_b06_012,with_rag,9.32966136932373,9.6015625,1626,239,NVIDIA RTX A6000
microsoft/phi-4,Phi-4 14B,NF4,clinical_astra_b06_012,no_rag,8.90349006652832,9.6015625,188,200,NVIDIA RTX A6000
microsoft/phi-4,Phi-4 14B,NF4,clinical_astra_b06_013,no_rag,8.899288177490234,9.6015625,176,214,NVIDIA RTX A6000
microsoft/phi-4,Phi-4 14B,NF4,clinical_astra_b06_013,with_rag,9.25968313217163,9.6015625,1381,175,NVIDIA RTX A6000
microsoft/phi-4,Phi-4 14B,NF4,clinical_astra_b06_014,with_rag,9.38953447341919,9.6015625,1829,232,NVIDIA RTX A6000
microsoft/phi-4,Phi-4 14B,NF4,clinical_astra_b06_014,no_rag,8.897071838378906,9.6015625,168,204,NVIDIA RTX A6000
microsoft/phi-4,Phi-4 14B,NF4,clinical_astra_b06_015,no_rag,8.898457527160645,9.6015625,173,130,NVIDIA RTX A6000
microsoft/phi-4,Phi-4 14B,NF4,clinical_astra_b06_015,with_rag,9.288052558898926,9.6015625,1489,116,NVIDIA RTX A6000
microsoft/phi-4,Phi-4 14B,NF4,clinical_astra_b06_016,with_rag,9.366432189941406,9.6015625,1753,253,NVIDIA RTX A6000
microsoft/phi-4,Phi-4 14B,NF4,clinical_astra_b06_016,no_rag,8.902420043945312,9.6015625,184,188,NVIDIA RTX A6000
microsoft/phi-4,Phi-4 14B,NF4,clinical_astra_b06_017,no_rag,8.903223037719727,9.6015625,187,167,NVIDIA RTX A6000
microsoft/phi-4,Phi-4 14B,NF4,clinical_astra_b06_017,with_rag,9.28212833404541,9.6015625,1469,201,NVIDIA RTX A6000
microsoft/phi-4,Phi-4 14B,NF4,clinical_astra_b06_018,with_rag,9.28023099899292,9.6015625,1461,284,NVIDIA RTX A6000
microsoft/phi-4,Phi-4 14B,NF4,clinical_astra_b06_018,no_rag,8.899288177490234,9.6015625,176,148,NVIDIA RTX A6000
microsoft/phi-4,Phi-4 14B,NF4,clinical_astra_b06_019,no_rag,8.898457527160645,9.6015625,173,150,NVIDIA RTX A6000
microsoft/phi-4,Phi-4 14B,NF4,clinical_astra_b06_019,with_rag,9.364798545837402,9.6015625,1747,143,NVIDIA RTX A6000
microsoft/phi-4,Phi-4 14B,NF4,clinical_astra_b06_020,with_rag,9.386138916015625,9.6015625,1815,173,NVIDIA RTX A6000
microsoft/phi-4,Phi-4 14B,NF4,clinical_astra_b06_020,no_rag,8.90011978149414,9.6015625,179,138,NVIDIA RTX A6000
microsoft/phi-4,Phi-4 14B,BF16,clinical_astra_b01_001,no_rag,27.38107681274414,27.443359375,186,135,NVIDIA RTX A6000
microsoft/phi-4,Phi-4 14B,BF16,clinical_astra_b01_001,with_rag,27.925325393676758,28.14453125,1673,123,NVIDIA RTX A6000
microsoft/phi-4,Phi-4 14B,BF16,clinical_astra_b02_001,with_rag,27.93943214416504,28.318359375,1721,134,NVIDIA RTX A6000
microsoft/phi-4,Phi-4 14B,BF16,clinical_astra_b02_001,no_rag,27.37119770050049,28.318359375,157,137,NVIDIA RTX A6000
microsoft/phi-4,Phi-4 14B,BF16,clinical_astra_b03_001,no_rag,27.37351131439209,28.318359375,161,149,NVIDIA RTX A6000
microsoft/phi-4,Phi-4 14B,BF16,clinical_astra_b03_001,with_rag,27.818440437316895,28.318359375,1387,233,NVIDIA RTX A6000
microsoft/phi-4,Phi-4 14B,BF16,clinical_astra_b04_001,with_rag,27.84687042236328,28.318359375,1462,149,NVIDIA RTX A6000
microsoft/phi-4,Phi-4 14B,BF16,clinical_astra_b04_001,no_rag,27.37834072113037,28.318359375,177,158,NVIDIA RTX A6000
microsoft/phi-4,Phi-4 14B,BF16,clinical_astra_b05_001,no_rag,27.44369888305664,28.3203125,190,283,NVIDIA RTX A6000
microsoft/phi-4,Phi-4 14B,BF16,clinical_astra_b05_001,with_rag,27.96074390411377,28.439453125,1776,319,NVIDIA RTX A6000
microsoft/phi-4,Phi-4 14B,BF16,clinical_astra_b06_001,with_rag,27.916179656982422,28.439453125,1661,234,NVIDIA RTX A6000
microsoft/phi-4,Phi-4 14B,BF16,clinical_astra_b06_001,no_rag,27.377897262573242,28.439453125,177,130,NVIDIA RTX A6000
microsoft/phi-4,Phi-4 14B,BF16,clinical_astra_b01_002,no_rag,27.441726207733154,28.44140625,197,216,NVIDIA RTX A6000
microsoft/phi-4,Phi-4 14B,BF16,clinical_astra_b01_002,with_rag,27.874491691589355,28.44140625,1544,322,NVIDIA RTX A6000
microsoft/phi-4,Phi-4 14B,BF16,clinical_astra_b01_003,with_rag,27.890183448791504,28.44140625,1587,279,NVIDIA RTX A6000
microsoft/phi-4,Phi-4 14B,BF16,clinical_astra_b01_003,no_rag,27.37640953063965,28.44140625,165,160,NVIDIA RTX A6000
microsoft/phi-4,Phi-4 14B,BF16,clinical_astra_b01_004,no_rag,27.38535213470459,28.44140625,195,103,NVIDIA RTX A6000
microsoft/phi-4,Phi-4 14B,BF16,clinical_astra_b01_004,with_rag,27.89946746826172,28.44140625,1614,174,NVIDIA RTX A6000
microsoft/phi-4,Phi-4 14B,BF16,clinical_astra_b01_005,with_rag,27.936030387878418,28.44140625,1711,333,NVIDIA RTX A6000
microsoft/phi-4,Phi-4 14B,BF16,clinical_astra_b01_005,no_rag,27.39012384414673,28.44140625,193,203,NVIDIA RTX A6000
microsoft/phi-4,Phi-4 14B,BF16,clinical_astra_b01_006,no_rag,27.3850998878479,28.44140625,184,186,NVIDIA RTX A6000
microsoft/phi-4,Phi-4 14B,BF16,clinical_astra_b01_006,with_rag,27.8715763092041,28.44140625,1534,190,NVIDIA RTX A6000
microsoft/phi-4,Phi-4 14B,BF16,clinical_astra_b01_007,with_rag,27.925000190734863,28.44140625,1671,327,NVIDIA RTX A6000
microsoft/phi-4,Phi-4 14B,BF16,clinical_astra_b01_007,no_rag,27.443700313568115,28.44140625,207,284,NVIDIA RTX A6000
microsoft/phi-4,Phi-4 14B,BF16,clinical_astra_b01_008,no_rag,27.38258934020996,28.44140625,183,174,NVIDIA RTX A6000
microsoft/phi-4,Phi-4 14B,BF16,clinical_astra_b01_008,with_rag,27.84731960296631,28.44140625,1464,269,NVIDIA RTX A6000
microsoft/phi-4,Phi-4 14B,BF16,clinical_astra_b01_009,with_rag,27.943232536315918,28.44140625,1732,244,NVIDIA RTX A6000
microsoft/phi-4,Phi-4 14B,BF16,clinical_astra_b01_009,no_rag,27.3816237449646,28.44140625,185,167,NVIDIA RTX A6000
microsoft/phi-4,Phi-4 14B,BF16,clinical_astra_b01_010,no_rag,27.383214950561523,28.44140625,190,133,NVIDIA RTX A6000
microsoft/phi-4,Phi-4 14B,BF16,clinical_astra_b01_010,with_rag,27.853996753692627,28.44140625,1487,220,NVIDIA RTX A6000
microsoft/phi-4,Phi-4 14B,BF16,clinical_astra_b01_011,with_rag,28.06361198425293,28.580078125,2065,248,NVIDIA RTX A6000
microsoft/phi-4,Phi-4 14B,BF16,clinical_astra_b01_011,no_rag,27.382919311523438,28.580078125,189,149,NVIDIA RTX A6000
microsoft/phi-4,Phi-4 14B,BF16,clinical_astra_b01_012,no_rag,27.379663467407227,28.580078125,182,110,NVIDIA RTX A6000
microsoft/phi-4,Phi-4 14B,BF16,clinical_astra_b01_012,with_rag,27.85104465484619,28.580078125,1480,183,NVIDIA RTX A6000
microsoft/phi-4,Phi-4 14B,BF16,clinical_astra_b01_013,with_rag,27.86283588409424,28.580078125,1504,165,NVIDIA RTX A6000
microsoft/phi-4,Phi-4 14B,BF16,clinical_astra_b01_013,no_rag,27.382622718811035,28.580078125,188,146,NVIDIA RTX A6000
microsoft/phi-4,Phi-4 14B,BF16,clinical_astra_b01_014,no_rag,27.37551784515381,28.580078125,168,94,NVIDIA RTX A6000
microsoft/phi-4,Phi-4 14B,BF16,clinical_astra_b01_014,with_rag,27.83815860748291,28.580078125,1444,210,NVIDIA RTX A6000
microsoft/phi-4,Phi-4 14B,BF16,clinical_astra_b01_015,with_rag,27.92630100250244,28.580078125,1679,222,NVIDIA RTX A6000
microsoft/phi-4,Phi-4 14B,BF16,clinical_astra_b01_015,no_rag,27.37695026397705,28.580078125,172,144,NVIDIA RTX A6000
microsoft/phi-4,Phi-4 14B,BF16,clinical_astra_b01_016,no_rag,27.37737512588501,28.580078125,170,160,NVIDIA RTX A6000
microsoft/phi-4,Phi-4 14B,BF16,clinical_astra_b01_016,with_rag,27.91037368774414,28.580078125,1645,198,NVIDIA RTX A6000
microsoft/phi-4,Phi-4 14B,BF16,clinical_astra_b01_017,with_rag,27.897748947143555,28.580078125,1609,259,NVIDIA RTX A6000
microsoft/phi-4,Phi-4 14B,BF16,clinical_astra_b01_017,no_rag,27.44369888305664,28.580078125,184,247,NVIDIA RTX A6000
microsoft/phi-4,Phi-4 14B,BF16,clinical_astra_b01_018,no_rag,27.375876426696777,28.580078125,169,147,NVIDIA RTX A6000
microsoft/phi-4,Phi-4 14B,BF16,clinical_astra_b01_018,with_rag,27.8422269821167,28.580078125,1456,183,NVIDIA RTX A6000
microsoft/phi-4,Phi-4 14B,BF16,clinical_astra_b01_019,with_rag,27.89052677154541,28.580078125,1588,252,NVIDIA RTX A6000
microsoft/phi-4,Phi-4 14B,BF16,clinical_astra_b01_019,no_rag,27.386258602142334,28.580078125,174,202,NVIDIA RTX A6000
microsoft/phi-4,Phi-4 14B,BF16,clinical_astra_b01_020,no_rag,27.377897262573242,28.580078125,177,133,NVIDIA RTX A6000
microsoft/phi-4,Phi-4 14B,BF16,clinical_astra_b01_020,with_rag,27.975146293640137,28.580078125,1816,151,NVIDIA RTX A6000
microsoft/phi-4,Phi-4 14B,BF16,clinical_astra_b02_002,with_rag,27.875697135925293,28.580078125,1548,193,NVIDIA RTX A6000
microsoft/phi-4,Phi-4 14B,BF16,clinical_astra_b02_002,no_rag,27.371580123901367,28.580078125,155,145,NVIDIA RTX A6000
microsoft/phi-4,Phi-4 14B,BF16,clinical_astra_b02_003,no_rag,27.3718900680542,28.580078125,160,133,NVIDIA RTX A6000
microsoft/phi-4,Phi-4 14B,BF16,clinical_astra_b02_003,with_rag,27.897404670715332,28.580078125,1608,151,NVIDIA RTX A6000
microsoft/phi-4,Phi-4 14B,BF16,clinical_astra_b02_004,with_rag,27.97696542739868,28.580078125,1825,148,NVIDIA RTX A6000
microsoft/phi-4,Phi-4 14B,BF16,clinical_astra_b02_004,no_rag,27.370634078979492,28.580078125,155,136,NVIDIA RTX A6000
microsoft/phi-4,Phi-4 14B,BF16,clinical_astra_b02_005,no_rag,27.37119770050049,28.580078125,157,113,NVIDIA RTX A6000
microsoft/phi-4,Phi-4 14B,BF16,clinical_astra_b02_005,with_rag,27.888519287109375,28.580078125,1581,150,NVIDIA RTX A6000
microsoft/phi-4,Phi-4 14B,BF16,clinical_astra_b02_006,with_rag,27.94062614440918,28.580078125,1726,194,NVIDIA RTX A6000
microsoft/phi-4,Phi-4 14B,BF16,clinical_astra_b02_006,no_rag,27.370351791381836,28.580078125,154,90,NVIDIA RTX A6000
microsoft/phi-4,Phi-4 14B,BF16,clinical_astra_b02_007,no_rag,27.372931957244873,28.580078125,157,150,NVIDIA RTX A6000
microsoft/phi-4,Phi-4 14B,BF16,clinical_astra_b02_007,with_rag,27.917633056640625,28.580078125,1665,203,NVIDIA RTX A6000
microsoft/phi-4,Phi-4 14B,BF16,clinical_astra_b02_008,with_rag,27.914002418518066,28.580078125,1655,117,NVIDIA RTX A6000
microsoft/phi-4,Phi-4 14B,BF16,clinical_astra_b02_008,no_rag,27.37119770050049,28.580078125,157,115,NVIDIA RTX A6000
microsoft/phi-4,Phi-4 14B,BF16,clinical_astra_b02_009,no_rag,27.44369888305664,28.580078125,165,262,NVIDIA RTX A6000
microsoft/phi-4,Phi-4 14B,BF16,clinical_astra_b02_009,with_rag,27.89946746826172,28.580078125,1614,192,NVIDIA RTX A6000
microsoft/phi-4,Phi-4 14B,BF16,clinical_astra_b02_010,with_rag,27.90573215484619,28.580078125,1632,134,NVIDIA RTX A6000
microsoft/phi-4,Phi-4 14B,BF16,clinical_astra_b02_010,no_rag,27.37695026397705,28.580078125,172,147,NVIDIA RTX A6000
microsoft/phi-4,Phi-4 14B,BF16,clinical_astra_b02_011,no_rag,27.372243881225586,28.580078125,161,135,NVIDIA RTX A6000
microsoft/phi-4,Phi-4 14B,BF16,clinical_astra_b02_011,with_rag,27.83048152923584,28.580078125,1421,230,NVIDIA RTX A6000
microsoft/phi-4,Phi-4 14B,BF16,clinical_astra_b02_012,with_rag,27.83443546295166,28.580078125,1433,132,NVIDIA RTX A6000
microsoft/phi-4,Phi-4 14B,BF16,clinical_astra_b02_012,no_rag,27.374090671539307,28.580078125,163,150,NVIDIA RTX A6000
microsoft/phi-4,Phi-4 14B,BF16,clinical_astra_b02_013,no_rag,27.371761322021484,28.580078125,159,121,NVIDIA RTX A6000
microsoft/phi-4,Phi-4 14B,BF16,clinical_astra_b02_013,with_rag,27.97122287750244,28.580078125,1798,185,NVIDIA RTX A6000
microsoft/phi-4,Phi-4 14B,BF16,clinical_astra_b02_014,with_rag,27.909284591674805,28.580078125,1642,164,NVIDIA RTX A6000
microsoft/phi-4,Phi-4 14B,BF16,clinical_astra_b02_014,no_rag,27.373727798461914,28.580078125,163,135,NVIDIA RTX A6000
microsoft/phi-4,Phi-4 14B,BF16,clinical_astra_b02_015,no_rag,27.38085126876831,28.580078125,164,184,NVIDIA RTX A6000
microsoft/phi-4,Phi-4 14B,BF16,clinical_astra_b02_015,with_rag,27.91001033782959,28.580078125,1644,209,NVIDIA RTX A6000
microsoft/phi-4,Phi-4 14B,BF16,clinical_astra_b02_016,with_rag,27.883901596069336,28.580078125,1558,157,NVIDIA RTX A6000
microsoft/phi-4,Phi-4 14B,BF16,clinical_astra_b02_016,no_rag,27.384713649749756,28.580078125,170,198,NVIDIA RTX A6000
microsoft/phi-4,Phi-4 14B,BF16,clinical_astra_b02_017,no_rag,27.37623405456543,28.580078125,170,151,NVIDIA RTX A6000
microsoft/phi-4,Phi-4 14B,BF16,clinical_astra_b02_017,with_rag,27.840192794799805,28.580078125,1450,217,NVIDIA RTX A6000
microsoft/phi-4,Phi-4 14B,BF16,clinical_astra_b02_018,with_rag,27.87747621536255,28.580078125,1553,299,NVIDIA RTX A6000
microsoft/phi-4,Phi-4 14B,BF16,clinical_astra_b02_018,no_rag,27.381044387817383,28.580078125,166,183,NVIDIA RTX A6000
microsoft/phi-4,Phi-4 14B,BF16,clinical_astra_b02_019,no_rag,27.370915412902832,28.580078125,156,139,NVIDIA RTX A6000
microsoft/phi-4,Phi-4 14B,BF16,clinical_astra_b02_019,with_rag,27.862545013427734,28.580078125,1503,126,NVIDIA RTX A6000
microsoft/phi-4,Phi-4 14B,BF16,clinical_astra_b02_020,with_rag,27.899124145507812,28.580078125,1613,188,NVIDIA RTX A6000
microsoft/phi-4,Phi-4 14B,BF16,clinical_astra_b02_020,no_rag,27.377543449401855,28.580078125,176,132,NVIDIA RTX A6000
microsoft/phi-4,Phi-4 14B,BF16,clinical_astra_b03_002,no_rag,27.44369888305664,28.580078125,180,325,NVIDIA RTX A6000
microsoft/phi-4,Phi-4 14B,BF16,clinical_astra_b03_002,with_rag,27.884102821350098,28.580078125,1559,232,NVIDIA RTX A6000
microsoft/phi-4,Phi-4 14B,BF16,clinical_astra_b03_003,with_rag,27.98876667022705,28.580078125,1860,226,NVIDIA RTX A6000
microsoft/phi-4,Phi-4 14B,BF16,clinical_astra_b03_003,no_rag,27.38722562789917,28.580078125,201,180,NVIDIA RTX A6000
microsoft/phi-4,Phi-4 14B,BF16,clinical_astra_b03_004,no_rag,27.377182006835938,28.580078125,174,155,NVIDIA RTX A6000
microsoft/phi-4,Phi-4 14B,BF16,clinical_astra_b03_004,with_rag,27.90855884552002,28.580078125,1640,122,NVIDIA RTX A6000
microsoft/phi-4,Phi-4 14B,BF16,clinical_astra_b03_005,with_rag,27.866332054138184,28.580078125,1516,382,NVIDIA RTX A6000
microsoft/phi-4,Phi-4 14B,BF16,clinical_astra_b03_005,no_rag,27.44369888305664,28.580078125,191,238,NVIDIA RTX A6000
microsoft/phi-4,Phi-4 14B,BF16,clinical_astra_b03_006,no_rag,27.381237506866455,28.580078125,168,182,NVIDIA RTX A6000
microsoft/phi-4,Phi-4 14B,BF16,clinical_astra_b03_006,with_rag,27.872743606567383,28.580078125,1538,207,NVIDIA RTX A6000
microsoft/phi-4,Phi-4 14B,BF16,clinical_astra_b03_007,with_rag,27.878187656402588,28.580078125,1555,237,NVIDIA RTX A6000
microsoft/phi-4,Phi-4 14B,BF16,clinical_astra_b03_007,no_rag,27.384713649749756,28.580078125,186,182,NVIDIA RTX A6000
microsoft/phi-4,Phi-4 14B,BF16,clinical_astra_b03_008,no_rag,27.377761363983154,28.580078125,160,172,NVIDIA RTX A6000
microsoft/phi-4,Phi-4 14B,BF16,clinical_astra_b03_008,with_rag,27.83951473236084,28.580078125,1448,237,NVIDIA RTX A6000
microsoft/phi-4,Phi-4 14B,BF16,clinical_astra_b03_009,with_rag,27.810059547424316,28.580078125,1360,123,NVIDIA RTX A6000
microsoft/phi-4,Phi-4 14B,BF16,clinical_astra_b03_009,no_rag,27.377954483032227,28.580078125,161,172,NVIDIA RTX A6000
microsoft/phi-4,Phi-4 14B,BF16,clinical_astra_b03_010,no_rag,27.375876426696777,28.580078125,169,116,NVIDIA RTX A6000
microsoft/phi-4,Phi-4 14B,BF16,clinical_astra_b03_010,with_rag,27.857909202575684,28.580078125,1498,200,NVIDIA RTX A6000
microsoft/phi-4,Phi-4 14B,BF16,clinical_astra_b03_011,with_rag,27.886110305786133,28.580078125,1569,234,NVIDIA RTX A6000
microsoft/phi-4,Phi-4 14B,BF16,clinical_astra_b03_011,no_rag,27.379499435424805,28.580078125,163,178,NVIDIA RTX A6000
microsoft/phi-4,Phi-4 14B,BF16,clinical_astra_b03_012,no_rag,27.375160217285156,28.580078125,167,131,NVIDIA RTX A6000
microsoft/phi-4,Phi-4 14B,BF16,clinical_astra_b03_012,with_rag,27.885507583618164,28.580078125,1566,230,NVIDIA RTX A6000
microsoft/phi-4,Phi-4 14B,BF16,clinical_astra_b03_013,with_rag,27.885708808898926,28.580078125,1567,173,NVIDIA RTX A6000
microsoft/phi-4,Phi-4 14B,BF16,clinical_astra_b03_013,no_rag,27.374085426330566,28.580078125,164,139,NVIDIA RTX A6000
microsoft/phi-4,Phi-4 14B,BF16,clinical_astra_b03_014,no_rag,27.377182006835938,28.580078125,174,155,NVIDIA RTX A6000
microsoft/phi-4,Phi-4 14B,BF16,clinical_astra_b03_014,with_rag,27.894652366638184,28.580078125,1600,160,NVIDIA RTX A6000
microsoft/phi-4,Phi-4 14B,BF16,clinical_astra_b03_015,with_rag,27.89946746826172,28.580078125,1614,159,NVIDIA RTX A6000
microsoft/phi-4,Phi-4 14B,BF16,clinical_astra_b03_015,no_rag,27.381430625915527,28.580078125,187,150,NVIDIA RTX A6000
microsoft/phi-4,Phi-4 14B,BF16,clinical_astra_b03_016,no_rag,27.378250122070312,28.580078125,178,148,NVIDIA RTX A6000
microsoft/phi-4,Phi-4 14B,BF16,clinical_astra_b03_016,with_rag,27.896029472351074,28.580078125,1604,299,NVIDIA RTX A6000
microsoft/phi-4,Phi-4 14B,BF16,clinical_astra_b03_017,with_rag,27.93919277191162,28.580078125,1720,188,NVIDIA RTX A6000
microsoft/phi-4,Phi-4 14B,BF16,clinical_astra_b03_017,no_rag,27.3786039352417,28.580078125,179,147,NVIDIA RTX A6000
microsoft/phi-4,Phi-4 14B,BF16,clinical_astra_b03_018,no_rag,27.382782459259033,28.580078125,184,174,NVIDIA RTX A6000
microsoft/phi-4,Phi-4 14B,BF16,clinical_astra_b03_018,with_rag,27.926788330078125,28.580078125,1682,158,NVIDIA RTX A6000
microsoft/phi-4,Phi-4 14B,BF16,clinical_astra_b03_019,with_rag,27.89362144470215,28.580078125,1597,168,NVIDIA RTX A6000
microsoft/phi-4,Phi-4 14B,BF16,clinical_astra_b03_019,no_rag,27.38761043548584,28.580078125,181,202,NVIDIA RTX A6000
microsoft/phi-4,Phi-4 14B,BF16,clinical_astra_b03_020,no_rag,27.37895679473877,28.580078125,180,148,NVIDIA RTX A6000
microsoft/phi-4,Phi-4 14B,BF16,clinical_astra_b03_020,with_rag,27.82388973236084,28.580078125,1401,272,NVIDIA RTX A6000
microsoft/phi-4,Phi-4 14B,BF16,clinical_astra_b04_002,with_rag,27.89981174468994,28.580078125,1615,148,NVIDIA RTX A6000
microsoft/phi-4,Phi-4 14B,BF16,clinical_astra_b04_002,no_rag,27.382919311523438,28.580078125,189,119,NVIDIA RTX A6000
microsoft/phi-4,Phi-4 14B,BF16,clinical_astra_b04_003,no_rag,27.37730884552002,28.580078125,173,143,NVIDIA RTX A6000
microsoft/phi-4,Phi-4 14B,BF16,clinical_astra_b04_003,with_rag,27.98627519607544,28.580078125,1853,359,NVIDIA RTX A6000
microsoft/phi-4,Phi-4 14B,BF16,clinical_astra_b04_004,with_rag,27.872743606567383,28.580078125,1538,224,NVIDIA RTX A6000
microsoft/phi-4,Phi-4 14B,BF16,clinical_astra_b04_004,no_rag,27.375876426696777,28.580078125,169,140,NVIDIA RTX A6000
microsoft/phi-4,Phi-4 14B,BF16,clinical_astra_b04_005,no_rag,27.44369888305664,28.580078125,175,250,NVIDIA RTX A6000
microsoft/phi-4,Phi-4 14B,BF16,clinical_astra_b04_005,with_rag,27.906785488128662,28.580078125,1635,293,NVIDIA RTX A6000
microsoft/phi-4,Phi-4 14B,BF16,clinical_astra_b04_006,with_rag,27.906434059143066,28.580078125,1634,274,NVIDIA RTX A6000
microsoft/phi-4,Phi-4 14B,BF16,clinical_astra_b04_006,no_rag,27.385486125946045,28.580078125,177,195,NVIDIA RTX A6000
microsoft/phi-4,Phi-4 14B,BF16,clinical_astra_b04_007,no_rag,27.378250122070312,28.580078125,178,121,NVIDIA RTX A6000
microsoft/phi-4,Phi-4 14B,BF16,clinical_astra_b04_007,with_rag,27.850796699523926,28.580078125,1479,204,NVIDIA RTX A6000
microsoft/phi-4,Phi-4 14B,BF16,clinical_astra_b04_008,with_rag,27.876408576965332,28.580078125,1550,124,NVIDIA RTX A6000
microsoft/phi-4,Phi-4 14B,BF16,clinical_astra_b04_008,no_rag,27.381430625915527,28.580078125,187,121,NVIDIA RTX A6000
microsoft/phi-4,Phi-4 14B,BF16,clinical_astra_b04_009,no_rag,27.372596740722656,28.580078125,162,140,NVIDIA RTX A6000
microsoft/phi-4,Phi-4 14B,BF16,clinical_astra_b04_009,with_rag,27.934807777404785,28.580078125,1707,167,NVIDIA RTX A6000
microsoft/phi-4,Phi-4 14B,BF16,clinical_astra_b04_010,with_rag,27.825536727905273,28.580078125,1406,242,NVIDIA RTX A6000
microsoft/phi-4,Phi-4 14B,BF16,clinical_astra_b04_010,no_rag,27.376023292541504,28.580078125,169,154,NVIDIA RTX A6000
microsoft/phi-4,Phi-4 14B,BF16,clinical_astra_b04_011,no_rag,27.372243881225586,28.580078125,161,95,NVIDIA RTX A6000
microsoft/phi-4,Phi-4 14B,BF16,clinical_astra_b04_011,with_rag,27.97292423248291,28.580078125,1806,131,NVIDIA RTX A6000
microsoft/phi-4,Phi-4 14B,BF16,clinical_astra_b04_012,with_rag,27.92581272125244,28.580078125,1676,121,NVIDIA RTX A6000
microsoft/phi-4,Phi-4 14B,BF16,clinical_astra_b04_012,no_rag,27.371761322021484,28.580078125,159,92,NVIDIA RTX A6000
microsoft/phi-4,Phi-4 14B,BF16,clinical_astra_b04_013,no_rag,27.3718900680542,28.580078125,160,106,NVIDIA RTX A6000
microsoft/phi-4,Phi-4 14B,BF16,clinical_astra_b04_013,with_rag,27.966562747955322,28.580078125,1795,117,NVIDIA RTX A6000
microsoft/phi-4,Phi-4 14B,BF16,clinical_astra_b04_014,with_rag,27.846646308898926,28.580078125,1461,172,NVIDIA RTX A6000
microsoft/phi-4,Phi-4 14B,BF16,clinical_astra_b04_014,no_rag,27.377543449401855,28.580078125,176,150,NVIDIA RTX A6000
microsoft/phi-4,Phi-4 14B,BF16,clinical_astra_b04_015,no_rag,27.374085426330566,28.580078125,164,147,NVIDIA RTX A6000
microsoft/phi-4,Phi-4 14B,BF16,clinical_astra_b04_015,with_rag,27.93266773223877,28.580078125,1700,154,NVIDIA RTX A6000
microsoft/phi-4,Phi-4 14B,BF16,clinical_astra_b04_016,with_rag,27.897404670715332,28.580078125,1608,179,NVIDIA RTX A6000
microsoft/phi-4,Phi-4 14B,BF16,clinical_astra_b04_016,no_rag,27.380370140075684,28.580078125,184,116,NVIDIA RTX A6000
microsoft/phi-4,Phi-4 14B,BF16,clinical_astra_b04_017,no_rag,27.3718900680542,28.580078125,160,120,NVIDIA RTX A6000
microsoft/phi-4,Phi-4 14B,BF16,clinical_astra_b04_017,with_rag,27.906083583831787,28.580078125,1633,153,NVIDIA RTX A6000
microsoft/phi-4,Phi-4 14B,BF16,clinical_astra_b04_018,with_rag,27.886913299560547,28.580078125,1573,188,NVIDIA RTX A6000
microsoft/phi-4,Phi-4 14B,BF16,clinical_astra_b04_018,no_rag,27.385486125946045,28.580078125,169,203,NVIDIA RTX A6000
microsoft/phi-4,Phi-4 14B,BF16,clinical_astra_b04_019,no_rag,27.381044387817383,28.580078125,168,181,NVIDIA RTX A6000
microsoft/phi-4,Phi-4 14B,BF16,clinical_astra_b04_019,with_rag,27.850299835205078,28.580078125,1477,201,NVIDIA RTX A6000
microsoft/phi-4,Phi-4 14B,BF16,clinical_astra_b04_020,with_rag,27.831140518188477,28.580078125,1423,196,NVIDIA RTX A6000
microsoft/phi-4,Phi-4 14B,BF16,clinical_astra_b04_020,no_rag,27.377190589904785,28.580078125,175,122,NVIDIA RTX A6000
microsoft/phi-4,Phi-4 14B,BF16,clinical_astra_b05_002,no_rag,27.387803554534912,28.580078125,184,200,NVIDIA RTX A6000
microsoft/phi-4,Phi-4 14B,BF16,clinical_astra_b05_002,with_rag,27.884303092956543,28.580078125,1560,237,NVIDIA RTX A6000
microsoft/phi-4,Phi-4 14B,BF16,clinical_astra_b05_003,with_rag,27.942960739135742,28.580078125,1731,174,NVIDIA RTX A6000
microsoft/phi-4,Phi-4 14B,BF16,clinical_astra_b05_003,no_rag,27.379310607910156,28.580078125,181,148,NVIDIA RTX A6000
microsoft/phi-4,Phi-4 14B,BF16,clinical_astra_b05_004,no_rag,27.37119770050049,28.580078125,157,111,NVIDIA RTX A6000
microsoft/phi-4,Phi-4 14B,BF16,clinical_astra_b05_004,with_rag,27.893964767456055,28.580078125,1598,154,NVIDIA RTX A6000
microsoft/phi-4,Phi-4 14B,BF16,clinical_astra_b05_005,with_rag,27.978344917297363,28.580078125,1830,137,NVIDIA RTX A6000
microsoft/phi-4,Phi-4 14B,BF16,clinical_astra_b05_005,no_rag,27.37623405456543,28.580078125,170,109,NVIDIA RTX A6000
microsoft/phi-4,Phi-4 14B,BF16,clinical_astra_b05_006,no_rag,27.370634078979492,28.580078125,155,133,NVIDIA RTX A6000
microsoft/phi-4,Phi-4 14B,BF16,clinical_astra_b05_006,with_rag,27.972286701202393,28.580078125,1803,172,NVIDIA RTX A6000
microsoft/phi-4,Phi-4 14B,BF16,clinical_astra_b05_007,with_rag,27.887314796447754,28.580078125,1575,136,NVIDIA RTX A6000
microsoft/phi-4,Phi-4 14B,BF16,clinical_astra_b05_007,no_rag,27.371479034423828,28.580078125,158,139,NVIDIA RTX A6000
microsoft/phi-4,Phi-4 14B,BF16,clinical_astra_b05_008,no_rag,27.38664484024048,28.580078125,186,192,NVIDIA RTX A6000
microsoft/phi-4,Phi-4 14B,BF16,clinical_astra_b05_008,with_rag,27.83680248260498,28.580078125,1440,224,NVIDIA RTX A6000
microsoft/phi-4,Phi-4 14B,BF16,clinical_astra_b05_009,with_rag,27.924511909484863,28.580078125,1668,325,NVIDIA RTX A6000
microsoft/phi-4,Phi-4 14B,BF16,clinical_astra_b05_009,no_rag,27.44369888305664,28.580078125,180,300,NVIDIA RTX A6000
microsoft/phi-4,Phi-4 14B,BF16,clinical_astra_b05_010,no_rag,27.390703201293945,28.580078125,198,201,NVIDIA RTX A6000
microsoft/phi-4,Phi-4 14B,BF16,clinical_astra_b05_010,with_rag,27.887916564941406,28.580078125,1578,283,NVIDIA RTX A6000
microsoft/phi-4,Phi-4 14B,BF16,clinical_astra_b05_011,with_rag,27.948575019836426,28.580078125,1744,333,NVIDIA RTX A6000
microsoft/phi-4,Phi-4 14B,BF16,clinical_astra_b05_011,no_rag,27.383168697357178,28.580078125,176,184,NVIDIA RTX A6000
microsoft/phi-4,Phi-4 14B,BF16,clinical_astra_b05_012,no_rag,27.379310607910156,28.580078125,181,149,NVIDIA RTX A6000
microsoft/phi-4,Phi-4 14B,BF16,clinical_astra_b05_012,with_rag,27.966562747955322,28.580078125,1795,184,NVIDIA RTX A6000
microsoft/phi-4,Phi-4 14B,BF16,clinical_astra_b05_013,with_rag,27.89877986907959,28.580078125,1612,238,NVIDIA RTX A6000
microsoft/phi-4,Phi-4 14B,BF16,clinical_astra_b05_013,no_rag,27.3765926361084,28.580078125,171,147,NVIDIA RTX A6000
microsoft/phi-4,Phi-4 14B,BF16,clinical_astra_b05_014,no_rag,27.376023292541504,28.580078125,159,164,NVIDIA RTX A6000
microsoft/phi-4,Phi-4 14B,BF16,clinical_astra_b05_014,with_rag,27.86487579345703,28.580078125,1511,122,NVIDIA RTX A6000
microsoft/phi-4,Phi-4 14B,BF16,clinical_astra_b05_015,with_rag,27.862545013427734,28.580078125,1503,290,NVIDIA RTX A6000
microsoft/phi-4,Phi-4 14B,BF16,clinical_astra_b05_015,no_rag,27.37119770050049,28.580078125,157,105,NVIDIA RTX A6000
microsoft/phi-4,Phi-4 14B,BF16,clinical_astra_b05_016,no_rag,27.3695068359375,28.580078125,151,132,NVIDIA RTX A6000
microsoft/phi-4,Phi-4 14B,BF16,clinical_astra_b05_016,with_rag,27.903275966644287,28.580078125,1625,202,NVIDIA RTX A6000
microsoft/phi-4,Phi-4 14B,BF16,clinical_astra_b05_017,with_rag,27.87854290008545,28.580078125,1556,246,NVIDIA RTX A6000
microsoft/phi-4,Phi-4 14B,BF16,clinical_astra_b05_017,no_rag,27.377543449401855,28.580078125,176,141,NVIDIA RTX A6000
microsoft/phi-4,Phi-4 14B,BF16,clinical_astra_b05_018,no_rag,27.373125076293945,28.580078125,160,148,NVIDIA RTX A6000
microsoft/phi-4,Phi-4 14B,BF16,clinical_astra_b05_018,with_rag,27.841888427734375,28.580078125,1455,179,NVIDIA RTX A6000
microsoft/phi-4,Phi-4 14B,BF16,clinical_astra_b05_019,with_rag,27.965214252471924,28.580078125,1791,248,NVIDIA RTX A6000
microsoft/phi-4,Phi-4 14B,BF16,clinical_astra_b05_019,no_rag,27.37660264968872,28.580078125,158,168,NVIDIA RTX A6000
microsoft/phi-4,Phi-4 14B,BF16,clinical_astra_b05_020,no_rag,27.3786039352417,28.580078125,179,125,NVIDIA RTX A6000
microsoft/phi-4,Phi-4 14B,BF16,clinical_astra_b05_020,with_rag,27.831469535827637,28.580078125,1424,137,NVIDIA RTX A6000
microsoft/phi-4,Phi-4 14B,BF16,clinical_astra_b06_002,with_rag,28.02986431121826,28.580078125,1956,382,NVIDIA RTX A6000
microsoft/phi-4,Phi-4 14B,BF16,clinical_astra_b06_002,no_rag,27.383941173553467,28.580078125,176,188,NVIDIA RTX A6000
microsoft/phi-4,Phi-4 14B,BF16,clinical_astra_b06_003,no_rag,27.379306316375732,28.580078125,173,167,NVIDIA RTX A6000
microsoft/phi-4,Phi-4 14B,BF16,clinical_astra_b06_003,with_rag,27.855063438415527,28.580078125,1490,250,NVIDIA RTX A6000
microsoft/phi-4,Phi-4 14B,BF16,clinical_astra_b06_004,with_rag,27.86574935913086,28.580078125,1514,153,NVIDIA RTX A6000
microsoft/phi-4,Phi-4 14B,BF16,clinical_astra_b06_004,no_rag,27.379310607910156,28.580078125,181,125,NVIDIA RTX A6000
microsoft/phi-4,Phi-4 14B,BF16,clinical_astra_b06_005,no_rag,27.37640953063965,28.580078125,169,156,NVIDIA RTX A6000
microsoft/phi-4,Phi-4 14B,BF16,clinical_astra_b06_005,with_rag,27.91327667236328,28.580078125,1653,222,NVIDIA RTX A6000
microsoft/phi-4,Phi-4 14B,BF16,clinical_astra_b06_006,with_rag,27.897061347961426,28.580078125,1607,159,NVIDIA RTX A6000
microsoft/phi-4,Phi-4 14B,BF16,clinical_astra_b06_006,no_rag,27.379663467407227,28.580078125,182,146,NVIDIA RTX A6000
microsoft/phi-4,Phi-4 14B,BF16,clinical_astra_b06_007,no_rag,27.387803554534912,28.580078125,187,197,NVIDIA RTX A6000
microsoft/phi-4,Phi-4 14B,BF16,clinical_astra_b06_007,with_rag,27.905381679534912,28.580078125,1631,184,NVIDIA RTX A6000
microsoft/phi-4,Phi-4 14B,BF16,clinical_astra_b06_008,with_rag,27.952319145202637,28.580078125,1756,160,NVIDIA RTX A6000
microsoft/phi-4,Phi-4 14B,BF16,clinical_astra_b06_008,no_rag,27.377897262573242,28.580078125,177,147,NVIDIA RTX A6000
microsoft/phi-4,Phi-4 14B,BF16,clinical_astra_b06_009,no_rag,27.378250122070312,28.580078125,178,143,NVIDIA RTX A6000
microsoft/phi-4,Phi-4 14B,BF16,clinical_astra_b06_009,with_rag,27.88470458984375,28.580078125,1562,150,NVIDIA RTX A6000
microsoft/phi-4,Phi-4 14B,BF16,clinical_astra_b06_010,with_rag,27.990545749664307,28.580078125,1865,151,NVIDIA RTX A6000
microsoft/phi-4,Phi-4 14B,BF16,clinical_astra_b06_010,no_rag,27.3768367767334,28.580078125,174,131,NVIDIA RTX A6000
microsoft/phi-4,Phi-4 14B,BF16,clinical_astra_b06_011,no_rag,27.384432792663574,28.580078125,191,169,NVIDIA RTX A6000
microsoft/phi-4,Phi-4 14B,BF16,clinical_astra_b06_011,with_rag,27.91327667236328,28.580078125,1653,146,NVIDIA RTX A6000
microsoft/phi-4,Phi-4 14B,BF16,clinical_astra_b06_012,with_rag,27.903626441955566,28.580078125,1626,247,NVIDIA RTX A6000
microsoft/phi-4,Phi-4 14B,BF16,clinical_astra_b06_012,no_rag,27.387996673583984,28.580078125,188,197,NVIDIA RTX A6000
microsoft/phi-4,Phi-4 14B,BF16,clinical_astra_b06_013,no_rag,27.44369888305664,28.580078125,176,262,NVIDIA RTX A6000
microsoft/phi-4,Phi-4 14B,BF16,clinical_astra_b06_013,with_rag,27.817235946655273,28.580078125,1381,237,NVIDIA RTX A6000
microsoft/phi-4,Phi-4 14B,BF16,clinical_astra_b06_014,with_rag,27.97800874710083,28.580078125,1829,165,NVIDIA RTX A6000
microsoft/phi-4,Phi-4 14B,BF16,clinical_astra_b06_014,no_rag,27.44369888305664,28.580078125,168,249,NVIDIA RTX A6000
microsoft/phi-4,Phi-4 14B,BF16,clinical_astra_b06_015,no_rag,27.37730884552002,28.580078125,173,105,NVIDIA RTX A6000
microsoft/phi-4,Phi-4 14B,BF16,clinical_astra_b06_015,with_rag,27.854708194732666,28.580078125,1489,129,NVIDIA RTX A6000
microsoft/phi-4,Phi-4 14B,BF16,clinical_astra_b06_016,with_rag,27.951369285583496,28.580078125,1753,212,NVIDIA RTX A6000
microsoft/phi-4,Phi-4 14B,BF16,clinical_astra_b06_016,no_rag,27.380370140075684,28.580078125,184,127,NVIDIA RTX A6000
microsoft/phi-4,Phi-4 14B,BF16,clinical_astra_b06_017,no_rag,27.38258934020996,28.580078125,187,170,NVIDIA RTX A6000
microsoft/phi-4,Phi-4 14B,BF16,clinical_astra_b06_017,with_rag,27.848443031311035,28.580078125,1469,260,NVIDIA RTX A6000
microsoft/phi-4,Phi-4 14B,BF16,clinical_astra_b06_018,with_rag,27.846646308898926,28.580078125,1461,298,NVIDIA RTX A6000
microsoft/phi-4,Phi-4 14B,BF16,clinical_astra_b06_018,no_rag,27.387996673583984,28.580078125,176,209,NVIDIA RTX A6000
microsoft/phi-4,Phi-4 14B,BF16,clinical_astra_b06_019,no_rag,27.377761363983154,28.580078125,173,159,NVIDIA RTX A6000
microsoft/phi-4,Phi-4 14B,BF16,clinical_astra_b06_019,with_rag,27.949506759643555,28.580078125,1747,160,NVIDIA RTX A6000
microsoft/phi-4,Phi-4 14B,BF16,clinical_astra_b06_020,with_rag,27.974955558776855,28.580078125,1815,140,NVIDIA RTX A6000
microsoft/phi-4,Phi-4 14B,BF16,clinical_astra_b06_020,no_rag,27.381044387817383,28.580078125,179,170,NVIDIA RTX A6000
google/gemma-3-27b-it,Gemma 3 27B,NF4,clinical_astra_b01_001,no_rag,15.518840789794922,15.7421875,193,128,NVIDIA RTX A6000
google/gemma-3-27b-it,Gemma 3 27B,NF4,clinical_astra_b01_001,with_rag,16.434876441955566,17.04296875,1718,112,NVIDIA RTX A6000
google/gemma-3-27b-it,Gemma 3 27B,NF4,clinical_astra_b02_001,with_rag,16.473015308380127,17.04296875,1787,104,NVIDIA RTX A6000
google/gemma-3-27b-it,Gemma 3 27B,NF4,clinical_astra_b02_001,no_rag,15.500993728637695,17.04296875,163,85,NVIDIA RTX A6000
google/gemma-3-27b-it,Gemma 3 27B,NF4,clinical_astra_b03_001,no_rag,15.50396728515625,17.04296875,168,203,NVIDIA RTX A6000
google/gemma-3-27b-it,Gemma 3 27B,NF4,clinical_astra_b03_001,with_rag,16.258806228637695,17.04296875,1432,147,NVIDIA RTX A6000
google/gemma-3-27b-it,Gemma 3 27B,NF4,clinical_astra_b04_001,with_rag,16.28281307220459,17.04296875,1471,114,NVIDIA RTX A6000
google/gemma-3-27b-it,Gemma 3 27B,NF4,clinical_astra_b04_001,no_rag,15.511104583740234,17.04296875,180,142,NVIDIA RTX A6000
google/gemma-3-27b-it,Gemma 3 27B,NF4,clinical_astra_b05_001,no_rag,15.520625114440918,17.04296875,196,171,NVIDIA RTX A6000
google/gemma-3-27b-it,Gemma 3 27B,NF4,clinical_astra_b05_001,with_rag,16.477087020874023,17.04296875,1790,188,NVIDIA RTX A6000
google/gemma-3-27b-it,Gemma 3 27B,NF4,clinical_astra_b06_001,with_rag,16.40661907196045,17.04296875,1677,135,NVIDIA RTX A6000
google/gemma-3-27b-it,Gemma 3 27B,NF4,clinical_astra_b06_001,no_rag,15.511104583740234,17.04296875,180,143,NVIDIA RTX A6000
google/gemma-3-27b-it,Gemma 3 27B,NF4,clinical_astra_b01_002,no_rag,15.525979995727539,17.04296875,205,175,NVIDIA RTX A6000
google/gemma-3-27b-it,Gemma 3 27B,NF4,clinical_astra_b01_002,with_rag,16.346303939819336,17.04296875,1576,185,NVIDIA RTX A6000
google/gemma-3-27b-it,Gemma 3 27B,NF4,clinical_astra_b01_003,with_rag,16.385364532470703,17.04296875,1643,125,NVIDIA RTX A6000
google/gemma-3-27b-it,Gemma 3 27B,NF4,clinical_astra_b01_003,no_rag,15.504562377929688,17.04296875,169,135,NVIDIA RTX A6000
google/gemma-3-27b-it,Gemma 3 27B,NF4,clinical_astra_b01_004,no_rag,15.521220207214355,17.04296875,197,140,NVIDIA RTX A6000
google/gemma-3-27b-it,Gemma 3 27B,NF4,clinical_astra_b01_004,with_rag,16.394368171691895,17.04296875,1658,113,NVIDIA RTX A6000
google/gemma-3-27b-it,Gemma 3 27B,NF4,clinical_astra_b01_005,with_rag,16.488451957702637,17.04296875,1814,206,NVIDIA RTX A6000
google/gemma-3-27b-it,Gemma 3 27B,NF4,clinical_astra_b01_005,no_rag,15.523599624633789,17.04296875,201,168,NVIDIA RTX A6000
google/gemma-3-27b-it,Gemma 3 27B,NF4,clinical_astra_b01_006,no_rag,15.516458511352539,17.04296875,189,133,NVIDIA RTX A6000
google/gemma-3-27b-it,Gemma 3 27B,NF4,clinical_astra_b01_006,with_rag,16.3307523727417,17.04296875,1552,144,NVIDIA RTX A6000
google/gemma-3-27b-it,Gemma 3 27B,NF4,clinical_astra_b01_007,with_rag,16.443785190582275,17.04296875,1735,207,NVIDIA RTX A6000
google/gemma-3-27b-it,Gemma 3 27B,NF4,clinical_astra_b01_007,no_rag,15.530142784118652,17.04296875,212,183,NVIDIA RTX A6000
google/gemma-3-27b-it,Gemma 3 27B,NF4,clinical_astra_b01_008,no_rag,15.51526927947998,17.04296875,187,124,NVIDIA RTX A6000
google/gemma-3-27b-it,Gemma 3 27B,NF4,clinical_astra_b01_008,with_rag,16.297805786132812,17.04296875,1494,130,NVIDIA RTX A6000
google/gemma-3-27b-it,Gemma 3 27B,NF4,clinical_astra_b01_009,with_rag,16.428332328796387,17.04296875,1708,154,NVIDIA RTX A6000
google/gemma-3-27b-it,Gemma 3 27B,NF4,clinical_astra_b01_009,no_rag,15.51526927947998,17.04296875,187,204,NVIDIA RTX A6000
google/gemma-3-27b-it,Gemma 3 27B,NF4,clinical_astra_b01_010,no_rag,15.520625114440918,17.04296875,196,133,NVIDIA RTX A6000
google/gemma-3-27b-it,Gemma 3 27B,NF4,clinical_astra_b01_010,with_rag,16.314491271972656,17.04296875,1524,116,NVIDIA RTX A6000
google/gemma-3-27b-it,Gemma 3 27B,NF4,clinical_astra_b01_011,with_rag,16.707844734191895,17.259765625,2177,139,NVIDIA RTX A6000
google/gemma-3-27b-it,Gemma 3 27B,NF4,clinical_astra_b01_011,no_rag,15.515863418579102,17.259765625,188,158,NVIDIA RTX A6000
google/gemma-3-27b-it,Gemma 3 27B,NF4,clinical_astra_b01_012,no_rag,15.514079093933105,17.259765625,185,140,NVIDIA RTX A6000
google/gemma-3-27b-it,Gemma 3 27B,NF4,clinical_astra_b01_012,with_rag,16.306180000305176,17.259765625,1511,140,NVIDIA RTX A6000
google/gemma-3-27b-it,Gemma 3 27B,NF4,clinical_astra_b01_013,with_rag,16.32535457611084,17.259765625,1543,145,NVIDIA RTX A6000
google/gemma-3-27b-it,Gemma 3 27B,NF4,clinical_astra_b01_013,no_rag,15.519434928894043,17.259765625,194,168,NVIDIA RTX A6000
google/gemma-3-27b-it,Gemma 3 27B,NF4,clinical_astra_b01_014,no_rag,15.506941795349121,17.259765625,173,160,NVIDIA RTX A6000
google/gemma-3-27b-it,Gemma 3 27B,NF4,clinical_astra_b01_014,with_rag,16.30061149597168,17.259765625,1501,131,NVIDIA RTX A6000
google/gemma-3-27b-it,Gemma 3 27B,NF4,clinical_astra_b01_015,with_rag,16.44678783416748,17.259765625,1742,137,NVIDIA RTX A6000
google/gemma-3-27b-it,Gemma 3 27B,NF4,clinical_astra_b01_015,no_rag,15.509321212768555,17.259765625,177,145,NVIDIA RTX A6000
google/gemma-3-27b-it,Gemma 3 27B,NF4,clinical_astra_b01_016,no_rag,15.506345748901367,17.259765625,172,257,NVIDIA RTX A6000
google/gemma-3-27b-it,Gemma 3 27B,NF4,clinical_astra_b01_016,with_rag,16.41863441467285,17.259765625,1695,144,NVIDIA RTX A6000
google/gemma-3-27b-it,Gemma 3 27B,NF4,clinical_astra_b01_017,with_rag,16.366851806640625,17.259765625,1608,142,NVIDIA RTX A6000
google/gemma-3-27b-it,Gemma 3 27B,NF4,clinical_astra_b01_017,no_rag,15.518241882324219,17.259765625,192,154,NVIDIA RTX A6000
google/gemma-3-27b-it,Gemma 3 27B,NF4,clinical_astra_b01_018,no_rag,15.50813102722168,17.259765625,175,137,NVIDIA RTX A6000
google/gemma-3-27b-it,Gemma 3 27B,NF4,clinical_astra_b01_018,with_rag,16.275978088378906,17.259765625,1458,127,NVIDIA RTX A6000
google/gemma-3-27b-it,Gemma 3 27B,NF4,clinical_astra_b01_019,with_rag,16.374560356140137,17.259765625,1625,158,NVIDIA RTX A6000
google/gemma-3-27b-it,Gemma 3 27B,NF4,clinical_astra_b01_019,no_rag,15.50991439819336,17.259765625,178,215,NVIDIA RTX A6000
google/gemma-3-27b-it,Gemma 3 27B,NF4,clinical_astra_b01_020,no_rag,15.50991439819336,17.259765625,178,135,NVIDIA RTX A6000
google/gemma-3-27b-it,Gemma 3 27B,NF4,clinical_astra_b01_020,with_rag,16.521177768707275,17.259765625,1867,136,NVIDIA RTX A6000
google/gemma-3-27b-it,Gemma 3 27B,NF4,clinical_astra_b02_002,with_rag,16.34966278076172,17.259765625,1582,137,NVIDIA RTX A6000
google/gemma-3-27b-it,Gemma 3 27B,NF4,clinical_astra_b02_002,no_rag,15.498099327087402,17.259765625,158,155,NVIDIA RTX A6000
google/gemma-3-27b-it,Gemma 3 27B,NF4,clinical_astra_b02_003,no_rag,15.50218391418457,17.259765625,165,116,NVIDIA RTX A6000
google/gemma-3-27b-it,Gemma 3 27B,NF4,clinical_astra_b02_003,with_rag,16.387765884399414,17.259765625,1647,121,NVIDIA RTX A6000
google/gemma-3-27b-it,Gemma 3 27B,NF4,clinical_astra_b02_004,with_rag,16.538452625274658,17.259765625,1895,106,NVIDIA RTX A6000
google/gemma-3-27b-it,Gemma 3 27B,NF4,clinical_astra_b02_004,no_rag,15.496990203857422,17.259765625,156,140,NVIDIA RTX A6000
google/gemma-3-27b-it,Gemma 3 27B,NF4,clinical_astra_b02_005,no_rag,15.499804496765137,17.259765625,161,115,NVIDIA RTX A6000
google/gemma-3-27b-it,Gemma 3 27B,NF4,clinical_astra_b02_005,with_rag,16.3739595413208,17.259765625,1624,136,NVIDIA RTX A6000
google/gemma-3-27b-it,Gemma 3 27B,NF4,clinical_astra_b02_006,with_rag,16.468103408813477,17.259765625,1778,131,NVIDIA RTX A6000
google/gemma-3-27b-it,Gemma 3 27B,NF4,clinical_astra_b02_006,no_rag,15.499804496765137,17.259765625,161,112,NVIDIA RTX A6000
google/gemma-3-27b-it,Gemma 3 27B,NF4,clinical_astra_b02_007,no_rag,15.500398635864258,17.259765625,162,160,NVIDIA RTX A6000
google/gemma-3-27b-it,Gemma 3 27B,NF4,clinical_astra_b02_007,with_rag,16.410338401794434,17.259765625,1684,141,NVIDIA RTX A6000
google/gemma-3-27b-it,Gemma 3 27B,NF4,clinical_astra_b02_008,with_rag,16.442169189453125,17.259765625,1728,118,NVIDIA RTX A6000
google/gemma-3-27b-it,Gemma 3 27B,NF4,clinical_astra_b02_008,no_rag,15.499208450317383,17.259765625,160,97,NVIDIA RTX A6000
google/gemma-3-27b-it,Gemma 3 27B,NF4,clinical_astra_b02_009,no_rag,15.502777099609375,17.259765625,166,141,NVIDIA RTX A6000
google/gemma-3-27b-it,Gemma 3 27B,NF4,clinical_astra_b02_009,with_rag,16.38476276397705,17.259765625,1642,119,NVIDIA RTX A6000
google/gemma-3-27b-it,Gemma 3 27B,NF4,clinical_astra_b02_010,with_rag,16.415446758270264,17.259765625,1691,115,NVIDIA RTX A6000
google/gemma-3-27b-it,Gemma 3 27B,NF4,clinical_astra_b02_010,no_rag,15.505752563476562,17.259765625,171,117,NVIDIA RTX A6000
google/gemma-3-27b-it,Gemma 3 27B,NF4,clinical_astra_b02_011,no_rag,15.503373146057129,17.259765625,167,107,NVIDIA RTX A6000
google/gemma-3-27b-it,Gemma 3 27B,NF4,clinical_astra_b02_011,with_rag,16.27282428741455,17.259765625,1454,96,NVIDIA RTX A6000
google/gemma-3-27b-it,Gemma 3 27B,NF4,clinical_astra_b02_012,with_rag,16.26657772064209,17.259765625,1445,212,NVIDIA RTX A6000
google/gemma-3-27b-it,Gemma 3 27B,NF4,clinical_astra_b02_012,no_rag,15.503373146057129,17.259765625,167,180,NVIDIA RTX A6000
google/gemma-3-27b-it,Gemma 3 27B,NF4,clinical_astra_b02_013,no_rag,15.50218391418457,17.259765625,165,107,NVIDIA RTX A6000
google/gemma-3-27b-it,Gemma 3 27B,NF4,clinical_astra_b02_013,with_rag,16.512453079223633,17.259765625,1854,113,NVIDIA RTX A6000
google/gemma-3-27b-it,Gemma 3 27B,NF4,clinical_astra_b02_014,with_rag,16.401976585388184,17.259765625,1668,85,NVIDIA RTX A6000
google/gemma-3-27b-it,Gemma 3 27B,NF4,clinical_astra_b02_014,no_rag,15.503373146057129,17.259765625,167,129,NVIDIA RTX A6000
google/gemma-3-27b-it,Gemma 3 27B,NF4,clinical_astra_b02_015,no_rag,15.502777099609375,17.259765625,166,151,NVIDIA RTX A6000
google/gemma-3-27b-it,Gemma 3 27B,NF4,clinical_astra_b02_015,with_rag,16.4256591796875,17.259765625,1706,154,NVIDIA RTX A6000
google/gemma-3-27b-it,Gemma 3 27B,NF4,clinical_astra_b02_016,with_rag,16.34199333190918,17.259765625,1570,92,NVIDIA RTX A6000
google/gemma-3-27b-it,Gemma 3 27B,NF4,clinical_astra_b02_016,no_rag,15.5087251663208,17.259765625,176,147,NVIDIA RTX A6000
google/gemma-3-27b-it,Gemma 3 27B,NF4,clinical_astra_b02_017,no_rag,15.506345748901367,17.259765625,172,157,NVIDIA RTX A6000
google/gemma-3-27b-it,Gemma 3 27B,NF4,clinical_astra_b02_017,with_rag,16.28977346420288,17.259765625,1483,93,NVIDIA RTX A6000
google/gemma-3-27b-it,Gemma 3 27B,NF4,clinical_astra_b02_018,with_rag,16.36148691177368,17.259765625,1603,175,NVIDIA RTX A6000
google/gemma-3-27b-it,Gemma 3 27B,NF4,clinical_astra_b02_018,no_rag,15.505752563476562,17.259765625,171,146,NVIDIA RTX A6000
google/gemma-3-27b-it,Gemma 3 27B,NF4,clinical_astra_b02_019,no_rag,15.500993728637695,17.259765625,163,176,NVIDIA RTX A6000
google/gemma-3-27b-it,Gemma 3 27B,NF4,clinical_astra_b02_019,with_rag,16.312678337097168,17.259765625,1521,145,NVIDIA RTX A6000
google/gemma-3-27b-it,Gemma 3 27B,NF4,clinical_astra_b02_020,with_rag,16.381827354431152,17.259765625,1635,112,NVIDIA RTX A6000
google/gemma-3-27b-it,Gemma 3 27B,NF4,clinical_astra_b02_020,no_rag,15.50991439819336,17.259765625,178,146,NVIDIA RTX A6000
google/gemma-3-27b-it,Gemma 3 27B,NF4,clinical_astra_b03_002,no_rag,15.511699676513672,17.259765625,181,273,NVIDIA RTX A6000
google/gemma-3-27b-it,Gemma 3 27B,NF4,clinical_astra_b03_002,with_rag,16.352521896362305,17.259765625,1588,157,NVIDIA RTX A6000
google/gemma-3-27b-it,Gemma 3 27B,NF4,clinical_astra_b03_003,with_rag,16.538452625274658,17.259765625,1895,179,NVIDIA RTX A6000
google/gemma-3-27b-it,Gemma 3 27B,NF4,clinical_astra_b03_003,no_rag,15.525979995727539,17.259765625,205,166,NVIDIA RTX A6000
google/gemma-3-27b-it,Gemma 3 27B,NF4,clinical_astra_b03_004,no_rag,15.50813102722168,17.259765625,175,142,NVIDIA RTX A6000
google/gemma-3-27b-it,Gemma 3 27B,NF4,clinical_astra_b03_004,with_rag,16.410823822021484,17.259765625,1685,135,NVIDIA RTX A6000
google/gemma-3-27b-it,Gemma 3 27B,NF4,clinical_astra_b03_005,with_rag,16.33694839477539,17.259765625,1560,284,NVIDIA RTX A6000
google/gemma-3-27b-it,Gemma 3 27B,NF4,clinical_astra_b03_005,no_rag,15.518840789794922,17.259765625,193,176,NVIDIA RTX A6000
google/gemma-3-27b-it,Gemma 3 27B,NF4,clinical_astra_b03_006,no_rag,15.505752563476562,17.259765625,171,124,NVIDIA RTX A6000
google/gemma-3-27b-it,Gemma 3 27B,NF4,clinical_astra_b03_006,with_rag,16.33495330810547,17.259765625,1559,211,NVIDIA RTX A6000
google/gemma-3-27b-it,Gemma 3 27B,NF4,clinical_astra_b03_007,with_rag,16.34677219390869,17.259765625,1577,171,NVIDIA RTX A6000
google/gemma-3-27b-it,Gemma 3 27B,NF4,clinical_astra_b03_007,no_rag,15.516458511352539,17.259765625,189,171,NVIDIA RTX A6000
google/gemma-3-27b-it,Gemma 3 27B,NF4,clinical_astra_b03_008,no_rag,15.501587867736816,17.259765625,164,176,NVIDIA RTX A6000
google/gemma-3-27b-it,Gemma 3 27B,NF4,clinical_astra_b03_008,with_rag,16.295391082763672,17.259765625,1490,139,NVIDIA RTX A6000
google/gemma-3-27b-it,Gemma 3 27B,NF4,clinical_astra_b03_009,with_rag,16.225231170654297,17.259765625,1375,121,NVIDIA RTX A6000
google/gemma-3-27b-it,Gemma 3 27B,NF4,clinical_astra_b03_009,no_rag,15.502777099609375,17.259765625,166,139,NVIDIA RTX A6000
google/gemma-3-27b-it,Gemma 3 27B,NF4,clinical_astra_b03_010,no_rag,15.507535934448242,17.259765625,174,200,NVIDIA RTX A6000
google/gemma-3-27b-it,Gemma 3 27B,NF4,clinical_astra_b03_010,with_rag,16.329033851623535,17.259765625,1548,136,NVIDIA RTX A6000
google/gemma-3-27b-it,Gemma 3 27B,NF4,clinical_astra_b03_011,with_rag,16.36975860595703,17.259765625,1617,84,NVIDIA RTX A6000
google/gemma-3-27b-it,Gemma 3 27B,NF4,clinical_astra_b03_011,no_rag,15.506941795349121,17.259765625,173,118,NVIDIA RTX A6000
google/gemma-3-27b-it,Gemma 3 27B,NF4,clinical_astra_b03_012,no_rag,15.505156517028809,17.259765625,170,132,NVIDIA RTX A6000
google/gemma-3-27b-it,Gemma 3 27B,NF4,clinical_astra_b03_012,with_rag,16.3515682220459,17.259765625,1586,104,NVIDIA RTX A6000
google/gemma-3-27b-it,Gemma 3 27B,NF4,clinical_astra_b03_013,with_rag,16.347238540649414,17.259765625,1578,150,NVIDIA RTX A6000
google/gemma-3-27b-it,Gemma 3 27B,NF4,clinical_astra_b03_013,no_rag,15.505156517028809,17.259765625,170,155,NVIDIA RTX A6000
google/gemma-3-27b-it,Gemma 3 27B,NF4,clinical_astra_b03_014,no_rag,15.5087251663208,17.259765625,176,126,NVIDIA RTX A6000
google/gemma-3-27b-it,Gemma 3 27B,NF4,clinical_astra_b03_014,with_rag,16.36924457550049,17.259765625,1615,128,NVIDIA RTX A6000
google/gemma-3-27b-it,Gemma 3 27B,NF4,clinical_astra_b03_015,with_rag,16.396913051605225,17.259765625,1661,145,NVIDIA RTX A6000
google/gemma-3-27b-it,Gemma 3 27B,NF4,clinical_astra_b03_015,no_rag,15.517648696899414,17.259765625,191,150,NVIDIA RTX A6000
google/gemma-3-27b-it,Gemma 3 27B,NF4,clinical_astra_b03_016,no_rag,15.512889862060547,17.259765625,183,105,NVIDIA RTX A6000
google/gemma-3-27b-it,Gemma 3 27B,NF4,clinical_astra_b03_016,with_rag,16.385364532470703,17.259765625,1643,111,NVIDIA RTX A6000
google/gemma-3-27b-it,Gemma 3 27B,NF4,clinical_astra_b03_017,with_rag,16.45716953277588,17.259765625,1762,151,NVIDIA RTX A6000
google/gemma-3-27b-it,Gemma 3 27B,NF4,clinical_astra_b03_017,no_rag,15.512889862060547,17.259765625,183,121,NVIDIA RTX A6000
google/gemma-3-27b-it,Gemma 3 27B,NF4,clinical_astra_b03_018,no_rag,15.518241882324219,17.259765625,192,154,NVIDIA RTX A6000
google/gemma-3-27b-it,Gemma 3 27B,NF4,clinical_astra_b03_018,with_rag,16.40661907196045,17.259765625,1677,132,NVIDIA RTX A6000
google/gemma-3-27b-it,Gemma 3 27B,NF4,clinical_astra_b03_019,with_rag,16.382488250732422,17.259765625,1637,130,NVIDIA RTX A6000
google/gemma-3-27b-it,Gemma 3 27B,NF4,clinical_astra_b03_019,no_rag,15.514079093933105,17.259765625,185,140,NVIDIA RTX A6000
google/gemma-3-27b-it,Gemma 3 27B,NF4,clinical_astra_b03_020,no_rag,15.51526927947998,17.259765625,187,152,NVIDIA RTX A6000
google/gemma-3-27b-it,Gemma 3 27B,NF4,clinical_astra_b03_020,with_rag,16.272494792938232,17.259765625,1453,175,NVIDIA RTX A6000
google/gemma-3-27b-it,Gemma 3 27B,NF4,clinical_astra_b04_002,with_rag,16.39496898651123,17.259765625,1659,146,NVIDIA RTX A6000
google/gemma-3-27b-it,Gemma 3 27B,NF4,clinical_astra_b04_002,no_rag,15.519434928894043,17.259765625,194,182,NVIDIA RTX A6000
google/gemma-3-27b-it,Gemma 3 27B,NF4,clinical_astra_b04_003,no_rag,15.50991439819336,17.259765625,178,145,NVIDIA RTX A6000
google/gemma-3-27b-it,Gemma 3 27B,NF4,clinical_astra_b04_003,with_rag,16.57595682144165,17.259765625,1953,168,NVIDIA RTX A6000
google/gemma-3-27b-it,Gemma 3 27B,NF4,clinical_astra_b04_004,with_rag,16.312678337097168,17.259765625,1521,106,NVIDIA RTX A6000
google/gemma-3-27b-it,Gemma 3 27B,NF4,clinical_astra_b04_004,no_rag,15.504562377929688,17.259765625,169,119,NVIDIA RTX A6000
google/gemma-3-27b-it,Gemma 3 27B,NF4,clinical_astra_b04_005,no_rag,15.511104583740234,17.259765625,180,161,NVIDIA RTX A6000
google/gemma-3-27b-it,Gemma 3 27B,NF4,clinical_astra_b04_005,with_rag,16.405155181884766,17.259765625,1674,191,NVIDIA RTX A6000
google/gemma-3-27b-it,Gemma 3 27B,NF4,clinical_astra_b04_006,with_rag,16.40890598297119,17.259765625,1680,181,NVIDIA RTX A6000
google/gemma-3-27b-it,Gemma 3 27B,NF4,clinical_astra_b04_006,no_rag,15.511104583740234,17.259765625,180,259,NVIDIA RTX A6000
google/gemma-3-27b-it,Gemma 3 27B,NF4,clinical_astra_b04_007,no_rag,15.509321212768555,17.259765625,177,171,NVIDIA RTX A6000
google/gemma-3-27b-it,Gemma 3 27B,NF4,clinical_astra_b04_007,with_rag,16.30228042602539,17.259765625,1504,149,NVIDIA RTX A6000
google/gemma-3-27b-it,Gemma 3 27B,NF4,clinical_astra_b04_008,with_rag,16.319316864013672,17.259765625,1532,124,NVIDIA RTX A6000
google/gemma-3-27b-it,Gemma 3 27B,NF4,clinical_astra_b04_008,no_rag,15.512889862060547,17.259765625,183,106,NVIDIA RTX A6000
google/gemma-3-27b-it,Gemma 3 27B,NF4,clinical_astra_b04_009,no_rag,15.503373146057129,17.259765625,167,159,NVIDIA RTX A6000
google/gemma-3-27b-it,Gemma 3 27B,NF4,clinical_astra_b04_009,with_rag,16.493687629699707,17.259765625,1822,92,NVIDIA RTX A6000
google/gemma-3-27b-it,Gemma 3 27B,NF4,clinical_astra_b04_010,with_rag,16.262515544891357,17.259765625,1437,133,NVIDIA RTX A6000
google/gemma-3-27b-it,Gemma 3 27B,NF4,clinical_astra_b04_010,no_rag,15.506941795349121,17.259765625,173,179,NVIDIA RTX A6000
google/gemma-3-27b-it,Gemma 3 27B,NF4,clinical_astra_b04_011,no_rag,15.50218391418457,17.259765625,165,120,NVIDIA RTX A6000
google/gemma-3-27b-it,Gemma 3 27B,NF4,clinical_astra_b04_011,with_rag,16.538452625274658,17.259765625,1895,100,NVIDIA RTX A6000
google/gemma-3-27b-it,Gemma 3 27B,NF4,clinical_astra_b04_012,with_rag,16.421151638031006,17.259765625,1699,109,NVIDIA RTX A6000
google/gemma-3-27b-it,Gemma 3 27B,NF4,clinical_astra_b04_012,no_rag,15.50396728515625,17.259765625,168,104,NVIDIA RTX A6000
google/gemma-3-27b-it,Gemma 3 27B,NF4,clinical_astra_b04_013,no_rag,15.500993728637695,17.259765625,163,80,NVIDIA RTX A6000
google/gemma-3-27b-it,Gemma 3 27B,NF4,clinical_astra_b04_013,with_rag,16.530311584472656,17.259765625,1884,139,NVIDIA RTX A6000
google/gemma-3-27b-it,Gemma 3 27B,NF4,clinical_astra_b04_014,with_rag,16.30061149597168,17.259765625,1501,144,NVIDIA RTX A6000
google/gemma-3-27b-it,Gemma 3 27B,NF4,clinical_astra_b04_014,no_rag,15.509321212768555,17.259765625,177,170,NVIDIA RTX A6000
google/gemma-3-27b-it,Gemma 3 27B,NF4,clinical_astra_b04_015,no_rag,15.505156517028809,17.259765625,170,174,NVIDIA RTX A6000
google/gemma-3-27b-it,Gemma 3 27B,NF4,clinical_astra_b04_015,with_rag,16.4488468170166,17.259765625,1747,116,NVIDIA RTX A6000
google/gemma-3-27b-it,Gemma 3 27B,NF4,clinical_astra_b04_016,with_rag,16.40888786315918,17.259765625,1681,188,NVIDIA RTX A6000
google/gemma-3-27b-it,Gemma 3 27B,NF4,clinical_astra_b04_016,no_rag,15.51526927947998,17.259765625,187,151,NVIDIA RTX A6000
google/gemma-3-27b-it,Gemma 3 27B,NF4,clinical_astra_b04_017,no_rag,15.50218391418457,17.259765625,165,164,NVIDIA RTX A6000
google/gemma-3-27b-it,Gemma 3 27B,NF4,clinical_astra_b04_017,with_rag,16.421151638031006,17.259765625,1699,117,NVIDIA RTX A6000
google/gemma-3-27b-it,Gemma 3 27B,NF4,clinical_astra_b04_018,with_rag,16.367591857910156,17.259765625,1610,164,NVIDIA RTX A6000
google/gemma-3-27b-it,Gemma 3 27B,NF4,clinical_astra_b04_018,no_rag,15.5087251663208,17.259765625,176,139,NVIDIA RTX A6000
google/gemma-3-27b-it,Gemma 3 27B,NF4,clinical_astra_b04_019,no_rag,15.506345748901367,17.259765625,172,127,NVIDIA RTX A6000
google/gemma-3-27b-it,Gemma 3 27B,NF4,clinical_astra_b04_019,with_rag,16.301167488098145,17.259765625,1502,145,NVIDIA RTX A6000
google/gemma-3-27b-it,Gemma 3 27B,NF4,clinical_astra_b04_020,with_rag,16.277968406677246,17.259765625,1464,100,NVIDIA RTX A6000
google/gemma-3-27b-it,Gemma 3 27B,NF4,clinical_astra_b04_020,no_rag,15.5087251663208,17.259765625,176,171,NVIDIA RTX A6000
google/gemma-3-27b-it,Gemma 3 27B,NF4,clinical_astra_b05_002,no_rag,15.51705265045166,17.259765625,190,200,NVIDIA RTX A6000
google/gemma-3-27b-it,Gemma 3 27B,NF4,clinical_astra_b05_002,with_rag,16.35501003265381,17.259765625,1591,216,NVIDIA RTX A6000
google/gemma-3-27b-it,Gemma 3 27B,NF4,clinical_astra_b05_003,with_rag,16.45187473297119,17.259765625,1750,168,NVIDIA RTX A6000
google/gemma-3-27b-it,Gemma 3 27B,NF4,clinical_astra_b05_003,no_rag,15.516458511352539,17.259765625,189,155,NVIDIA RTX A6000
google/gemma-3-27b-it,Gemma 3 27B,NF4,clinical_astra_b05_004,no_rag,15.500398635864258,17.259765625,162,130,NVIDIA RTX A6000
google/gemma-3-27b-it,Gemma 3 27B,NF4,clinical_astra_b05_004,with_rag,16.40177345275879,17.259765625,1670,130,NVIDIA RTX A6000
google/gemma-3-27b-it,Gemma 3 27B,NF4,clinical_astra_b05_005,with_rag,16.584320545196533,17.259765625,1969,145,NVIDIA RTX A6000
google/gemma-3-27b-it,Gemma 3 27B,NF4,clinical_astra_b05_005,no_rag,15.506345748901367,17.259765625,172,162,NVIDIA RTX A6000
google/gemma-3-27b-it,Gemma 3 27B,NF4,clinical_astra_b05_006,no_rag,15.498655319213867,17.259765625,159,110,NVIDIA RTX A6000
google/gemma-3-27b-it,Gemma 3 27B,NF4,clinical_astra_b05_006,with_rag,16.512453079223633,17.259765625,1854,136,NVIDIA RTX A6000
google/gemma-3-27b-it,Gemma 3 27B,NF4,clinical_astra_b05_007,with_rag,16.3739595413208,17.259765625,1624,97,NVIDIA RTX A6000
google/gemma-3-27b-it,Gemma 3 27B,NF4,clinical_astra_b05_007,no_rag,15.50218391418457,17.259765625,165,123,NVIDIA RTX A6000
google/gemma-3-27b-it,Gemma 3 27B,NF4,clinical_astra_b05_008,no_rag,15.51705265045166,17.259765625,190,178,NVIDIA RTX A6000
google/gemma-3-27b-it,Gemma 3 27B,NF4,clinical_astra_b05_008,with_rag,16.28574514389038,17.259765625,1475,126,NVIDIA RTX A6000
google/gemma-3-27b-it,Gemma 3 27B,NF4,clinical_astra_b05_009,with_rag,16.435303688049316,17.259765625,1717,205,NVIDIA RTX A6000
google/gemma-3-27b-it,Gemma 3 27B,NF4,clinical_astra_b05_009,no_rag,15.515863418579102,17.259765625,188,197,NVIDIA RTX A6000
google/gemma-3-27b-it,Gemma 3 27B,NF4,clinical_astra_b05_010,no_rag,15.523599624633789,17.259765625,201,190,NVIDIA RTX A6000
google/gemma-3-27b-it,Gemma 3 27B,NF4,clinical_astra_b05_010,with_rag,16.362587928771973,17.259765625,1604,129,NVIDIA RTX A6000
google/gemma-3-27b-it,Gemma 3 27B,NF4,clinical_astra_b05_011,with_rag,16.536057949066162,17.259765625,1889,204,NVIDIA RTX A6000
google/gemma-3-27b-it,Gemma 3 27B,NF4,clinical_astra_b05_011,no_rag,15.511699676513672,17.259765625,181,139,NVIDIA RTX A6000
google/gemma-3-27b-it,Gemma 3 27B,NF4,clinical_astra_b05_012,no_rag,15.511104583740234,17.259765625,180,179,NVIDIA RTX A6000
google/gemma-3-27b-it,Gemma 3 27B,NF4,clinical_astra_b05_012,with_rag,16.489273071289062,17.259765625,1816,167,NVIDIA RTX A6000
google/gemma-3-27b-it,Gemma 3 27B,NF4,clinical_astra_b05_013,with_rag,16.410823822021484,17.259765625,1685,150,NVIDIA RTX A6000
google/gemma-3-27b-it,Gemma 3 27B,NF4,clinical_astra_b05_013,no_rag,15.509321212768555,17.259765625,177,176,NVIDIA RTX A6000
google/gemma-3-27b-it,Gemma 3 27B,NF4,clinical_astra_b05_014,no_rag,15.501587867736816,17.259765625,164,141,NVIDIA RTX A6000
google/gemma-3-27b-it,Gemma 3 27B,NF4,clinical_astra_b05_014,with_rag,16.314491271972656,17.259765625,1524,92,NVIDIA RTX A6000
google/gemma-3-27b-it,Gemma 3 27B,NF4,clinical_astra_b05_015,with_rag,16.32334566116333,17.259765625,1539,135,NVIDIA RTX A6000
google/gemma-3-27b-it,Gemma 3 27B,NF4,clinical_astra_b05_015,no_rag,15.500398635864258,17.259765625,162,128,NVIDIA RTX A6000
google/gemma-3-27b-it,Gemma 3 27B,NF4,clinical_astra_b05_016,no_rag,15.49643611907959,17.259765625,155,115,NVIDIA RTX A6000
google/gemma-3-27b-it,Gemma 3 27B,NF4,clinical_astra_b05_016,with_rag,16.39016628265381,17.259765625,1651,121,NVIDIA RTX A6000
google/gemma-3-27b-it,Gemma 3 27B,NF4,clinical_astra_b05_017,with_rag,16.36924457550049,17.259765625,1615,124,NVIDIA RTX A6000
google/gemma-3-27b-it,Gemma 3 27B,NF4,clinical_astra_b05_017,no_rag,15.514079093933105,17.259765625,185,135,NVIDIA RTX A6000
google/gemma-3-27b-it,Gemma 3 27B,NF4,clinical_astra_b05_018,no_rag,15.502777099609375,17.259765625,166,139,NVIDIA RTX A6000
google/gemma-3-27b-it,Gemma 3 27B,NF4,clinical_astra_b05_018,with_rag,16.287903308868408,17.259765625,1479,163,NVIDIA RTX A6000
google/gemma-3-27b-it,Gemma 3 27B,NF4,clinical_astra_b05_019,with_rag,16.56389093399048,17.259765625,1937,128,NVIDIA RTX A6000
google/gemma-3-27b-it,Gemma 3 27B,NF4,clinical_astra_b05_019,no_rag,15.499208450317383,17.259765625,160,141,NVIDIA RTX A6000
google/gemma-3-27b-it,Gemma 3 27B,NF4,clinical_astra_b05_020,no_rag,15.51526927947998,17.259765625,187,114,NVIDIA RTX A6000
google/gemma-3-27b-it,Gemma 3 27B,NF4,clinical_astra_b05_020,with_rag,16.275978088378906,17.259765625,1458,112,NVIDIA RTX A6000
google/gemma-3-27b-it,Gemma 3 27B,NF4,clinical_astra_b06_002,with_rag,16.660972595214844,17.259765625,2099,118,NVIDIA RTX A6000
google/gemma-3-27b-it,Gemma 3 27B,NF4,clinical_astra_b06_002,no_rag,15.513484001159668,17.259765625,184,170,NVIDIA RTX A6000
google/gemma-3-27b-it,Gemma 3 27B,NF4,clinical_astra_b06_003,no_rag,15.510510444641113,17.259765625,179,167,NVIDIA RTX A6000
google/gemma-3-27b-it,Gemma 3 27B,NF4,clinical_astra_b06_003,with_rag,16.29298973083496,17.259765625,1486,152,NVIDIA RTX A6000
google/gemma-3-27b-it,Gemma 3 27B,NF4,clinical_astra_b06_004,with_rag,16.314491271972656,17.259765625,1524,123,NVIDIA RTX A6000
google/gemma-3-27b-it,Gemma 3 27B,NF4,clinical_astra_b06_004,no_rag,15.512889862060547,17.259765625,183,164,NVIDIA RTX A6000
google/gemma-3-27b-it,Gemma 3 27B,NF4,clinical_astra_b06_005,no_rag,15.506345748901367,17.259765625,172,180,NVIDIA RTX A6000
google/gemma-3-27b-it,Gemma 3 27B,NF4,clinical_astra_b06_005,with_rag,16.40661907196045,17.259765625,1677,104,NVIDIA RTX A6000
google/gemma-3-27b-it,Gemma 3 27B,NF4,clinical_astra_b06_006,with_rag,16.358418464660645,17.259765625,1598,123,NVIDIA RTX A6000
google/gemma-3-27b-it,Gemma 3 27B,NF4,clinical_astra_b06_006,no_rag,15.509321212768555,17.259765625,177,142,NVIDIA RTX A6000
google/gemma-3-27b-it,Gemma 3 27B,NF4,clinical_astra_b06_007,no_rag,15.518241882324219,17.259765625,192,178,NVIDIA RTX A6000
google/gemma-3-27b-it,Gemma 3 27B,NF4,clinical_astra_b06_007,with_rag,16.389565467834473,17.259765625,1650,180,NVIDIA RTX A6000
google/gemma-3-27b-it,Gemma 3 27B,NF4,clinical_astra_b06_008,with_rag,16.46387481689453,17.259765625,1770,214,NVIDIA RTX A6000
google/gemma-3-27b-it,Gemma 3 27B,NF4,clinical_astra_b06_008,no_rag,15.511104583740234,17.259765625,180,167,NVIDIA RTX A6000
google/gemma-3-27b-it,Gemma 3 27B,NF4,clinical_astra_b06_009,no_rag,15.511699676513672,17.259765625,181,150,NVIDIA RTX A6000
google/gemma-3-27b-it,Gemma 3 27B,NF4,clinical_astra_b06_009,with_rag,16.34677219390869,17.259765625,1577,146,NVIDIA RTX A6000
google/gemma-3-27b-it,Gemma 3 27B,NF4,clinical_astra_b06_010,with_rag,16.562344551086426,17.259765625,1934,148,NVIDIA RTX A6000
google/gemma-3-27b-it,Gemma 3 27B,NF4,clinical_astra_b06_010,no_rag,15.511699676513672,17.259765625,181,131,NVIDIA RTX A6000
google/gemma-3-27b-it,Gemma 3 27B,NF4,clinical_astra_b06_011,no_rag,15.521220207214355,17.259765625,197,150,NVIDIA RTX A6000
google/gemma-3-27b-it,Gemma 3 27B,NF4,clinical_astra_b06_011,with_rag,16.394368171691895,17.259765625,1658,93,NVIDIA RTX A6000
google/gemma-3-27b-it,Gemma 3 27B,NF4,clinical_astra_b06_012,with_rag,16.393625259399414,17.259765625,1656,160,NVIDIA RTX A6000
google/gemma-3-27b-it,Gemma 3 27B,NF4,clinical_astra_b06_012,no_rag,15.520030975341797,17.259765625,195,168,NVIDIA RTX A6000
google/gemma-3-27b-it,Gemma 3 27B,NF4,clinical_astra_b06_013,no_rag,15.509321212768555,17.259765625,177,252,NVIDIA RTX A6000
google/gemma-3-27b-it,Gemma 3 27B,NF4,clinical_astra_b06_013,with_rag,16.25468921661377,17.259765625,1421,133,NVIDIA RTX A6000
google/gemma-3-27b-it,Gemma 3 27B,NF4,clinical_astra_b06_014,with_rag,16.70435667037964,17.259765625,2173,186,NVIDIA RTX A6000
google/gemma-3-27b-it,Gemma 3 27B,NF4,clinical_astra_b06_014,no_rag,15.506345748901367,17.259765625,172,166,NVIDIA RTX A6000
google/gemma-3-27b-it,Gemma 3 27B,NF4,clinical_astra_b06_015,no_rag,15.50991439819336,17.259765625,178,136,NVIDIA RTX A6000
google/gemma-3-27b-it,Gemma 3 27B,NF4,clinical_astra_b06_015,with_rag,16.313430786132812,17.259765625,1520,121,NVIDIA RTX A6000
google/gemma-3-27b-it,Gemma 3 27B,NF4,clinical_astra_b06_016,with_rag,16.48557186126709,17.259765625,1808,159,NVIDIA RTX A6000
google/gemma-3-27b-it,Gemma 3 27B,NF4,clinical_astra_b06_016,no_rag,15.516458511352539,17.259765625,189,137,NVIDIA RTX A6000
google/gemma-3-27b-it,Gemma 3 27B,NF4,clinical_astra_b06_017,no_rag,15.517648696899414,17.259765625,191,192,NVIDIA RTX A6000
google/gemma-3-27b-it,Gemma 3 27B,NF4,clinical_astra_b06_017,with_rag,16.313430786132812,17.259765625,1520,188,NVIDIA RTX A6000
google/gemma-3-27b-it,Gemma 3 27B,NF4,clinical_astra_b06_018,with_rag,16.291571617126465,17.259765625,1484,220,NVIDIA RTX A6000
google/gemma-3-27b-it,Gemma 3 27B,NF4,clinical_astra_b06_018,no_rag,15.512293815612793,17.259765625,182,161,NVIDIA RTX A6000
google/gemma-3-27b-it,Gemma 3 27B,NF4,clinical_astra_b06_019,no_rag,15.507535934448242,17.259765625,174,141,NVIDIA RTX A6000
google/gemma-3-27b-it,Gemma 3 27B,NF4,clinical_astra_b06_019,with_rag,16.479750633239746,17.259765625,1800,115,NVIDIA RTX A6000
google/gemma-3-27b-it,Gemma 3 27B,NF4,clinical_astra_b06_020,with_rag,16.564920902252197,17.259765625,1939,182,NVIDIA RTX A6000
google/gemma-3-27b-it,Gemma 3 27B,NF4,clinical_astra_b06_020,no_rag,15.514079093933105,17.259765625,185,251,NVIDIA RTX A6000
google/gemma-3-27b-it,Gemma 3 27B,BF16,clinical_astra_b01_001,no_rag,51.29450511932373,51.42578125,193,149,NVIDIA A100 80GB PCIe
google/gemma-3-27b-it,Gemma 3 27B,BF16,clinical_astra_b01_001,with_rag,52.20412349700928,52.48046875,1718,124,NVIDIA A100 80GB PCIe
google/gemma-3-27b-it,Gemma 3 27B,BF16,clinical_astra_b02_001,with_rag,52.246323585510254,52.697265625,1787,123,NVIDIA A100 80GB PCIe
google/gemma-3-27b-it,Gemma 3 27B,BF16,clinical_astra_b02_001,no_rag,51.294495582580566,52.697265625,163,97,NVIDIA A100 80GB PCIe
google/gemma-3-27b-it,Gemma 3 27B,BF16,clinical_astra_b03_001,no_rag,51.289734840393066,52.697265625,168,153,NVIDIA A100 80GB PCIe
google/gemma-3-27b-it,Gemma 3 27B,BF16,clinical_astra_b03_001,with_rag,52.01791286468506,52.697265625,1432,165,NVIDIA A100 80GB PCIe
google/gemma-3-27b-it,Gemma 3 27B,BF16,clinical_astra_b04_001,with_rag,52.04234981536865,52.697265625,1471,143,NVIDIA A100 80GB PCIe
google/gemma-3-27b-it,Gemma 3 27B,BF16,clinical_astra_b04_001,no_rag,51.289734840393066,52.697265625,180,151,NVIDIA A100 80GB PCIe
google/gemma-3-27b-it,Gemma 3 27B,BF16,clinical_astra_b05_001,no_rag,51.29408645629883,52.697265625,196,181,NVIDIA A100 80GB PCIe
google/gemma-3-27b-it,Gemma 3 27B,BF16,clinical_astra_b05_001,with_rag,52.24788475036621,52.697265625,1790,184,NVIDIA A100 80GB PCIe
google/gemma-3-27b-it,Gemma 3 27B,BF16,clinical_astra_b06_001,with_rag,52.17884588241577,52.697265625,1677,123,NVIDIA A100 80GB PCIe
google/gemma-3-27b-it,Gemma 3 27B,BF16,clinical_astra_b06_001,no_rag,51.289734840393066,52.697265625,180,141,NVIDIA A100 80GB PCIe
google/gemma-3-27b-it,Gemma 3 27B,BF16,clinical_astra_b01_002,no_rag,51.29553413391113,52.75,205,187,NVIDIA A100 80GB PCIe
google/gemma-3-27b-it,Gemma 3 27B,BF16,clinical_astra_b01_002,with_rag,52.10911178588867,52.75,1576,157,NVIDIA A100 80GB PCIe
google/gemma-3-27b-it,Gemma 3 27B,BF16,clinical_astra_b01_003,with_rag,52.15840148925781,52.75,1643,122,NVIDIA A100 80GB PCIe
google/gemma-3-27b-it,Gemma 3 27B,BF16,clinical_astra_b01_003,no_rag,51.2945032119751,52.75,169,137,NVIDIA A100 80GB PCIe
google/gemma-3-27b-it,Gemma 3 27B,BF16,clinical_astra_b01_004,no_rag,51.29450511932373,52.75,197,142,NVIDIA A100 80GB PCIe
google/gemma-3-27b-it,Gemma 3 27B,BF16,clinical_astra_b01_004,with_rag,52.17013645172119,52.75,1658,147,NVIDIA A100 80GB PCIe
google/gemma-3-27b-it,Gemma 3 27B,BF16,clinical_astra_b01_005,with_rag,52.26212024688721,52.97265625,1814,164,NVIDIA A100 80GB PCIe
google/gemma-3-27b-it,Gemma 3 27B,BF16,clinical_astra_b01_005,no_rag,51.29546356201172,52.97265625,201,185,NVIDIA A100 80GB PCIe
google/gemma-3-27b-it,Gemma 3 27B,BF16,clinical_astra_b01_006,no_rag,51.2945032119751,52.97265625,189,111,NVIDIA A100 80GB PCIe
google/gemma-3-27b-it,Gemma 3 27B,BF16,clinical_astra_b01_006,with_rag,52.09377384185791,52.97265625,1552,128,NVIDIA A100 80GB PCIe
google/gemma-3-27b-it,Gemma 3 27B,BF16,clinical_astra_b01_007,with_rag,52.21257495880127,52.97265625,1735,143,NVIDIA A100 80GB PCIe
google/gemma-3-27b-it,Gemma 3 27B,BF16,clinical_astra_b01_007,no_rag,51.2897367477417,52.974609375,212,152,NVIDIA A100 80GB PCIe
google/gemma-3-27b-it,Gemma 3 27B,BF16,clinical_astra_b01_008,no_rag,51.2945032119751,52.974609375,187,135,NVIDIA A100 80GB PCIe
google/gemma-3-27b-it,Gemma 3 27B,BF16,clinical_astra_b01_008,with_rag,52.062156677246094,52.974609375,1494,124,NVIDIA A100 80GB PCIe
google/gemma-3-27b-it,Gemma 3 27B,BF16,clinical_astra_b01_009,with_rag,52.19363784790039,52.974609375,1708,162,NVIDIA A100 80GB PCIe
google/gemma-3-27b-it,Gemma 3 27B,BF16,clinical_astra_b01_009,no_rag,51.2945032119751,52.974609375,187,123,NVIDIA A100 80GB PCIe
google/gemma-3-27b-it,Gemma 3 27B,BF16,clinical_astra_b01_010,no_rag,51.2897367477417,52.974609375,196,133,NVIDIA A100 80GB PCIe
google/gemma-3-27b-it,Gemma 3 27B,BF16,clinical_astra_b01_010,with_rag,52.08057975769043,52.974609375,1524,95,NVIDIA A100 80GB PCIe
google/gemma-3-27b-it,Gemma 3 27B,BF16,clinical_astra_b01_011,with_rag,52.49656963348389,53.23828125,2177,152,NVIDIA A100 80GB PCIe
google/gemma-3-27b-it,Gemma 3 27B,BF16,clinical_astra_b01_011,no_rag,51.289734840393066,53.23828125,188,121,NVIDIA A100 80GB PCIe
google/gemma-3-27b-it,Gemma 3 27B,BF16,clinical_astra_b01_012,no_rag,51.2945032119751,53.23828125,185,140,NVIDIA A100 80GB PCIe
google/gemma-3-27b-it,Gemma 3 27B,BF16,clinical_astra_b01_012,with_rag,52.069594383239746,53.23828125,1511,124,NVIDIA A100 80GB PCIe
google/gemma-3-27b-it,Gemma 3 27B,BF16,clinical_astra_b01_013,with_rag,52.08923864364624,53.23828125,1543,125,NVIDIA A100 80GB PCIe
google/gemma-3-27b-it,Gemma 3 27B,BF16,clinical_astra_b01_013,no_rag,51.2897367477417,53.23828125,194,146,NVIDIA A100 80GB PCIe
google/gemma-3-27b-it,Gemma 3 27B,BF16,clinical_astra_b01_014,no_rag,51.2945032119751,53.23828125,173,120,NVIDIA A100 80GB PCIe
google/gemma-3-27b-it,Gemma 3 27B,BF16,clinical_astra_b01_014,with_rag,52.064735412597656,53.23828125,1501,112,NVIDIA A100 80GB PCIe
google/gemma-3-27b-it,Gemma 3 27B,BF16,clinical_astra_b01_015,with_rag,52.21649742126465,53.23828125,1742,117,NVIDIA A100 80GB PCIe
google/gemma-3-27b-it,Gemma 3 27B,BF16,clinical_astra_b01_015,no_rag,51.2945032119751,53.23828125,177,170,NVIDIA A100 80GB PCIe
google/gemma-3-27b-it,Gemma 3 27B,BF16,clinical_astra_b01_016,no_rag,51.3273286819458,53.23828125,172,272,NVIDIA A100 80GB PCIe
google/gemma-3-27b-it,Gemma 3 27B,BF16,clinical_astra_b01_016,with_rag,52.18638038635254,53.23828125,1695,125,NVIDIA A100 80GB PCIe
google/gemma-3-27b-it,Gemma 3 27B,BF16,clinical_astra_b01_017,with_rag,52.131669998168945,53.23828125,1608,119,NVIDIA A100 80GB PCIe
google/gemma-3-27b-it,Gemma 3 27B,BF16,clinical_astra_b01_017,no_rag,51.289734840393066,53.23828125,192,150,NVIDIA A100 80GB PCIe
google/gemma-3-27b-it,Gemma 3 27B,BF16,clinical_astra_b01_018,no_rag,51.2945032119751,53.23828125,175,119,NVIDIA A100 80GB PCIe
google/gemma-3-27b-it,Gemma 3 27B,BF16,clinical_astra_b01_018,with_rag,52.03420352935791,53.23828125,1458,95,NVIDIA A100 80GB PCIe
google/gemma-3-27b-it,Gemma 3 27B,BF16,clinical_astra_b01_019,with_rag,52.15451002120972,53.23828125,1625,134,NVIDIA A100 80GB PCIe
google/gemma-3-27b-it,Gemma 3 27B,BF16,clinical_astra_b01_019,no_rag,51.289734840393066,53.23828125,178,151,NVIDIA A100 80GB PCIe
google/gemma-3-27b-it,Gemma 3 27B,BF16,clinical_astra_b01_020,no_rag,51.289734840393066,53.23828125,178,123,NVIDIA A100 80GB PCIe
google/gemma-3-27b-it,Gemma 3 27B,BF16,clinical_astra_b01_020,with_rag,52.297218799591064,53.23828125,1867,117,NVIDIA A100 80GB PCIe
google/gemma-3-27b-it,Gemma 3 27B,BF16,clinical_astra_b02_002,with_rag,52.11295223236084,53.23828125,1582,126,NVIDIA A100 80GB PCIe
google/gemma-3-27b-it,Gemma 3 27B,BF16,clinical_astra_b02_002,no_rag,51.289734840393066,53.23828125,158,138,NVIDIA A100 80GB PCIe
google/gemma-3-27b-it,Gemma 3 27B,BF16,clinical_astra_b02_003,no_rag,51.2945032119751,53.23828125,165,102,NVIDIA A100 80GB PCIe
google/gemma-3-27b-it,Gemma 3 27B,BF16,clinical_astra_b02_003,with_rag,52.16054439544678,53.23828125,1647,93,NVIDIA A100 80GB PCIe
google/gemma-3-27b-it,Gemma 3 27B,BF16,clinical_astra_b02_004,with_rag,52.31846809387207,53.23828125,1895,135,NVIDIA A100 80GB PCIe
google/gemma-3-27b-it,Gemma 3 27B,BF16,clinical_astra_b02_004,no_rag,51.234986305236816,53.23828125,156,102,NVIDIA A100 80GB PCIe
google/gemma-3-27b-it,Gemma 3 27B,BF16,clinical_astra_b02_005,no_rag,51.2945032119751,53.23828125,161,112,NVIDIA A100 80GB PCIe
google/gemma-3-27b-it,Gemma 3 27B,BF16,clinical_astra_b02_005,with_rag,52.15440273284912,53.23828125,1624,135,NVIDIA A100 80GB PCIe
google/gemma-3-27b-it,Gemma 3 27B,BF16,clinical_astra_b02_006,with_rag,52.24007225036621,53.23828125,1778,127,NVIDIA A100 80GB PCIe
google/gemma-3-27b-it,Gemma 3 27B,BF16,clinical_astra_b02_006,no_rag,51.2945032119751,53.23828125,161,103,NVIDIA A100 80GB PCIe
google/gemma-3-27b-it,Gemma 3 27B,BF16,clinical_astra_b02_007,no_rag,51.289734840393066,53.23828125,162,157,NVIDIA A100 80GB PCIe
google/gemma-3-27b-it,Gemma 3 27B,BF16,clinical_astra_b02_007,with_rag,52.181724071502686,53.23828125,1684,109,NVIDIA A100 80GB PCIe
google/gemma-3-27b-it,Gemma 3 27B,BF16,clinical_astra_b02_008,with_rag,52.20782279968262,53.23828125,1728,74,NVIDIA A100 80GB PCIe
google/gemma-3-27b-it,Gemma 3 27B,BF16,clinical_astra_b02_008,no_rag,51.289734840393066,53.23828125,160,135,NVIDIA A100 80GB PCIe
google/gemma-3-27b-it,Gemma 3 27B,BF16,clinical_astra_b02_009,no_rag,51.289734840393066,53.23828125,166,169,NVIDIA A100 80GB PCIe
google/gemma-3-27b-it,Gemma 3 27B,BF16,clinical_astra_b02_009,with_rag,52.157864570617676,53.23828125,1642,128,NVIDIA A100 80GB PCIe
google/gemma-3-27b-it,Gemma 3 27B,BF16,clinical_astra_b02_010,with_rag,52.18450736999512,53.23828125,1691,102,NVIDIA A100 80GB PCIe
google/gemma-3-27b-it,Gemma 3 27B,BF16,clinical_astra_b02_010,no_rag,51.2945032119751,53.23828125,171,109,NVIDIA A100 80GB PCIe
google/gemma-3-27b-it,Gemma 3 27B,BF16,clinical_astra_b02_011,no_rag,51.294495582580566,53.23828125,167,93,NVIDIA A100 80GB PCIe
google/gemma-3-27b-it,Gemma 3 27B,BF16,clinical_astra_b02_011,with_rag,52.031697273254395,53.23828125,1454,93,NVIDIA A100 80GB PCIe
google/gemma-3-27b-it,Gemma 3 27B,BF16,clinical_astra_b02_012,with_rag,52.0260591506958,53.23828125,1445,192,NVIDIA A100 80GB PCIe
google/gemma-3-27b-it,Gemma 3 27B,BF16,clinical_astra_b02_012,no_rag,51.2945032119751,53.23828125,167,120,NVIDIA A100 80GB PCIe
google/gemma-3-27b-it,Gemma 3 27B,BF16,clinical_astra_b02_013,no_rag,51.2945032119751,53.23828125,165,111,NVIDIA A100 80GB PCIe
google/gemma-3-27b-it,Gemma 3 27B,BF16,clinical_astra_b02_013,with_rag,52.28999996185303,53.23828125,1854,105,NVIDIA A100 80GB PCIe
google/gemma-3-27b-it,Gemma 3 27B,BF16,clinical_astra_b02_014,with_rag,52.17339849472046,53.23828125,1668,93,NVIDIA A100 80GB PCIe
google/gemma-3-27b-it,Gemma 3 27B,BF16,clinical_astra_b02_014,no_rag,51.2945032119751,53.23828125,167,141,NVIDIA A100 80GB PCIe
google/gemma-3-27b-it,Gemma 3 27B,BF16,clinical_astra_b02_015,no_rag,51.289734840393066,53.23828125,166,150,NVIDIA A100 80GB PCIe
google/gemma-3-27b-it,Gemma 3 27B,BF16,clinical_astra_b02_015,with_rag,52.19241809844971,53.23828125,1706,157,NVIDIA A100 80GB PCIe
google/gemma-3-27b-it,Gemma 3 27B,BF16,clinical_astra_b02_016,with_rag,52.105271339416504,53.23828125,1570,91,NVIDIA A100 80GB PCIe
google/gemma-3-27b-it,Gemma 3 27B,BF16,clinical_astra_b02_016,no_rag,51.289734840393066,53.23828125,176,105,NVIDIA A100 80GB PCIe
google/gemma-3-27b-it,Gemma 3 27B,BF16,clinical_astra_b02_017,no_rag,51.289734840393066,53.23828125,172,166,NVIDIA A100 80GB PCIe
google/gemma-3-27b-it,Gemma 3 27B,BF16,clinical_astra_b02_017,with_rag,52.05046606063843,53.23828125,1483,135,NVIDIA A100 80GB PCIe
google/gemma-3-27b-it,Gemma 3 27B,BF16,clinical_astra_b02_018,with_rag,52.128681659698486,53.23828125,1603,121,NVIDIA A100 80GB PCIe
google/gemma-3-27b-it,Gemma 3 27B,BF16,clinical_astra_b02_018,no_rag,51.2945032119751,53.23828125,171,125,NVIDIA A100 80GB PCIe
google/gemma-3-27b-it,Gemma 3 27B,BF16,clinical_astra_b02_019,no_rag,51.2945032119751,53.23828125,163,138,NVIDIA A100 80GB PCIe
google/gemma-3-27b-it,Gemma 3 27B,BF16,clinical_astra_b02_019,with_rag,52.079482078552246,53.23828125,1521,142,NVIDIA A100 80GB PCIe
google/gemma-3-27b-it,Gemma 3 27B,BF16,clinical_astra_b02_020,with_rag,52.15557527542114,53.23828125,1635,145,NVIDIA A100 80GB PCIe
google/gemma-3-27b-it,Gemma 3 27B,BF16,clinical_astra_b02_020,no_rag,51.289734840393066,53.23828125,178,121,NVIDIA A100 80GB PCIe
google/gemma-3-27b-it,Gemma 3 27B,BF16,clinical_astra_b03_002,no_rag,51.2945032119751,53.23828125,181,174,NVIDIA A100 80GB PCIe
google/gemma-3-27b-it,Gemma 3 27B,BF16,clinical_astra_b03_002,with_rag,52.11679267883301,53.23828125,1588,132,NVIDIA A100 80GB PCIe
google/gemma-3-27b-it,Gemma 3 27B,BF16,clinical_astra_b03_003,with_rag,52.31846809387207,53.23828125,1895,146,NVIDIA A100 80GB PCIe
google/gemma-3-27b-it,Gemma 3 27B,BF16,clinical_astra_b03_003,no_rag,51.29546356201172,53.23828125,205,178,NVIDIA A100 80GB PCIe
google/gemma-3-27b-it,Gemma 3 27B,BF16,clinical_astra_b03_004,no_rag,51.2945032119751,53.23828125,175,137,NVIDIA A100 80GB PCIe
google/gemma-3-27b-it,Gemma 3 27B,BF16,clinical_astra_b03_004,with_rag,52.18213653564453,53.23828125,1685,108,NVIDIA A100 80GB PCIe
google/gemma-3-27b-it,Gemma 3 27B,BF16,clinical_astra_b03_005,with_rag,52.0988712310791,53.23828125,1560,193,NVIDIA A100 80GB PCIe
google/gemma-3-27b-it,Gemma 3 27B,BF16,clinical_astra_b03_005,no_rag,51.29450511932373,53.23828125,193,171,NVIDIA A100 80GB PCIe
google/gemma-3-27b-it,Gemma 3 27B,BF16,clinical_astra_b03_006,no_rag,51.2945032119751,53.23828125,171,141,NVIDIA A100 80GB PCIe
google/gemma-3-27b-it,Gemma 3 27B,BF16,clinical_astra_b03_006,with_rag,52.09823226928711,53.23828125,1559,151,NVIDIA A100 80GB PCIe
google/gemma-3-27b-it,Gemma 3 27B,BF16,clinical_astra_b03_007,with_rag,52.1097526550293,53.23828125,1577,126,NVIDIA A100 80GB PCIe
google/gemma-3-27b-it,Gemma 3 27B,BF16,clinical_astra_b03_007,no_rag,51.2945032119751,53.23828125,189,129,NVIDIA A100 80GB PCIe
google/gemma-3-27b-it,Gemma 3 27B,BF16,clinical_astra_b03_008,no_rag,51.289734840393066,53.23828125,164,191,NVIDIA A100 80GB PCIe
google/gemma-3-27b-it,Gemma 3 27B,BF16,clinical_astra_b03_008,with_rag,52.058889389038086,53.23828125,1490,120,NVIDIA A100 80GB PCIe
google/gemma-3-27b-it,Gemma 3 27B,BF16,clinical_astra_b03_009,with_rag,51.98744869232178,53.23828125,1375,85,NVIDIA A100 80GB PCIe
google/gemma-3-27b-it,Gemma 3 27B,BF16,clinical_astra_b03_009,no_rag,51.289734840393066,53.23828125,166,119,NVIDIA A100 80GB PCIe
google/gemma-3-27b-it,Gemma 3 27B,BF16,clinical_astra_b03_010,no_rag,51.289734840393066,53.23828125,174,118,NVIDIA A100 80GB PCIe
google/gemma-3-27b-it,Gemma 3 27B,BF16,clinical_astra_b03_010,with_rag,52.09175777435303,53.23828125,1548,130,NVIDIA A100 80GB PCIe
google/gemma-3-27b-it,Gemma 3 27B,BF16,clinical_astra_b03_011,with_rag,52.14544868469238,53.23828125,1617,96,NVIDIA A100 80GB PCIe
google/gemma-3-27b-it,Gemma 3 27B,BF16,clinical_astra_b03_011,no_rag,51.2945032119751,53.23828125,173,146,NVIDIA A100 80GB PCIe
google/gemma-3-27b-it,Gemma 3 27B,BF16,clinical_astra_b03_012,no_rag,51.289734840393066,53.23828125,170,132,NVIDIA A100 80GB PCIe
google/gemma-3-27b-it,Gemma 3 27B,BF16,clinical_astra_b03_012,with_rag,52.115511894226074,53.23828125,1586,101,NVIDIA A100 80GB PCIe
google/gemma-3-27b-it,Gemma 3 27B,BF16,clinical_astra_b03_013,with_rag,52.11039161682129,53.23828125,1578,123,NVIDIA A100 80GB PCIe
google/gemma-3-27b-it,Gemma 3 27B,BF16,clinical_astra_b03_013,no_rag,51.289734840393066,53.23828125,170,121,NVIDIA A100 80GB PCIe
google/gemma-3-27b-it,Gemma 3 27B,BF16,clinical_astra_b03_014,no_rag,51.289734840393066,53.23828125,176,106,NVIDIA A100 80GB PCIe
google/gemma-3-27b-it,Gemma 3 27B,BF16,clinical_astra_b03_014,with_rag,52.13601493835449,53.23828125,1615,126,NVIDIA A100 80GB PCIe
google/gemma-3-27b-it,Gemma 3 27B,BF16,clinical_astra_b03_015,with_rag,52.171114921569824,53.23828125,1661,168,NVIDIA A100 80GB PCIe
google/gemma-3-27b-it,Gemma 3 27B,BF16,clinical_astra_b03_015,no_rag,51.2945032119751,53.23828125,191,122,NVIDIA A100 80GB PCIe
google/gemma-3-27b-it,Gemma 3 27B,BF16,clinical_astra_b03_016,no_rag,51.2945032119751,53.23828125,183,85,NVIDIA A100 80GB PCIe
google/gemma-3-27b-it,Gemma 3 27B,BF16,clinical_astra_b03_016,with_rag,52.15840148925781,53.23828125,1643,136,NVIDIA A100 80GB PCIe
google/gemma-3-27b-it,Gemma 3 27B,BF16,clinical_astra_b03_017,with_rag,52.22823619842529,53.23828125,1762,142,NVIDIA A100 80GB PCIe
google/gemma-3-27b-it,Gemma 3 27B,BF16,clinical_astra_b03_017,no_rag,51.2945032119751,53.23828125,183,117,NVIDIA A100 80GB PCIe
google/gemma-3-27b-it,Gemma 3 27B,BF16,clinical_astra_b03_018,no_rag,51.289734840393066,53.23828125,192,139,NVIDIA A100 80GB PCIe
google/gemma-3-27b-it,Gemma 3 27B,BF16,clinical_astra_b03_018,with_rag,52.17884588241577,53.23828125,1677,117,NVIDIA A100 80GB PCIe
google/gemma-3-27b-it,Gemma 3 27B,BF16,clinical_astra_b03_019,with_rag,52.1557879447937,53.23828125,1637,137,NVIDIA A100 80GB PCIe
google/gemma-3-27b-it,Gemma 3 27B,BF16,clinical_astra_b03_019,no_rag,51.2945032119751,53.23828125,185,146,NVIDIA A100 80GB PCIe
google/gemma-3-27b-it,Gemma 3 27B,BF16,clinical_astra_b03_020,no_rag,51.2945032119751,53.23828125,187,109,NVIDIA A100 80GB PCIe
google/gemma-3-27b-it,Gemma 3 27B,BF16,clinical_astra_b03_020,with_rag,52.03107166290283,53.23828125,1453,137,NVIDIA A100 80GB PCIe
google/gemma-3-27b-it,Gemma 3 27B,BF16,clinical_astra_b04_002,with_rag,52.17046308517456,53.23828125,1659,190,NVIDIA A100 80GB PCIe
google/gemma-3-27b-it,Gemma 3 27B,BF16,clinical_astra_b04_002,no_rag,51.295467376708984,53.23828125,194,188,NVIDIA A100 80GB PCIe
google/gemma-3-27b-it,Gemma 3 27B,BF16,clinical_astra_b04_003,no_rag,51.289734840393066,53.23828125,178,142,NVIDIA A100 80GB PCIe
google/gemma-3-27b-it,Gemma 3 27B,BF16,clinical_astra_b04_003,with_rag,52.35263156890869,53.23828125,1953,154,NVIDIA A100 80GB PCIe
google/gemma-3-27b-it,Gemma 3 27B,BF16,clinical_astra_b04_004,with_rag,52.079482078552246,53.23828125,1521,112,NVIDIA A100 80GB PCIe
google/gemma-3-27b-it,Gemma 3 27B,BF16,clinical_astra_b04_004,no_rag,51.2945032119751,53.23828125,169,122,NVIDIA A100 80GB PCIe
google/gemma-3-27b-it,Gemma 3 27B,BF16,clinical_astra_b04_005,no_rag,51.2955379486084,53.23828125,180,211,NVIDIA A100 80GB PCIe
google/gemma-3-27b-it,Gemma 3 27B,BF16,clinical_astra_b04_005,with_rag,52.17622089385986,53.23828125,1674,202,NVIDIA A100 80GB PCIe
google/gemma-3-27b-it,Gemma 3 27B,BF16,clinical_astra_b04_006,with_rag,52.180078983306885,53.23828125,1680,187,NVIDIA A100 80GB PCIe
google/gemma-3-27b-it,Gemma 3 27B,BF16,clinical_astra_b04_006,no_rag,51.29546546936035,53.23828125,180,200,NVIDIA A100 80GB PCIe
google/gemma-3-27b-it,Gemma 3 27B,BF16,clinical_astra_b04_007,no_rag,51.2945032119751,53.23828125,177,165,NVIDIA A100 80GB PCIe
google/gemma-3-27b-it,Gemma 3 27B,BF16,clinical_astra_b04_007,with_rag,52.06574726104736,53.23828125,1504,140,NVIDIA A100 80GB PCIe
google/gemma-3-27b-it,Gemma 3 27B,BF16,clinical_astra_b04_008,with_rag,52.08442306518555,53.23828125,1532,96,NVIDIA A100 80GB PCIe
google/gemma-3-27b-it,Gemma 3 27B,BF16,clinical_astra_b04_008,no_rag,51.2945032119751,53.23828125,183,103,NVIDIA A100 80GB PCIe
google/gemma-3-27b-it,Gemma 3 27B,BF16,clinical_astra_b04_009,no_rag,51.2945032119751,53.23828125,167,161,NVIDIA A100 80GB PCIe
google/gemma-3-27b-it,Gemma 3 27B,BF16,clinical_astra_b04_009,with_rag,52.26790428161621,53.23828125,1822,99,NVIDIA A100 80GB PCIe
google/gemma-3-27b-it,Gemma 3 27B,BF16,clinical_astra_b04_010,with_rag,52.02104663848877,53.23828125,1437,134,NVIDIA A100 80GB PCIe
google/gemma-3-27b-it,Gemma 3 27B,BF16,clinical_astra_b04_010,no_rag,51.2945032119751,53.23828125,173,151,NVIDIA A100 80GB PCIe
google/gemma-3-27b-it,Gemma 3 27B,BF16,clinical_astra_b04_011,no_rag,51.2945032119751,53.23828125,165,110,NVIDIA A100 80GB PCIe
google/gemma-3-27b-it,Gemma 3 27B,BF16,clinical_astra_b04_011,with_rag,52.31846809387207,53.23828125,1895,116,NVIDIA A100 80GB PCIe
google/gemma-3-27b-it,Gemma 3 27B,BF16,clinical_astra_b04_012,with_rag,52.188575744628906,53.23828125,1699,82,NVIDIA A100 80GB PCIe
google/gemma-3-27b-it,Gemma 3 27B,BF16,clinical_astra_b04_012,no_rag,51.289734840393066,53.23828125,168,100,NVIDIA A100 80GB PCIe
google/gemma-3-27b-it,Gemma 3 27B,BF16,clinical_astra_b04_013,no_rag,51.22035074234009,53.23828125,163,76,NVIDIA A100 80GB PCIe
google/gemma-3-27b-it,Gemma 3 27B,BF16,clinical_astra_b04_013,with_rag,52.30788850784302,53.23828125,1884,92,NVIDIA A100 80GB PCIe
google/gemma-3-27b-it,Gemma 3 27B,BF16,clinical_astra_b04_014,with_rag,52.064735412597656,53.23828125,1501,134,NVIDIA A100 80GB PCIe
google/gemma-3-27b-it,Gemma 3 27B,BF16,clinical_astra_b04_014,no_rag,51.2945032119751,53.23828125,177,130,NVIDIA A100 80GB PCIe
google/gemma-3-27b-it,Gemma 3 27B,BF16,clinical_astra_b04_015,no_rag,51.289734840393066,53.23828125,170,123,NVIDIA A100 80GB PCIe
google/gemma-3-27b-it,Gemma 3 27B,BF16,clinical_astra_b04_015,with_rag,52.21930122375488,53.23828125,1747,108,NVIDIA A100 80GB PCIe
google/gemma-3-27b-it,Gemma 3 27B,BF16,clinical_astra_b04_016,with_rag,52.18049144744873,53.23828125,1681,167,NVIDIA A100 80GB PCIe
google/gemma-3-27b-it,Gemma 3 27B,BF16,clinical_astra_b04_016,no_rag,51.2945032119751,53.23828125,187,130,NVIDIA A100 80GB PCIe
google/gemma-3-27b-it,Gemma 3 27B,BF16,clinical_astra_b04_017,no_rag,51.2945032119751,53.23828125,165,161,NVIDIA A100 80GB PCIe
google/gemma-3-27b-it,Gemma 3 27B,BF16,clinical_astra_b04_017,with_rag,52.188575744628906,53.23828125,1699,128,NVIDIA A100 80GB PCIe
google/gemma-3-27b-it,Gemma 3 27B,BF16,clinical_astra_b04_018,with_rag,52.1328649520874,53.23828125,1610,143,NVIDIA A100 80GB PCIe
google/gemma-3-27b-it,Gemma 3 27B,BF16,clinical_astra_b04_018,no_rag,51.289734840393066,53.23828125,176,158,NVIDIA A100 80GB PCIe
google/gemma-3-27b-it,Gemma 3 27B,BF16,clinical_astra_b04_019,no_rag,51.289734840393066,53.23828125,172,98,NVIDIA A100 80GB PCIe
google/gemma-3-27b-it,Gemma 3 27B,BF16,clinical_astra_b04_019,with_rag,52.06507205963135,53.23828125,1502,142,NVIDIA A100 80GB PCIe
google/gemma-3-27b-it,Gemma 3 27B,BF16,clinical_astra_b04_020,with_rag,52.037962913513184,53.23828125,1464,125,NVIDIA A100 80GB PCIe
google/gemma-3-27b-it,Gemma 3 27B,BF16,clinical_astra_b04_020,no_rag,51.289734840393066,53.23828125,176,155,NVIDIA A100 80GB PCIe
google/gemma-3-27b-it,Gemma 3 27B,BF16,clinical_astra_b05_002,no_rag,51.298465728759766,53.23828125,190,211,NVIDIA A100 80GB PCIe
google/gemma-3-27b-it,Gemma 3 27B,BF16,clinical_astra_b05_002,with_rag,52.11871337890625,53.23828125,1591,184,NVIDIA A100 80GB PCIe
google/gemma-3-27b-it,Gemma 3 27B,BF16,clinical_astra_b05_003,with_rag,52.22098255157471,53.23828125,1750,175,NVIDIA A100 80GB PCIe
google/gemma-3-27b-it,Gemma 3 27B,BF16,clinical_astra_b05_003,no_rag,51.2945032119751,53.23828125,189,136,NVIDIA A100 80GB PCIe
google/gemma-3-27b-it,Gemma 3 27B,BF16,clinical_astra_b05_004,no_rag,51.289734840393066,53.23828125,162,119,NVIDIA A100 80GB PCIe
google/gemma-3-27b-it,Gemma 3 27B,BF16,clinical_astra_b05_004,with_rag,52.17405033111572,53.23828125,1670,116,NVIDIA A100 80GB PCIe
google/gemma-3-27b-it,Gemma 3 27B,BF16,clinical_astra_b05_005,with_rag,52.36811399459839,53.23828125,1969,142,NVIDIA A100 80GB PCIe
google/gemma-3-27b-it,Gemma 3 27B,BF16,clinical_astra_b05_005,no_rag,51.289734840393066,53.23828125,172,166,NVIDIA A100 80GB PCIe
google/gemma-3-27b-it,Gemma 3 27B,BF16,clinical_astra_b05_006,no_rag,51.2945032119751,53.23828125,159,137,NVIDIA A100 80GB PCIe
google/gemma-3-27b-it,Gemma 3 27B,BF16,clinical_astra_b05_006,with_rag,52.28999996185303,53.23828125,1854,98,NVIDIA A100 80GB PCIe
google/gemma-3-27b-it,Gemma 3 27B,BF16,clinical_astra_b05_007,with_rag,52.15440273284912,53.23828125,1624,92,NVIDIA A100 80GB PCIe
google/gemma-3-27b-it,Gemma 3 27B,BF16,clinical_astra_b05_007,no_rag,51.2945032119751,53.23828125,165,127,NVIDIA A100 80GB PCIe
google/gemma-3-27b-it,Gemma 3 27B,BF16,clinical_astra_b05_008,no_rag,51.289734840393066,53.23828125,190,149,NVIDIA A100 80GB PCIe
google/gemma-3-27b-it,Gemma 3 27B,BF16,clinical_astra_b05_008,with_rag,52.04485893249512,53.23828125,1475,121,NVIDIA A100 80GB PCIe
google/gemma-3-27b-it,Gemma 3 27B,BF16,clinical_astra_b05_009,with_rag,52.20300626754761,53.23828125,1717,155,NVIDIA A100 80GB PCIe
google/gemma-3-27b-it,Gemma 3 27B,BF16,clinical_astra_b05_009,no_rag,51.289734840393066,53.23828125,188,166,NVIDIA A100 80GB PCIe
google/gemma-3-27b-it,Gemma 3 27B,BF16,clinical_astra_b05_010,no_rag,51.3115873336792,53.23828125,201,209,NVIDIA A100 80GB PCIe
google/gemma-3-27b-it,Gemma 3 27B,BF16,clinical_astra_b05_010,with_rag,52.129279136657715,53.23828125,1604,139,NVIDIA A100 80GB PCIe
google/gemma-3-27b-it,Gemma 3 27B,BF16,clinical_astra_b05_011,with_rag,52.31580352783203,53.23828125,1889,147,NVIDIA A100 80GB PCIe
google/gemma-3-27b-it,Gemma 3 27B,BF16,clinical_astra_b05_011,no_rag,51.2945032119751,53.23828125,181,126,NVIDIA A100 80GB PCIe
google/gemma-3-27b-it,Gemma 3 27B,BF16,clinical_astra_b05_012,no_rag,51.289734840393066,53.23828125,180,167,NVIDIA A100 80GB PCIe
google/gemma-3-27b-it,Gemma 3 27B,BF16,clinical_astra_b05_012,with_rag,52.26336479187012,53.23828125,1816,144,NVIDIA A100 80GB PCIe
google/gemma-3-27b-it,Gemma 3 27B,BF16,clinical_astra_b05_013,with_rag,52.18213653564453,53.23828125,1685,189,NVIDIA A100 80GB PCIe
google/gemma-3-27b-it,Gemma 3 27B,BF16,clinical_astra_b05_013,no_rag,51.2945032119751,53.23828125,177,144,NVIDIA A100 80GB PCIe
google/gemma-3-27b-it,Gemma 3 27B,BF16,clinical_astra_b05_014,no_rag,51.289734840393066,53.23828125,164,133,NVIDIA A100 80GB PCIe
google/gemma-3-27b-it,Gemma 3 27B,BF16,clinical_astra_b05_014,with_rag,52.08057975769043,53.23828125,1524,98,NVIDIA A100 80GB PCIe
google/gemma-3-27b-it,Gemma 3 27B,BF16,clinical_astra_b05_015,with_rag,52.08722257614136,53.23828125,1539,103,NVIDIA A100 80GB PCIe
google/gemma-3-27b-it,Gemma 3 27B,BF16,clinical_astra_b05_015,no_rag,51.289734840393066,53.23828125,162,143,NVIDIA A100 80GB PCIe
google/gemma-3-27b-it,Gemma 3 27B,BF16,clinical_astra_b05_016,no_rag,51.22035074234009,53.23828125,155,84,NVIDIA A100 80GB PCIe
google/gemma-3-27b-it,Gemma 3 27B,BF16,clinical_astra_b05_016,with_rag,52.162686824798584,53.23828125,1651,89,NVIDIA A100 80GB PCIe
google/gemma-3-27b-it,Gemma 3 27B,BF16,clinical_astra_b05_017,with_rag,52.13601493835449,53.23828125,1615,114,NVIDIA A100 80GB PCIe
google/gemma-3-27b-it,Gemma 3 27B,BF16,clinical_astra_b05_017,no_rag,51.2945032119751,53.23828125,185,122,NVIDIA A100 80GB PCIe
google/gemma-3-27b-it,Gemma 3 27B,BF16,clinical_astra_b05_018,no_rag,51.289734840393066,53.23828125,166,134,NVIDIA A100 80GB PCIe
google/gemma-3-27b-it,Gemma 3 27B,BF16,clinical_astra_b05_018,with_rag,52.04736518859863,53.23828125,1479,158,NVIDIA A100 80GB PCIe
google/gemma-3-27b-it,Gemma 3 27B,BF16,clinical_astra_b05_019,with_rag,52.34116268157959,53.23828125,1937,79,NVIDIA A100 80GB PCIe
google/gemma-3-27b-it,Gemma 3 27B,BF16,clinical_astra_b05_019,no_rag,51.289734840393066,53.23828125,160,111,NVIDIA A100 80GB PCIe
google/gemma-3-27b-it,Gemma 3 27B,BF16,clinical_astra_b05_020,no_rag,51.2945032119751,53.23828125,187,100,NVIDIA A100 80GB PCIe
google/gemma-3-27b-it,Gemma 3 27B,BF16,clinical_astra_b05_020,with_rag,52.03420352935791,53.23828125,1458,125,NVIDIA A100 80GB PCIe
google/gemma-3-27b-it,Gemma 3 27B,BF16,clinical_astra_b06_002,with_rag,52.44439888000488,53.23828125,2099,142,NVIDIA A100 80GB PCIe
google/gemma-3-27b-it,Gemma 3 27B,BF16,clinical_astra_b06_002,no_rag,51.289734840393066,53.23828125,184,191,NVIDIA A100 80GB PCIe
google/gemma-3-27b-it,Gemma 3 27B,BF16,clinical_astra_b06_003,no_rag,51.2945032119751,53.23828125,179,181,NVIDIA A100 80GB PCIe
google/gemma-3-27b-it,Gemma 3 27B,BF16,clinical_astra_b06_003,with_rag,52.05841636657715,53.23828125,1486,144,NVIDIA A100 80GB PCIe
google/gemma-3-27b-it,Gemma 3 27B,BF16,clinical_astra_b06_004,with_rag,52.08057975769043,53.23828125,1524,137,NVIDIA A100 80GB PCIe
google/gemma-3-27b-it,Gemma 3 27B,BF16,clinical_astra_b06_004,no_rag,51.2945032119751,53.23828125,183,143,NVIDIA A100 80GB PCIe
google/gemma-3-27b-it,Gemma 3 27B,BF16,clinical_astra_b06_005,no_rag,51.289734840393066,53.23828125,172,141,NVIDIA A100 80GB PCIe
google/gemma-3-27b-it,Gemma 3 27B,BF16,clinical_astra_b06_005,with_rag,52.17884588241577,53.23828125,1677,87,NVIDIA A100 80GB PCIe
google/gemma-3-27b-it,Gemma 3 27B,BF16,clinical_astra_b06_006,with_rag,52.12492752075195,53.23828125,1598,96,NVIDIA A100 80GB PCIe
google/gemma-3-27b-it,Gemma 3 27B,BF16,clinical_astra_b06_006,no_rag,51.2945032119751,53.23828125,177,135,NVIDIA A100 80GB PCIe
google/gemma-3-27b-it,Gemma 3 27B,BF16,clinical_astra_b06_007,no_rag,51.289734840393066,53.23828125,192,168,NVIDIA A100 80GB PCIe
google/gemma-3-27b-it,Gemma 3 27B,BF16,clinical_astra_b06_007,with_rag,52.162150382995605,53.23828125,1650,165,NVIDIA A100 80GB PCIe
google/gemma-3-27b-it,Gemma 3 27B,BF16,clinical_astra_b06_008,with_rag,52.23336219787598,53.23828125,1770,165,NVIDIA A100 80GB PCIe
google/gemma-3-27b-it,Gemma 3 27B,BF16,clinical_astra_b06_008,no_rag,51.289734840393066,53.23828125,180,160,NVIDIA A100 80GB PCIe
google/gemma-3-27b-it,Gemma 3 27B,BF16,clinical_astra_b06_009,no_rag,51.2945032119751,53.23828125,181,169,NVIDIA A100 80GB PCIe
google/gemma-3-27b-it,Gemma 3 27B,BF16,clinical_astra_b06_009,with_rag,52.1097526550293,53.23828125,1577,98,NVIDIA A100 80GB PCIe
google/gemma-3-27b-it,Gemma 3 27B,BF16,clinical_astra_b06_010,with_rag,52.33927822113037,53.23828125,1934,149,NVIDIA A100 80GB PCIe
google/gemma-3-27b-it,Gemma 3 27B,BF16,clinical_astra_b06_010,no_rag,51.2945032119751,53.23828125,181,112,NVIDIA A100 80GB PCIe
google/gemma-3-27b-it,Gemma 3 27B,BF16,clinical_astra_b06_011,no_rag,51.29450511932373,53.23828125,197,143,NVIDIA A100 80GB PCIe
google/gemma-3-27b-it,Gemma 3 27B,BF16,clinical_astra_b06_011,with_rag,52.17013645172119,53.23828125,1658,112,NVIDIA A100 80GB PCIe
google/gemma-3-27b-it,Gemma 3 27B,BF16,clinical_astra_b06_012,with_rag,52.16866064071655,53.23828125,1656,150,NVIDIA A100 80GB PCIe
google/gemma-3-27b-it,Gemma 3 27B,BF16,clinical_astra_b06_012,no_rag,51.29450511932373,53.23828125,195,168,NVIDIA A100 80GB PCIe
google/gemma-3-27b-it,Gemma 3 27B,BF16,clinical_astra_b06_013,no_rag,51.2945032119751,53.23828125,177,143,NVIDIA A100 80GB PCIe
google/gemma-3-27b-it,Gemma 3 27B,BF16,clinical_astra_b06_013,with_rag,52.01206398010254,53.23828125,1421,148,NVIDIA A100 80GB PCIe
google/gemma-3-27b-it,Gemma 3 27B,BF16,clinical_astra_b06_014,with_rag,52.49447822570801,53.23828125,2173,162,NVIDIA A100 80GB PCIe
google/gemma-3-27b-it,Gemma 3 27B,BF16,clinical_astra_b06_014,no_rag,51.289734840393066,53.23828125,172,167,NVIDIA A100 80GB PCIe
google/gemma-3-27b-it,Gemma 3 27B,BF16,clinical_astra_b06_015,no_rag,51.289734840393066,53.23828125,178,143,NVIDIA A100 80GB PCIe
google/gemma-3-27b-it,Gemma 3 27B,BF16,clinical_astra_b06_015,with_rag,52.077664375305176,53.23828125,1520,110,NVIDIA A100 80GB PCIe
google/gemma-3-27b-it,Gemma 3 27B,BF16,clinical_astra_b06_016,with_rag,52.258389472961426,53.23828125,1808,163,NVIDIA A100 80GB PCIe
google/gemma-3-27b-it,Gemma 3 27B,BF16,clinical_astra_b06_016,no_rag,51.2945032119751,53.23828125,189,160,NVIDIA A100 80GB PCIe
google/gemma-3-27b-it,Gemma 3 27B,BF16,clinical_astra_b06_017,no_rag,51.2945032119751,53.23828125,191,180,NVIDIA A100 80GB PCIe
google/gemma-3-27b-it,Gemma 3 27B,BF16,clinical_astra_b06_017,with_rag,52.077664375305176,53.23828125,1520,177,NVIDIA A100 80GB PCIe
google/gemma-3-27b-it,Gemma 3 27B,BF16,clinical_astra_b06_018,with_rag,52.05783748626709,53.23828125,1484,208,NVIDIA A100 80GB PCIe
google/gemma-3-27b-it,Gemma 3 27B,BF16,clinical_astra_b06_018,no_rag,51.289734840393066,53.23828125,182,106,NVIDIA A100 80GB PCIe
google/gemma-3-27b-it,Gemma 3 27B,BF16,clinical_astra_b06_019,no_rag,51.289734840393066,53.23828125,174,115,NVIDIA A100 80GB PCIe
google/gemma-3-27b-it,Gemma 3 27B,BF16,clinical_astra_b06_019,with_rag,52.25391864776611,53.23828125,1800,117,NVIDIA A100 80GB PCIe
google/gemma-3-27b-it,Gemma 3 27B,BF16,clinical_astra_b06_020,with_rag,52.34336471557617,53.23828125,1939,138,NVIDIA A100 80GB PCIe
google/gemma-3-27b-it,Gemma 3 27B,BF16,clinical_astra_b06_020,no_rag,51.2945032119751,53.23828125,185,171,NVIDIA A100 80GB PCIe
Qwen/Qwen3.8-27B,Qwen 3.8 27B,NF4,clinical_astra_b01_001,no_rag,17.051376819610596,17.296875,196,85,NVIDIA A100-SXM4-40GB
Qwen/Qwen3.8-27B,Qwen 3.8 27B,NF4,clinical_astra_b01_001,with_rag,17.57337713241577,17.7890625,1742,128,NVIDIA A100-SXM4-40GB
Qwen/Qwen3.8-27B,Qwen 3.8 27B,NF4,clinical_astra_b02_001,with_rag,17.606467723846436,17.91796875,1823,179,NVIDIA A100-SXM4-40GB
Qwen/Qwen3.8-27B,Qwen 3.8 27B,NF4,clinical_astra_b02_001,no_rag,17.047765254974365,17.919921875,168,168,NVIDIA A100-SXM4-40GB
Qwen/Qwen3.8-27B,Qwen 3.8 27B,NF4,clinical_astra_b03_001,no_rag,17.046353816986084,17.919921875,171,158,NVIDIA A100-SXM4-40GB
Qwen/Qwen3.8-27B,Qwen 3.8 27B,NF4,clinical_astra_b03_001,with_rag,17.43925142288208,17.919921875,1446,199,NVIDIA A100-SXM4-40GB
Qwen/Qwen3.8-27B,Qwen 3.8 27B,NF4,clinical_astra_b04_001,with_rag,17.464770793914795,17.919921875,1527,131,NVIDIA A100-SXM4-40GB
Qwen/Qwen3.8-27B,Qwen 3.8 27B,NF4,clinical_astra_b04_001,no_rag,17.051517486572266,17.921875,188,141,NVIDIA A100-SXM4-40GB
Qwen/Qwen3.8-27B,Qwen 3.8 27B,NF4,clinical_astra_b05_001,no_rag,17.06107473373413,17.935546875,202,234,NVIDIA A100-SXM4-40GB
Qwen/Qwen3.8-27B,Qwen 3.8 27B,NF4,clinical_astra_b05_001,with_rag,17.60377836227417,17.978515625,1844,148,NVIDIA A100-SXM4-40GB
Qwen/Qwen3.8-27B,Qwen 3.8 27B,NF4,clinical_astra_b06_001,with_rag,17.55265235900879,17.978515625,1723,198,NVIDIA A100-SXM4-40GB
Qwen/Qwen3.8-27B,Qwen 3.8 27B,NF4,clinical_astra_b06_001,no_rag,17.052477836608887,17.978515625,186,194,NVIDIA A100-SXM4-40GB
Qwen/Qwen3.8-27B,Qwen 3.8 27B,NF4,clinical_astra_b01_002,no_rag,17.054757118225098,17.978515625,210,192,NVIDIA A100-SXM4-40GB
Qwen/Qwen3.8-27B,Qwen 3.8 27B,NF4,clinical_astra_b01_002,with_rag,17.519089698791504,17.978515625,1604,180,NVIDIA A100-SXM4-40GB
Qwen/Qwen3.8-27B,Qwen 3.8 27B,NF4,clinical_astra_b01_003,with_rag,17.54248285293579,17.978515625,1672,91,NVIDIA A100-SXM4-40GB
Qwen/Qwen3.8-27B,Qwen 3.8 27B,NF4,clinical_astra_b01_003,no_rag,17.04900312423706,17.978515625,174,95,NVIDIA A100-SXM4-40GB
Qwen/Qwen3.8-27B,Qwen 3.8 27B,NF4,clinical_astra_b01_004,no_rag,17.052735805511475,17.978515625,204,182,NVIDIA A100-SXM4-40GB
Qwen/Qwen3.8-27B,Qwen 3.8 27B,NF4,clinical_astra_b01_004,with_rag,17.546454429626465,17.978515625,1693,149,NVIDIA A100-SXM4-40GB
Qwen/Qwen3.8-27B,Qwen 3.8 27B,NF4,clinical_astra_b01_005,with_rag,17.628153324127197,18.234375,1857,211,NVIDIA A100-SXM4-40GB
Qwen/Qwen3.8-27B,Qwen 3.8 27B,NF4,clinical_astra_b01_005,no_rag,17.06107473373413,18.234375,202,200,NVIDIA A100-SXM4-40GB
Qwen/Qwen3.8-27B,Qwen 3.8 27B,NF4,clinical_astra_b01_006,no_rag,17.051198482513428,18.234375,195,170,NVIDIA A100-SXM4-40GB
Qwen/Qwen3.8-27B,Qwen 3.8 27B,NF4,clinical_astra_b01_006,with_rag,17.521724700927734,18.234375,1605,153,NVIDIA A100-SXM4-40GB
Qwen/Qwen3.8-27B,Qwen 3.8 27B,NF4,clinical_astra_b01_007,with_rag,17.581239700317383,18.234375,1754,414,NVIDIA A100-SXM4-40GB
Qwen/Qwen3.8-27B,Qwen 3.8 27B,NF4,clinical_astra_b01_007,no_rag,17.056941032409668,18.236328125,218,428,NVIDIA A100-SXM4-40GB
Qwen/Qwen3.8-27B,Qwen 3.8 27B,NF4,clinical_astra_b01_008,no_rag,17.051089763641357,18.236328125,194,305,NVIDIA A100-SXM4-40GB
Qwen/Qwen3.8-27B,Qwen 3.8 27B,NF4,clinical_astra_b01_008,with_rag,17.46579360961914,18.236328125,1521,174,NVIDIA A100-SXM4-40GB
Qwen/Qwen3.8-27B,Qwen 3.8 27B,NF4,clinical_astra_b01_009,with_rag,17.604403018951416,18.236328125,1797,167,NVIDIA A100-SXM4-40GB
Qwen/Qwen3.8-27B,Qwen 3.8 27B,NF4,clinical_astra_b01_009,no_rag,17.051089763641357,18.236328125,194,148,NVIDIA A100-SXM4-40GB
Qwen/Qwen3.8-27B,Qwen 3.8 27B,NF4,clinical_astra_b01_010,no_rag,17.052929401397705,18.236328125,199,133,NVIDIA A100-SXM4-40GB
Qwen/Qwen3.8-27B,Qwen 3.8 27B,NF4,clinical_astra_b01_010,with_rag,17.48612356185913,18.236328125,1537,155,NVIDIA A100-SXM4-40GB
Qwen/Qwen3.8-27B,Qwen 3.8 27B,NF4,clinical_astra_b01_011,with_rag,17.751896858215332,18.2890625,2239,297,NVIDIA A100-SXM4-40GB
Qwen/Qwen3.8-27B,Qwen 3.8 27B,NF4,clinical_astra_b01_011,no_rag,17.052818775177002,18.2890625,198,188,NVIDIA A100-SXM4-40GB
Qwen/Qwen3.8-27B,Qwen 3.8 27B,NF4,clinical_astra_b01_012,no_rag,17.053356170654297,18.2890625,191,235,NVIDIA A100-SXM4-40GB
Qwen/Qwen3.8-27B,Qwen 3.8 27B,NF4,clinical_astra_b01_012,with_rag,17.464472770690918,18.2890625,1531,220,NVIDIA A100-SXM4-40GB
Qwen/Qwen3.8-27B,Qwen 3.8 27B,NF4,clinical_astra_b01_013,with_rag,17.490228176116943,18.2890625,1562,205,NVIDIA A100-SXM4-40GB
Qwen/Qwen3.8-27B,Qwen 3.8 27B,NF4,clinical_astra_b01_013,no_rag,17.052149295806885,18.2890625,197,143,NVIDIA A100-SXM4-40GB
Qwen/Qwen3.8-27B,Qwen 3.8 27B,NF4,clinical_astra_b01_014,no_rag,17.04891014099121,18.2890625,177,151,NVIDIA A100-SXM4-40GB
Qwen/Qwen3.8-27B,Qwen 3.8 27B,NF4,clinical_astra_b01_014,with_rag,17.465449810028076,18.2890625,1511,249,NVIDIA A100-SXM4-40GB
Qwen/Qwen3.8-27B,Qwen 3.8 27B,NF4,clinical_astra_b01_015,with_rag,17.57769536972046,18.2890625,1758,124,NVIDIA A100-SXM4-40GB
Qwen/Qwen3.8-27B,Qwen 3.8 27B,NF4,clinical_astra_b01_015,no_rag,17.050029754638672,18.2890625,181,206,NVIDIA A100-SXM4-40GB
Qwen/Qwen3.8-27B,Qwen 3.8 27B,NF4,clinical_astra_b01_016,no_rag,17.049668312072754,18.2890625,179,406,NVIDIA A100-SXM4-40GB
Qwen/Qwen3.8-27B,Qwen 3.8 27B,NF4,clinical_astra_b01_016,with_rag,17.57585906982422,18.2890625,1739,335,NVIDIA A100-SXM4-40GB
Qwen/Qwen3.8-27B,Qwen 3.8 27B,NF4,clinical_astra_b01_017,with_rag,17.543002605438232,18.2890625,1679,181,NVIDIA A100-SXM4-40GB
Qwen/Qwen3.8-27B,Qwen 3.8 27B,NF4,clinical_astra_b01_017,no_rag,17.051198482513428,18.2890625,195,92,NVIDIA A100-SXM4-40GB
Qwen/Qwen3.8-27B,Qwen 3.8 27B,NF4,clinical_astra_b01_018,no_rag,17.04836368560791,18.2890625,178,144,NVIDIA A100-SXM4-40GB
Qwen/Qwen3.8-27B,Qwen 3.8 27B,NF4,clinical_astra_b01_018,with_rag,17.465057849884033,18.2890625,1519,135,NVIDIA A100-SXM4-40GB
Qwen/Qwen3.8-27B,Qwen 3.8 27B,NF4,clinical_astra_b01_019,with_rag,17.523908138275146,18.2890625,1645,307,NVIDIA A100-SXM4-40GB
Qwen/Qwen3.8-27B,Qwen 3.8 27B,NF4,clinical_astra_b01_019,no_rag,17.056604385375977,18.2890625,183,168,NVIDIA A100-SXM4-40GB
Qwen/Qwen3.8-27B,Qwen 3.8 27B,NF4,clinical_astra_b01_020,no_rag,17.052477836608887,18.2890625,186,165,NVIDIA A100-SXM4-40GB
Qwen/Qwen3.8-27B,Qwen 3.8 27B,NF4,clinical_astra_b01_020,with_rag,17.641988277435303,18.2890625,1915,176,NVIDIA A100-SXM4-40GB
Qwen/Qwen3.8-27B,Qwen 3.8 27B,NF4,clinical_astra_b02_002,with_rag,17.524426460266113,18.2890625,1630,168,NVIDIA A100-SXM4-40GB
Qwen/Qwen3.8-27B,Qwen 3.8 27B,NF4,clinical_astra_b02_002,no_rag,17.048771381378174,18.2890625,164,145,NVIDIA A100-SXM4-40GB
Qwen/Qwen3.8-27B,Qwen 3.8 27B,NF4,clinical_astra_b02_003,no_rag,17.048481464385986,18.2890625,169,170,NVIDIA A100-SXM4-40GB
Qwen/Qwen3.8-27B,Qwen 3.8 27B,NF4,clinical_astra_b02_003,with_rag,17.543227195739746,18.2890625,1681,304,NVIDIA A100-SXM4-40GB
Qwen/Qwen3.8-27B,Qwen 3.8 27B,NF4,clinical_astra_b02_004,with_rag,17.648754596710205,18.2890625,1930,220,NVIDIA A100-SXM4-40GB
Qwen/Qwen3.8-27B,Qwen 3.8 27B,NF4,clinical_astra_b02_004,no_rag,17.046711444854736,18.2890625,163,209,NVIDIA A100-SXM4-40GB
Qwen/Qwen3.8-27B,Qwen 3.8 27B,NF4,clinical_astra_b02_005,no_rag,17.047765254974365,18.2890625,168,226,NVIDIA A100-SXM4-40GB
Qwen/Qwen3.8-27B,Qwen 3.8 27B,NF4,clinical_astra_b02_005,with_rag,17.524209022521973,18.2890625,1662,403,NVIDIA A100-SXM4-40GB
Qwen/Qwen3.8-27B,Qwen 3.8 27B,NF4,clinical_astra_b02_006,with_rag,17.61023187637329,18.2890625,1848,347,NVIDIA A100-SXM4-40GB
Qwen/Qwen3.8-27B,Qwen 3.8 27B,NF4,clinical_astra_b02_006,no_rag,17.046711444854736,18.2890625,163,255,NVIDIA A100-SXM4-40GB
Qwen/Qwen3.8-27B,Qwen 3.8 27B,NF4,clinical_astra_b02_007,no_rag,17.046552181243896,18.2890625,166,366,NVIDIA A100-SXM4-40GB
Qwen/Qwen3.8-27B,Qwen 3.8 27B,NF4,clinical_astra_b02_007,with_rag,17.57444477081299,18.2890625,1730,122,NVIDIA A100-SXM4-40GB
Qwen/Qwen3.8-27B,Qwen 3.8 27B,NF4,clinical_astra_b02_008,with_rag,17.58904504776001,18.2890625,1792,141,NVIDIA A100-SXM4-40GB
Qwen/Qwen3.8-27B,Qwen 3.8 27B,NF4,clinical_astra_b02_008,no_rag,17.046552181243896,18.2890625,166,141,NVIDIA A100-SXM4-40GB
Qwen/Qwen3.8-27B,Qwen 3.8 27B,NF4,clinical_astra_b02_009,no_rag,17.04908037185669,18.2890625,173,208,NVIDIA A100-SXM4-40GB
Qwen/Qwen3.8-27B,Qwen 3.8 27B,NF4,clinical_astra_b02_009,with_rag,17.54466485977173,18.2890625,1686,213,NVIDIA A100-SXM4-40GB
Qwen/Qwen3.8-27B,Qwen 3.8 27B,NF4,clinical_astra_b02_010,with_rag,17.577359199523926,18.2890625,1746,203,NVIDIA A100-SXM4-40GB
Qwen/Qwen3.8-27B,Qwen 3.8 27B,NF4,clinical_astra_b02_010,no_rag,17.050029754638672,18.2890625,181,237,NVIDIA A100-SXM4-40GB
Qwen/Qwen3.8-27B,Qwen 3.8 27B,NF4,clinical_astra_b02_011,no_rag,17.046133518218994,18.2890625,170,168,NVIDIA A100-SXM4-40GB
Qwen/Qwen3.8-27B,Qwen 3.8 27B,NF4,clinical_astra_b02_011,with_rag,17.463965892791748,18.2890625,1478,209,NVIDIA A100-SXM4-40GB
Qwen/Qwen3.8-27B,Qwen 3.8 27B,NF4,clinical_astra_b02_012,with_rag,17.46240234375,18.2890625,1489,228,NVIDIA A100-SXM4-40GB
Qwen/Qwen3.8-27B,Qwen 3.8 27B,NF4,clinical_astra_b02_012,no_rag,17.046353816986084,18.2890625,171,183,NVIDIA A100-SXM4-40GB
Qwen/Qwen3.8-27B,Qwen 3.8 27B,NF4,clinical_astra_b02_013,no_rag,17.047765254974365,18.2890625,168,374,NVIDIA A100-SXM4-40GB
Qwen/Qwen3.8-27B,Qwen 3.8 27B,NF4,clinical_astra_b02_013,with_rag,17.631619930267334,18.2890625,1884,161,NVIDIA A100-SXM4-40GB
Qwen/Qwen3.8-27B,Qwen 3.8 27B,NF4,clinical_astra_b02_014,with_rag,17.54843044281006,18.2890625,1709,136,NVIDIA A100-SXM4-40GB
Qwen/Qwen3.8-27B,Qwen 3.8 27B,NF4,clinical_astra_b02_014,no_rag,17.046133518218994,18.2890625,170,236,NVIDIA A100-SXM4-40GB
Qwen/Qwen3.8-27B,Qwen 3.8 27B,NF4,clinical_astra_b02_015,no_rag,17.04908037185669,18.2890625,173,232,NVIDIA A100-SXM4-40GB
Qwen/Qwen3.8-27B,Qwen 3.8 27B,NF4,clinical_astra_b02_015,with_rag,17.578988552093506,18.2890625,1767,394,NVIDIA A100-SXM4-40GB
Qwen/Qwen3.8-27B,Qwen 3.8 27B,NF4,clinical_astra_b02_016,with_rag,17.523048400878906,18.2890625,1623,284,NVIDIA A100-SXM4-40GB
Qwen/Qwen3.8-27B,Qwen 3.8 27B,NF4,clinical_astra_b02_016,no_rag,17.049668312072754,18.2890625,179,222,NVIDIA A100-SXM4-40GB
Qwen/Qwen3.8-27B,Qwen 3.8 27B,NF4,clinical_astra_b02_017,no_rag,17.049668312072754,18.2890625,179,126,NVIDIA A100-SXM4-40GB
Qwen/Qwen3.8-27B,Qwen 3.8 27B,NF4,clinical_astra_b02_017,with_rag,17.46525478363037,18.2890625,1515,248,NVIDIA A100-SXM4-40GB
Qwen/Qwen3.8-27B,Qwen 3.8 27B,NF4,clinical_astra_b02_018,with_rag,17.523414134979248,18.2890625,1628,292,NVIDIA A100-SXM4-40GB
Qwen/Qwen3.8-27B,Qwen 3.8 27B,NF4,clinical_astra_b02_018,no_rag,17.047872066497803,18.2890625,175,249,NVIDIA A100-SXM4-40GB
Qwen/Qwen3.8-27B,Qwen 3.8 27B,NF4,clinical_astra_b02_019,no_rag,17.048401355743408,18.2890625,165,266,NVIDIA A100-SXM4-40GB
Qwen/Qwen3.8-27B,Qwen 3.8 27B,NF4,clinical_astra_b02_019,with_rag,17.490548610687256,18.2890625,1565,206,NVIDIA A100-SXM4-40GB
Qwen/Qwen3.8-27B,Qwen 3.8 27B,NF4,clinical_astra_b02_020,with_rag,17.543113231658936,18.2890625,1680,168,NVIDIA A100-SXM4-40GB
Qwen/Qwen3.8-27B,Qwen 3.8 27B,NF4,clinical_astra_b02_020,no_rag,17.052477836608887,18.2890625,186,170,NVIDIA A100-SXM4-40GB
Qwen/Qwen3.8-27B,Qwen 3.8 27B,NF4,clinical_astra_b03_002,no_rag,17.051962852478027,18.2890625,189,267,NVIDIA A100-SXM4-40GB
Qwen/Qwen3.8-27B,Qwen 3.8 27B,NF4,clinical_astra_b03_002,with_rag,17.523048400878906,18.2890625,1623,399,NVIDIA A100-SXM4-40GB
Qwen/Qwen3.8-27B,Qwen 3.8 27B,NF4,clinical_astra_b03_003,with_rag,17.662775993347168,18.2890625,1955,265,NVIDIA A100-SXM4-40GB
Qwen/Qwen3.8-27B,Qwen 3.8 27B,NF4,clinical_astra_b03_003,no_rag,17.055846214294434,18.2890625,211,302,NVIDIA A100-SXM4-40GB
Qwen/Qwen3.8-27B,Qwen 3.8 27B,NF4,clinical_astra_b03_004,no_rag,17.05811882019043,18.2890625,182,152,NVIDIA A100-SXM4-40GB
Qwen/Qwen3.8-27B,Qwen 3.8 27B,NF4,clinical_astra_b03_004,with_rag,17.552669048309326,18.2890625,1728,273,NVIDIA A100-SXM4-40GB
Qwen/Qwen3.8-27B,Qwen 3.8 27B,NF4,clinical_astra_b03_005,with_rag,17.493685722351074,18.2890625,1584,422,NVIDIA A100-SXM4-40GB
Qwen/Qwen3.8-27B,Qwen 3.8 27B,NF4,clinical_astra_b03_005,no_rag,17.051788806915283,18.2890625,200,226,NVIDIA A100-SXM4-40GB
Qwen/Qwen3.8-27B,Qwen 3.8 27B,NF4,clinical_astra_b03_006,no_rag,17.04891014099121,18.2890625,177,131,NVIDIA A100-SXM4-40GB
Qwen/Qwen3.8-27B,Qwen 3.8 27B,NF4,clinical_astra_b03_006,with_rag,17.519532203674316,18.2890625,1616,174,NVIDIA A100-SXM4-40GB
Qwen/Qwen3.8-27B,Qwen 3.8 27B,NF4,clinical_astra_b03_007,with_rag,17.523414134979248,18.2890625,1628,350,NVIDIA A100-SXM4-40GB
Qwen/Qwen3.8-27B,Qwen 3.8 27B,NF4,clinical_astra_b03_007,no_rag,17.052338123321533,18.2890625,196,198,NVIDIA A100-SXM4-40GB
Qwen/Qwen3.8-27B,Qwen 3.8 27B,NF4,clinical_astra_b03_008,no_rag,17.048481464385986,18.2890625,169,159,NVIDIA A100-SXM4-40GB
Qwen/Qwen3.8-27B,Qwen 3.8 27B,NF4,clinical_astra_b03_008,with_rag,17.465449810028076,18.2890625,1511,177,NVIDIA A100-SXM4-40GB
Qwen/Qwen3.8-27B,Qwen 3.8 27B,NF4,clinical_astra_b03_009,with_rag,17.432920932769775,18.2890625,1414,181,NVIDIA A100-SXM4-40GB
Qwen/Qwen3.8-27B,Qwen 3.8 27B,NF4,clinical_astra_b03_009,no_rag,17.046133518218994,18.2890625,170,130,NVIDIA A100-SXM4-40GB
Qwen/Qwen3.8-27B,Qwen 3.8 27B,NF4,clinical_astra_b03_010,no_rag,17.04836368560791,18.2890625,178,254,NVIDIA A100-SXM4-40GB
Qwen/Qwen3.8-27B,Qwen 3.8 27B,NF4,clinical_astra_b03_010,with_rag,17.490654945373535,18.2890625,1566,381,NVIDIA A100-SXM4-40GB
Qwen/Qwen3.8-27B,Qwen 3.8 27B,NF4,clinical_astra_b03_011,with_rag,17.52264976501465,18.2890625,1638,153,NVIDIA A100-SXM4-40GB
Qwen/Qwen3.8-27B,Qwen 3.8 27B,NF4,clinical_astra_b03_011,no_rag,17.04900312423706,18.2890625,174,181,NVIDIA A100-SXM4-40GB
Qwen/Qwen3.8-27B,Qwen 3.8 27B,NF4,clinical_astra_b03_012,no_rag,17.047872066497803,18.2890625,175,178,NVIDIA A100-SXM4-40GB
Qwen/Qwen3.8-27B,Qwen 3.8 27B,NF4,clinical_astra_b03_012,with_rag,17.519932746887207,18.2890625,1620,180,NVIDIA A100-SXM4-40GB
Qwen/Qwen3.8-27B,Qwen 3.8 27B,NF4,clinical_astra_b03_013,with_rag,17.523879528045654,18.2890625,1642,127,NVIDIA A100-SXM4-40GB
Qwen/Qwen3.8-27B,Qwen 3.8 27B,NF4,clinical_astra_b03_013,no_rag,17.04908037185669,18.2890625,173,134,NVIDIA A100-SXM4-40GB
Qwen/Qwen3.8-27B,Qwen 3.8 27B,NF4,clinical_astra_b03_014,no_rag,17.05811882019043,18.2890625,182,207,NVIDIA A100-SXM4-40GB
Qwen/Qwen3.8-27B,Qwen 3.8 27B,NF4,clinical_astra_b03_014,with_rag,17.54266929626465,18.2890625,1676,220,NVIDIA A100-SXM4-40GB
Qwen/Qwen3.8-27B,Qwen 3.8 27B,NF4,clinical_astra_b03_015,with_rag,17.54617691040039,18.2890625,1690,300,NVIDIA A100-SXM4-40GB
Qwen/Qwen3.8-27B,Qwen 3.8 27B,NF4,clinical_astra_b03_015,no_rag,17.052149295806885,18.2890625,197,249,NVIDIA A100-SXM4-40GB
Qwen/Qwen3.8-27B,Qwen 3.8 27B,NF4,clinical_astra_b03_016,no_rag,17.051517486572266,18.2890625,188,106,NVIDIA A100-SXM4-40GB
Qwen/Qwen3.8-27B,Qwen 3.8 27B,NF4,clinical_astra_b03_016,with_rag,17.54237985610962,18.2890625,1670,264,NVIDIA A100-SXM4-40GB
Qwen/Qwen3.8-27B,Qwen 3.8 27B,NF4,clinical_astra_b03_017,with_rag,17.60374402999878,18.2890625,1796,142,NVIDIA A100-SXM4-40GB
Qwen/Qwen3.8-27B,Qwen 3.8 27B,NF4,clinical_astra_b03_017,no_rag,17.051962852478027,18.2890625,189,126,NVIDIA A100-SXM4-40GB
Qwen/Qwen3.8-27B,Qwen 3.8 27B,NF4,clinical_astra_b03_018,no_rag,17.051089763641357,18.2890625,194,150,NVIDIA A100-SXM4-40GB
Qwen/Qwen3.8-27B,Qwen 3.8 27B,NF4,clinical_astra_b03_018,with_rag,17.576722145080566,18.2890625,1745,179,NVIDIA A100-SXM4-40GB
Qwen/Qwen3.8-27B,Qwen 3.8 27B,NF4,clinical_astra_b03_019,with_rag,17.544302940368652,18.2890625,1682,281,NVIDIA A100-SXM4-40GB
Qwen/Qwen3.8-27B,Qwen 3.8 27B,NF4,clinical_astra_b03_019,no_rag,17.051962852478027,18.2890625,189,245,NVIDIA A100-SXM4-40GB
Qwen/Qwen3.8-27B,Qwen 3.8 27B,NF4,clinical_astra_b03_020,no_rag,17.05429172515869,18.2890625,190,256,NVIDIA A100-SXM4-40GB
Qwen/Qwen3.8-27B,Qwen 3.8 27B,NF4,clinical_astra_b03_020,with_rag,17.438844680786133,18.2890625,1453,293,NVIDIA A100-SXM4-40GB
Qwen/Qwen3.8-27B,Qwen 3.8 27B,NF4,clinical_astra_b04_002,with_rag,17.550910472869873,18.2890625,1717,153,NVIDIA A100-SXM4-40GB
Qwen/Qwen3.8-27B,Qwen 3.8 27B,NF4,clinical_astra_b04_002,no_rag,17.052929401397705,18.2890625,199,104,NVIDIA A100-SXM4-40GB
Qwen/Qwen3.8-27B,Qwen 3.8 27B,NF4,clinical_astra_b04_003,no_rag,17.048361778259277,18.2890625,185,189,NVIDIA A100-SXM4-40GB
Qwen/Qwen3.8-27B,Qwen 3.8 27B,NF4,clinical_astra_b04_003,with_rag,17.685693740844727,18.2890625,1998,282,NVIDIA A100-SXM4-40GB
Qwen/Qwen3.8-27B,Qwen 3.8 27B,NF4,clinical_astra_b04_004,with_rag,17.493730545043945,18.2890625,1592,94,NVIDIA A100-SXM4-40GB
Qwen/Qwen3.8-27B,Qwen 3.8 27B,NF4,clinical_astra_b04_004,no_rag,17.04836368560791,18.2890625,178,97,NVIDIA A100-SXM4-40GB
Qwen/Qwen3.8-27B,Qwen 3.8 27B,NF4,clinical_astra_b04_005,no_rag,17.053546905517578,18.2890625,187,464,NVIDIA A100-SXM4-40GB
Qwen/Qwen3.8-27B,Qwen 3.8 27B,NF4,clinical_astra_b04_005,with_rag,17.575544357299805,18.2890625,1737,259,NVIDIA A100-SXM4-40GB
Qwen/Qwen3.8-27B,Qwen 3.8 27B,NF4,clinical_astra_b04_006,with_rag,17.57444477081299,18.2890625,1730,190,NVIDIA A100-SXM4-40GB
Qwen/Qwen3.8-27B,Qwen 3.8 27B,NF4,clinical_astra_b04_006,no_rag,17.052477836608887,18.2890625,186,203,NVIDIA A100-SXM4-40GB
Qwen/Qwen3.8-27B,Qwen 3.8 27B,NF4,clinical_astra_b04_007,no_rag,17.051517486572266,18.2890625,188,148,NVIDIA A100-SXM4-40GB
Qwen/Qwen3.8-27B,Qwen 3.8 27B,NF4,clinical_astra_b04_007,with_rag,17.48715829849243,18.2890625,1545,236,NVIDIA A100-SXM4-40GB
Qwen/Qwen3.8-27B,Qwen 3.8 27B,NF4,clinical_astra_b04_008,with_rag,17.52101230621338,18.2890625,1604,174,NVIDIA A100-SXM4-40GB
Qwen/Qwen3.8-27B,Qwen 3.8 27B,NF4,clinical_astra_b04_008,no_rag,17.051198482513428,18.2890625,195,145,NVIDIA A100-SXM4-40GB
Qwen/Qwen3.8-27B,Qwen 3.8 27B,NF4,clinical_astra_b04_009,no_rag,17.046353816986084,18.2890625,171,150,NVIDIA A100-SXM4-40GB
Qwen/Qwen3.8-27B,Qwen 3.8 27B,NF4,clinical_astra_b04_009,with_rag,17.628203868865967,18.2890625,1866,310,NVIDIA A100-SXM4-40GB
Qwen/Qwen3.8-27B,Qwen 3.8 27B,NF4,clinical_astra_b04_010,with_rag,17.439393520355225,18.2890625,1462,261,NVIDIA A100-SXM4-40GB
Qwen/Qwen3.8-27B,Qwen 3.8 27B,NF4,clinical_astra_b04_010,no_rag,17.04836368560791,18.2890625,178,266,NVIDIA A100-SXM4-40GB
Qwen/Qwen3.8-27B,Qwen 3.8 27B,NF4,clinical_astra_b04_011,no_rag,17.046133518218994,18.2890625,170,133,NVIDIA A100-SXM4-40GB
Qwen/Qwen3.8-27B,Qwen 3.8 27B,NF4,clinical_astra_b04_011,with_rag,17.647926330566406,18.2890625,1924,168,NVIDIA A100-SXM4-40GB
Qwen/Qwen3.8-27B,Qwen 3.8 27B,NF4,clinical_astra_b04_012,with_rag,17.57630681991577,18.2890625,1742,129,NVIDIA A100-SXM4-40GB
Qwen/Qwen3.8-27B,Qwen 3.8 27B,NF4,clinical_astra_b04_012,no_rag,17.046133518218994,18.2890625,170,122,NVIDIA A100-SXM4-40GB
Qwen/Qwen3.8-27B,Qwen 3.8 27B,NF4,clinical_astra_b04_013,no_rag,17.048481464385986,18.2890625,169,102,NVIDIA A100-SXM4-40GB
Qwen/Qwen3.8-27B,Qwen 3.8 27B,NF4,clinical_astra_b04_013,with_rag,17.648617267608643,18.2890625,1929,185,NVIDIA A100-SXM4-40GB
Qwen/Qwen3.8-27B,Qwen 3.8 27B,NF4,clinical_astra_b04_014,with_rag,17.46452045440674,18.2890625,1530,211,NVIDIA A100-SXM4-40GB
Qwen/Qwen3.8-27B,Qwen 3.8 27B,NF4,clinical_astra_b04_014,no_rag,17.048361778259277,18.2890625,185,231,NVIDIA A100-SXM4-40GB
Qwen/Qwen3.8-27B,Qwen 3.8 27B,NF4,clinical_astra_b04_015,no_rag,17.04908037185669,18.2890625,173,154,NVIDIA A100-SXM4-40GB
Qwen/Qwen3.8-27B,Qwen 3.8 27B,NF4,clinical_astra_b04_015,with_rag,17.584985733032227,18.2890625,1777,260,NVIDIA A100-SXM4-40GB
Qwen/Qwen3.8-27B,Qwen 3.8 27B,NF4,clinical_astra_b04_016,with_rag,17.54829454421997,18.2890625,1703,254,NVIDIA A100-SXM4-40GB
Qwen/Qwen3.8-27B,Qwen 3.8 27B,NF4,clinical_astra_b04_016,no_rag,17.051198482513428,18.2890625,193,234,NVIDIA A100-SXM4-40GB
Qwen/Qwen3.8-27B,Qwen 3.8 27B,NF4,clinical_astra_b04_017,no_rag,17.048481464385986,18.2890625,169,326,NVIDIA A100-SXM4-40GB
Qwen/Qwen3.8-27B,Qwen 3.8 27B,NF4,clinical_astra_b04_017,with_rag,17.550910472869873,18.2890625,1717,152,NVIDIA A100-SXM4-40GB
Qwen/Qwen3.8-27B,Qwen 3.8 27B,NF4,clinical_astra_b04_018,with_rag,17.52426052093506,18.2890625,1646,162,NVIDIA A100-SXM4-40GB
Qwen/Qwen3.8-27B,Qwen 3.8 27B,NF4,clinical_astra_b04_018,no_rag,17.049668312072754,18.2890625,179,145,NVIDIA A100-SXM4-40GB
Qwen/Qwen3.8-27B,Qwen 3.8 27B,NF4,clinical_astra_b04_019,no_rag,17.04891014099121,18.2890625,177,168,NVIDIA A100-SXM4-40GB
Qwen/Qwen3.8-27B,Qwen 3.8 27B,NF4,clinical_astra_b04_019,with_rag,17.46427583694458,18.2890625,1535,207,NVIDIA A100-SXM4-40GB
Qwen/Qwen3.8-27B,Qwen 3.8 27B,NF4,clinical_astra_b04_020,with_rag,17.462206840515137,18.2890625,1484,174,NVIDIA A100-SXM4-40GB
Qwen/Qwen3.8-27B,Qwen 3.8 27B,NF4,clinical_astra_b04_020,no_rag,17.056604385375977,18.2890625,183,122,NVIDIA A100-SXM4-40GB
Qwen/Qwen3.8-27B,Qwen 3.8 27B,NF4,clinical_astra_b05_002,no_rag,17.051198482513428,18.2890625,195,259,NVIDIA A100-SXM4-40GB
Qwen/Qwen3.8-27B,Qwen 3.8 27B,NF4,clinical_astra_b05_002,with_rag,17.524232387542725,18.2890625,1649,203,NVIDIA A100-SXM4-40GB
Qwen/Qwen3.8-27B,Qwen 3.8 27B,NF4,clinical_astra_b05_003,with_rag,17.602102279663086,18.2890625,1804,286,NVIDIA A100-SXM4-40GB
Qwen/Qwen3.8-27B,Qwen 3.8 27B,NF4,clinical_astra_b05_003,no_rag,17.051198482513428,18.2890625,193,244,NVIDIA A100-SXM4-40GB
Qwen/Qwen3.8-27B,Qwen 3.8 27B,NF4,clinical_astra_b05_004,no_rag,17.046552181243896,18.2890625,166,129,NVIDIA A100-SXM4-40GB
Qwen/Qwen3.8-27B,Qwen 3.8 27B,NF4,clinical_astra_b05_004,with_rag,17.574915409088135,18.2890625,1733,115,NVIDIA A100-SXM4-40GB
Qwen/Qwen3.8-27B,Qwen 3.8 27B,NF4,clinical_astra_b05_005,with_rag,17.686349391937256,18.2890625,2018,207,NVIDIA A100-SXM4-40GB
Qwen/Qwen3.8-27B,Qwen 3.8 27B,NF4,clinical_astra_b05_005,no_rag,17.049668312072754,18.2890625,179,154,NVIDIA A100-SXM4-40GB
Qwen/Qwen3.8-27B,Qwen 3.8 27B,NF4,clinical_astra_b05_006,no_rag,17.048771381378174,18.2890625,164,109,NVIDIA A100-SXM4-40GB
Qwen/Qwen3.8-27B,Qwen 3.8 27B,NF4,clinical_astra_b05_006,with_rag,17.635244369506836,18.2890625,1896,140,NVIDIA A100-SXM4-40GB
Qwen/Qwen3.8-27B,Qwen 3.8 27B,NF4,clinical_astra_b05_007,with_rag,17.523879528045654,18.2890625,1642,84,NVIDIA A100-SXM4-40GB
Qwen/Qwen3.8-27B,Qwen 3.8 27B,NF4,clinical_astra_b05_007,no_rag,17.04757261276245,18.2890625,167,114,NVIDIA A100-SXM4-40GB
Qwen/Qwen3.8-27B,Qwen 3.8 27B,NF4,clinical_astra_b05_008,no_rag,17.051198482513428,18.2890625,195,219,NVIDIA A100-SXM4-40GB
Qwen/Qwen3.8-27B,Qwen 3.8 27B,NF4,clinical_astra_b05_008,with_rag,17.465401649475098,18.2890625,1499,189,NVIDIA A100-SXM4-40GB
Qwen/Qwen3.8-27B,Qwen 3.8 27B,NF4,clinical_astra_b05_009,with_rag,17.581058979034424,18.2890625,1752,229,NVIDIA A100-SXM4-40GB
Qwen/Qwen3.8-27B,Qwen 3.8 27B,NF4,clinical_astra_b05_009,no_rag,17.05429172515869,18.2890625,190,189,NVIDIA A100-SXM4-40GB
Qwen/Qwen3.8-27B,Qwen 3.8 27B,NF4,clinical_astra_b05_010,no_rag,17.054423809051514,18.2890625,208,211,NVIDIA A100-SXM4-40GB
Qwen/Qwen3.8-27B,Qwen 3.8 27B,NF4,clinical_astra_b05_010,with_rag,17.524219512939453,18.2890625,1654,308,NVIDIA A100-SXM4-40GB
Qwen/Qwen3.8-27B,Qwen 3.8 27B,NF4,clinical_astra_b05_011,with_rag,17.642401695251465,18.2890625,1918,204,NVIDIA A100-SXM4-40GB
Qwen/Qwen3.8-27B,Qwen 3.8 27B,NF4,clinical_astra_b05_011,no_rag,17.048361778259277,18.2890625,185,260,NVIDIA A100-SXM4-40GB
Qwen/Qwen3.8-27B,Qwen 3.8 27B,NF4,clinical_astra_b05_012,no_rag,17.05429172515869,18.2890625,190,272,NVIDIA A100-SXM4-40GB
Qwen/Qwen3.8-27B,Qwen 3.8 27B,NF4,clinical_astra_b05_012,with_rag,17.63511848449707,18.2890625,1895,235,NVIDIA A100-SXM4-40GB
Qwen/Qwen3.8-27B,Qwen 3.8 27B,NF4,clinical_astra_b05_013,with_rag,17.547643184661865,18.2890625,1699,299,NVIDIA A100-SXM4-40GB
Qwen/Qwen3.8-27B,Qwen 3.8 27B,NF4,clinical_astra_b05_013,no_rag,17.050874710083008,18.2890625,180,185,NVIDIA A100-SXM4-40GB
Qwen/Qwen3.8-27B,Qwen 3.8 27B,NF4,clinical_astra_b05_014,no_rag,17.047765254974365,18.2890625,168,105,NVIDIA A100-SXM4-40GB
Qwen/Qwen3.8-27B,Qwen 3.8 27B,NF4,clinical_astra_b05_014,with_rag,17.4921555519104,18.2890625,1570,127,NVIDIA A100-SXM4-40GB
Qwen/Qwen3.8-27B,Qwen 3.8 27B,NF4,clinical_astra_b05_015,with_rag,17.493468284606934,18.2890625,1582,291,NVIDIA A100-SXM4-40GB
Qwen/Qwen3.8-27B,Qwen 3.8 27B,NF4,clinical_astra_b05_015,no_rag,17.046552181243896,18.2890625,166,134,NVIDIA A100-SXM4-40GB
Qwen/Qwen3.8-27B,Qwen 3.8 27B,NF4,clinical_astra_b05_016,no_rag,17.04684829711914,18.2890625,159,141,NVIDIA A100-SXM4-40GB
Qwen/Qwen3.8-27B,Qwen 3.8 27B,NF4,clinical_astra_b05_016,with_rag,17.5465030670166,18.2890625,1692,158,NVIDIA A100-SXM4-40GB
Qwen/Qwen3.8-27B,Qwen 3.8 27B,NF4,clinical_astra_b05_017,with_rag,17.524426460266113,18.2890625,1631,264,NVIDIA A100-SXM4-40GB
Qwen/Qwen3.8-27B,Qwen 3.8 27B,NF4,clinical_astra_b05_017,no_rag,17.051962852478027,18.2890625,189,140,NVIDIA A100-SXM4-40GB
Qwen/Qwen3.8-27B,Qwen 3.8 27B,NF4,clinical_astra_b05_018,no_rag,17.046133518218994,18.2890625,170,146,NVIDIA A100-SXM4-40GB
Qwen/Qwen3.8-27B,Qwen 3.8 27B,NF4,clinical_astra_b05_018,with_rag,17.464863300323486,18.2890625,1523,140,NVIDIA A100-SXM4-40GB
Qwen/Qwen3.8-27B,Qwen 3.8 27B,NF4,clinical_astra_b05_019,with_rag,17.66266632080078,18.2890625,1966,100,NVIDIA A100-SXM4-40GB
Qwen/Qwen3.8-27B,Qwen 3.8 27B,NF4,clinical_astra_b05_019,no_rag,17.04757261276245,18.2890625,167,133,NVIDIA A100-SXM4-40GB
Qwen/Qwen3.8-27B,Qwen 3.8 27B,NF4,clinical_astra_b05_020,no_rag,17.051962852478027,18.2890625,189,204,NVIDIA A100-SXM4-40GB
Qwen/Qwen3.8-27B,Qwen 3.8 27B,NF4,clinical_astra_b05_020,with_rag,17.462284564971924,18.2890625,1486,234,NVIDIA A100-SXM4-40GB
Qwen/Qwen3.8-27B,Qwen 3.8 27B,NF4,clinical_astra_b06_002,with_rag,17.71666669845581,18.2890625,2117,345,NVIDIA A100-SXM4-40GB
Qwen/Qwen3.8-27B,Qwen 3.8 27B,NF4,clinical_astra_b06_002,no_rag,17.053546905517578,18.2890625,187,129,NVIDIA A100-SXM4-40GB
Qwen/Qwen3.8-27B,Qwen 3.8 27B,NF4,clinical_astra_b06_003,no_rag,17.0519962310791,18.2890625,184,223,NVIDIA A100-SXM4-40GB
Qwen/Qwen3.8-27B,Qwen 3.8 27B,NF4,clinical_astra_b06_003,with_rag,17.488581657409668,18.2890625,1556,296,NVIDIA A100-SXM4-40GB
Qwen/Qwen3.8-27B,Qwen 3.8 27B,NF4,clinical_astra_b06_004,with_rag,17.49401569366455,18.2890625,1587,265,NVIDIA A100-SXM4-40GB
Qwen/Qwen3.8-27B,Qwen 3.8 27B,NF4,clinical_astra_b06_004,no_rag,17.05117416381836,18.2890625,192,353,NVIDIA A100-SXM4-40GB
Qwen/Qwen3.8-27B,Qwen 3.8 27B,NF4,clinical_astra_b06_005,no_rag,17.04836368560791,18.2890625,178,247,NVIDIA A100-SXM4-40GB
Qwen/Qwen3.8-27B,Qwen 3.8 27B,NF4,clinical_astra_b06_005,with_rag,17.55157995223999,18.2890625,1719,258,NVIDIA A100-SXM4-40GB
Qwen/Qwen3.8-27B,Qwen 3.8 27B,NF4,clinical_astra_b06_006,with_rag,17.54253578186035,18.2890625,1673,173,NVIDIA A100-SXM4-40GB
Qwen/Qwen3.8-27B,Qwen 3.8 27B,NF4,clinical_astra_b06_006,no_rag,17.05429172515869,18.2890625,190,132,NVIDIA A100-SXM4-40GB
Qwen/Qwen3.8-27B,Qwen 3.8 27B,NF4,clinical_astra_b06_007,no_rag,17.052338123321533,18.2890625,196,309,NVIDIA A100-SXM4-40GB
Qwen/Qwen3.8-27B,Qwen 3.8 27B,NF4,clinical_astra_b06_007,with_rag,17.548782348632812,18.2890625,1706,364,NVIDIA A100-SXM4-40GB
Qwen/Qwen3.8-27B,Qwen 3.8 27B,NF4,clinical_astra_b06_008,with_rag,17.602766036987305,18.2890625,1836,180,NVIDIA A100-SXM4-40GB
Qwen/Qwen3.8-27B,Qwen 3.8 27B,NF4,clinical_astra_b06_008,no_rag,17.052477836608887,18.2890625,186,281,NVIDIA A100-SXM4-40GB
Qwen/Qwen3.8-27B,Qwen 3.8 27B,NF4,clinical_astra_b06_009,no_rag,17.053546905517578,18.2890625,187,232,NVIDIA A100-SXM4-40GB
Qwen/Qwen3.8-27B,Qwen 3.8 27B,NF4,clinical_astra_b06_009,with_rag,17.523870944976807,18.2890625,1641,185,NVIDIA A100-SXM4-40GB
Qwen/Qwen3.8-27B,Qwen 3.8 27B,NF4,clinical_astra_b06_010,with_rag,17.662448406219482,18.2890625,1961,226,NVIDIA A100-SXM4-40GB
Qwen/Qwen3.8-27B,Qwen 3.8 27B,NF4,clinical_astra_b06_010,no_rag,17.048361778259277,18.2890625,185,249,NVIDIA A100-SXM4-40GB
Qwen/Qwen3.8-27B,Qwen 3.8 27B,NF4,clinical_astra_b06_011,no_rag,17.060903072357178,18.2890625,201,122,NVIDIA A100-SXM4-40GB
Qwen/Qwen3.8-27B,Qwen 3.8 27B,NF4,clinical_astra_b06_011,with_rag,17.55243968963623,18.2890625,1725,150,NVIDIA A100-SXM4-40GB
Qwen/Qwen3.8-27B,Qwen 3.8 27B,NF4,clinical_astra_b06_012,with_rag,17.548766613006592,18.2890625,1711,278,NVIDIA A100-SXM4-40GB
Qwen/Qwen3.8-27B,Qwen 3.8 27B,NF4,clinical_astra_b06_012,no_rag,17.060903072357178,18.2890625,201,285,NVIDIA A100-SXM4-40GB
Qwen/Qwen3.8-27B,Qwen 3.8 27B,NF4,clinical_astra_b06_013,no_rag,17.048361778259277,18.2890625,185,272,NVIDIA A100-SXM4-40GB
Qwen/Qwen3.8-27B,Qwen 3.8 27B,NF4,clinical_astra_b06_013,with_rag,17.4389066696167,18.2890625,1449,298,NVIDIA A100-SXM4-40GB
Qwen/Qwen3.8-27B,Qwen 3.8 27B,NF4,clinical_astra_b06_014,with_rag,17.745866775512695,18.2890625,2197,208,NVIDIA A100-SXM4-40GB
Qwen/Qwen3.8-27B,Qwen 3.8 27B,NF4,clinical_astra_b06_014,no_rag,17.04891014099121,18.2890625,177,257,NVIDIA A100-SXM4-40GB
Qwen/Qwen3.8-27B,Qwen 3.8 27B,NF4,clinical_astra_b06_015,no_rag,17.05811882019043,18.2890625,182,137,NVIDIA A100-SXM4-40GB
Qwen/Qwen3.8-27B,Qwen 3.8 27B,NF4,clinical_astra_b06_015,with_rag,17.487934112548828,18.2890625,1551,168,NVIDIA A100-SXM4-40GB
Qwen/Qwen3.8-27B,Qwen 3.8 27B,NF4,clinical_astra_b06_016,with_rag,17.611266613006592,18.2890625,1854,377,NVIDIA A100-SXM4-40GB
Qwen/Qwen3.8-27B,Qwen 3.8 27B,NF4,clinical_astra_b06_016,no_rag,17.051198482513428,18.2890625,193,173,NVIDIA A100-SXM4-40GB
Qwen/Qwen3.8-27B,Qwen 3.8 27B,NF4,clinical_astra_b06_017,no_rag,17.052338123321533,18.2890625,196,211,NVIDIA A100-SXM4-40GB
Qwen/Qwen3.8-27B,Qwen 3.8 27B,NF4,clinical_astra_b06_017,with_rag,17.465202808380127,18.2890625,1536,175,NVIDIA A100-SXM4-40GB
Qwen/Qwen3.8-27B,Qwen 3.8 27B,NF4,clinical_astra_b06_018,with_rag,17.465057849884033,18.2890625,1519,199,NVIDIA A100-SXM4-40GB
Qwen/Qwen3.8-27B,Qwen 3.8 27B,NF4,clinical_astra_b06_018,no_rag,17.048361778259277,18.2890625,185,157,NVIDIA A100-SXM4-40GB
Qwen/Qwen3.8-27B,Qwen 3.8 27B,NF4,clinical_astra_b06_019,no_rag,17.050029754638672,18.2890625,181,146,NVIDIA A100-SXM4-40GB
Qwen/Qwen3.8-27B,Qwen 3.8 27B,NF4,clinical_astra_b06_019,with_rag,17.632631301879883,18.2890625,1878,155,NVIDIA A100-SXM4-40GB
Qwen/Qwen3.8-27B,Qwen 3.8 27B,NF4,clinical_astra_b06_020,with_rag,17.659647464752197,18.2890625,1981,189,NVIDIA A100-SXM4-40GB
Qwen/Qwen3.8-27B,Qwen 3.8 27B,NF4,clinical_astra_b06_020,no_rag,17.052477836608887,18.291015625,186,331,NVIDIA A100-SXM4-40GB
Qwen/Qwen3.8-27B,Qwen 3.8 27B,BF16,clinical_astra_b01_001,no_rag,51.22405004501343,51.255859375,196,76,A100 80GB SXM4 (Colab) / PCIe (Vast)
Qwen/Qwen3.8-27B,Qwen 3.8 27B,BF16,clinical_astra_b01_001,with_rag,51.84250068664551,52.00390625,1742,131,A100 80GB SXM4 (Colab) / PCIe (Vast)
Qwen/Qwen3.8-27B,Qwen 3.8 27B,BF16,clinical_astra_b02_001,with_rag,51.873966217041016,52.443359375,1823,349,A100 80GB SXM4 (Colab) / PCIe (Vast)
Qwen/Qwen3.8-27B,Qwen 3.8 27B,BF16,clinical_astra_b02_001,no_rag,51.201162815093994,52.45703125,168,226,A100 80GB SXM4 (Colab) / PCIe (Vast)
Qwen/Qwen3.8-27B,Qwen 3.8 27B,BF16,clinical_astra_b03_001,no_rag,51.20842742919922,52.45703125,171,191,A100 80GB SXM4 (Colab) / PCIe (Vast)
Qwen/Qwen3.8-27B,Qwen 3.8 27B,BF16,clinical_astra_b03_001,with_rag,51.70387077331543,52.45703125,1446,208,A100 80GB SXM4 (Colab) / PCIe (Vast)
Qwen/Qwen3.8-27B,Qwen 3.8 27B,BF16,clinical_astra_b04_001,with_rag,51.73203659057617,52.45703125,1527,279,A100 80GB SXM4 (Colab) / PCIe (Vast)
Qwen/Qwen3.8-27B,Qwen 3.8 27B,BF16,clinical_astra_b04_001,no_rag,51.2080135345459,52.45703125,188,323,A100 80GB SXM4 (Colab) / PCIe (Vast)
Qwen/Qwen3.8-27B,Qwen 3.8 27B,BF16,clinical_astra_b05_001,no_rag,51.22469139099121,52.45703125,202,201,A100 80GB SXM4 (Colab) / PCIe (Vast)
Qwen/Qwen3.8-27B,Qwen 3.8 27B,BF16,clinical_astra_b05_001,with_rag,51.87328338623047,52.45703125,1844,204,A100 80GB SXM4 (Colab) / PCIe (Vast)
Qwen/Qwen3.8-27B,Qwen 3.8 27B,BF16,clinical_astra_b06_001,with_rag,51.819420337677,52.45703125,1723,298,A100 80GB SXM4 (Colab) / PCIe (Vast)
Qwen/Qwen3.8-27B,Qwen 3.8 27B,BF16,clinical_astra_b06_001,no_rag,51.20336151123047,52.45703125,186,202,A100 80GB SXM4 (Colab) / PCIe (Vast)
Qwen/Qwen3.8-27B,Qwen 3.8 27B,BF16,clinical_astra_b01_002,no_rag,51.214768409729004,52.45703125,210,264,A100 80GB SXM4 (Colab) / PCIe (Vast)
Qwen/Qwen3.8-27B,Qwen 3.8 27B,BF16,clinical_astra_b01_002,with_rag,51.78159475326538,52.45703125,1604,169,A100 80GB SXM4 (Colab) / PCIe (Vast)
Qwen/Qwen3.8-27B,Qwen 3.8 27B,BF16,clinical_astra_b01_003,with_rag,51.81541728973389,52.45703125,1672,205,A100 80GB SXM4 (Colab) / PCIe (Vast)
Qwen/Qwen3.8-27B,Qwen 3.8 27B,BF16,clinical_astra_b01_003,no_rag,51.20386457443237,52.45703125,174,107,A100 80GB SXM4 (Colab) / PCIe (Vast)
Qwen/Qwen3.8-27B,Qwen 3.8 27B,BF16,clinical_astra_b01_004,no_rag,51.22498321533203,52.45703125,204,147,A100 80GB SXM4 (Colab) / PCIe (Vast)
Qwen/Qwen3.8-27B,Qwen 3.8 27B,BF16,clinical_astra_b01_004,with_rag,51.81684446334839,52.45703125,1693,213,A100 80GB SXM4 (Colab) / PCIe (Vast)
Qwen/Qwen3.8-27B,Qwen 3.8 27B,BF16,clinical_astra_b01_005,with_rag,51.89611625671387,52.63671875,1857,243,A100 80GB SXM4 (Colab) / PCIe (Vast)
Qwen/Qwen3.8-27B,Qwen 3.8 27B,BF16,clinical_astra_b01_005,no_rag,51.22469139099121,52.63671875,202,181,A100 80GB SXM4 (Colab) / PCIe (Vast)
Qwen/Qwen3.8-27B,Qwen 3.8 27B,BF16,clinical_astra_b01_006,no_rag,51.227378368377686,52.63671875,195,134,A100 80GB SXM4 (Colab) / PCIe (Vast)
Qwen/Qwen3.8-27B,Qwen 3.8 27B,BF16,clinical_astra_b01_006,with_rag,51.7816948890686,52.63671875,1605,144,A100 80GB SXM4 (Colab) / PCIe (Vast)
Qwen/Qwen3.8-27B,Qwen 3.8 27B,BF16,clinical_astra_b01_007,with_rag,51.84363031387329,52.63671875,1754,611,A100 80GB SXM4 (Colab) / PCIe (Vast)
Qwen/Qwen3.8-27B,Qwen 3.8 27B,BF16,clinical_astra_b01_007,no_rag,51.21885871887207,52.638671875,218,414,A100 80GB SXM4 (Colab) / PCIe (Vast)
Qwen/Qwen3.8-27B,Qwen 3.8 27B,BF16,clinical_astra_b01_008,no_rag,51.22693347930908,52.638671875,194,165,A100 80GB SXM4 (Colab) / PCIe (Vast)
Qwen/Qwen3.8-27B,Qwen 3.8 27B,BF16,clinical_astra_b01_008,with_rag,51.7318959236145,52.638671875,1521,151,A100 80GB SXM4 (Colab) / PCIe (Vast)
Qwen/Qwen3.8-27B,Qwen 3.8 27B,BF16,clinical_astra_b01_009,with_rag,51.87296962738037,52.638671875,1797,344,A100 80GB SXM4 (Colab) / PCIe (Vast)
Qwen/Qwen3.8-27B,Qwen 3.8 27B,BF16,clinical_astra_b01_009,no_rag,51.22693347930908,52.638671875,194,159,A100 80GB SXM4 (Colab) / PCIe (Vast)
Qwen/Qwen3.8-27B,Qwen 3.8 27B,BF16,clinical_astra_b01_010,no_rag,51.232107639312744,52.638671875,199,145,A100 80GB SXM4 (Colab) / PCIe (Vast)
Qwen/Qwen3.8-27B,Qwen 3.8 27B,BF16,clinical_astra_b01_010,with_rag,51.750521659851074,52.638671875,1537,194,A100 80GB SXM4 (Colab) / PCIe (Vast)
Qwen/Qwen3.8-27B,Qwen 3.8 27B,BF16,clinical_astra_b01_011,with_rag,52.0169882774353,53.072265625,2239,267,A100 80GB SXM4 (Colab) / PCIe (Vast)
Qwen/Qwen3.8-27B,Qwen 3.8 27B,BF16,clinical_astra_b01_011,no_rag,51.231300830841064,53.072265625,198,304,A100 80GB SXM4 (Colab) / PCIe (Vast)
Qwen/Qwen3.8-27B,Qwen 3.8 27B,BF16,clinical_astra_b01_012,no_rag,51.215550899505615,53.072265625,191,227,A100 80GB SXM4 (Colab) / PCIe (Vast)
Qwen/Qwen3.8-27B,Qwen 3.8 27B,BF16,clinical_astra_b01_012,with_rag,51.732131481170654,53.072265625,1531,187,A100 80GB SXM4 (Colab) / PCIe (Vast)
Qwen/Qwen3.8-27B,Qwen 3.8 27B,BF16,clinical_astra_b01_013,with_rag,51.75473403930664,53.072265625,1562,224,A100 80GB SXM4 (Colab) / PCIe (Vast)
Qwen/Qwen3.8-27B,Qwen 3.8 27B,BF16,clinical_astra_b01_013,no_rag,51.23103380203247,53.072265625,197,163,A100 80GB SXM4 (Colab) / PCIe (Vast)
Qwen/Qwen3.8-27B,Qwen 3.8 27B,BF16,clinical_astra_b01_014,no_rag,51.208130836486816,53.072265625,177,150,A100 80GB SXM4 (Colab) / PCIe (Vast)
Qwen/Qwen3.8-27B,Qwen 3.8 27B,BF16,clinical_astra_b01_014,with_rag,51.731658935546875,53.072265625,1511,1024,A100 80GB SXM4 (Colab) / PCIe (Vast)
Qwen/Qwen3.8-27B,Qwen 3.8 27B,BF16,clinical_astra_b01_015,with_rag,51.84400749206543,53.072265625,1758,192,A100 80GB SXM4 (Colab) / PCIe (Vast)
Qwen/Qwen3.8-27B,Qwen 3.8 27B,BF16,clinical_astra_b01_015,no_rag,51.20513200759888,53.072265625,181,206,A100 80GB SXM4 (Colab) / PCIe (Vast)
Qwen/Qwen3.8-27B,Qwen 3.8 27B,BF16,clinical_astra_b01_016,no_rag,51.209431648254395,53.072265625,179,1024,A100 80GB SXM4 (Colab) / PCIe (Vast)
Qwen/Qwen3.8-27B,Qwen 3.8 27B,BF16,clinical_astra_b01_016,with_rag,51.840519428253174,53.072265625,1739,272,A100 80GB SXM4 (Colab) / PCIe (Vast)
Qwen/Qwen3.8-27B,Qwen 3.8 27B,BF16,clinical_astra_b01_017,with_rag,51.81587028503418,53.072265625,1679,186,A100 80GB SXM4 (Colab) / PCIe (Vast)
Qwen/Qwen3.8-27B,Qwen 3.8 27B,BF16,clinical_astra_b01_017,no_rag,51.227378368377686,53.072265625,195,130,A100 80GB SXM4 (Colab) / PCIe (Vast)
Qwen/Qwen3.8-27B,Qwen 3.8 27B,BF16,clinical_astra_b01_018,no_rag,51.20917797088623,53.072265625,178,132,A100 80GB SXM4 (Colab) / PCIe (Vast)
Qwen/Qwen3.8-27B,Qwen 3.8 27B,BF16,clinical_astra_b01_018,with_rag,51.73184680938721,53.072265625,1519,138,A100 80GB SXM4 (Colab) / PCIe (Vast)
Qwen/Qwen3.8-27B,Qwen 3.8 27B,BF16,clinical_astra_b01_019,with_rag,51.799896240234375,53.072265625,1645,219,A100 80GB SXM4 (Colab) / PCIe (Vast)
Qwen/Qwen3.8-27B,Qwen 3.8 27B,BF16,clinical_astra_b01_019,no_rag,51.20522928237915,53.072265625,183,196,A100 80GB SXM4 (Colab) / PCIe (Vast)
Qwen/Qwen3.8-27B,Qwen 3.8 27B,BF16,clinical_astra_b01_020,no_rag,51.20336151123047,53.072265625,186,166,A100 80GB SXM4 (Colab) / PCIe (Vast)
Qwen/Qwen3.8-27B,Qwen 3.8 27B,BF16,clinical_astra_b01_020,with_rag,51.8998384475708,53.072265625,1915,184,A100 80GB SXM4 (Colab) / PCIe (Vast)
Qwen/Qwen3.8-27B,Qwen 3.8 27B,BF16,clinical_astra_b02_002,with_rag,51.7861533164978,53.072265625,1630,188,A100 80GB SXM4 (Colab) / PCIe (Vast)
Qwen/Qwen3.8-27B,Qwen 3.8 27B,BF16,clinical_astra_b02_002,no_rag,51.19732999801636,53.072265625,164,168,A100 80GB SXM4 (Colab) / PCIe (Vast)
Qwen/Qwen3.8-27B,Qwen 3.8 27B,BF16,clinical_astra_b02_003,no_rag,51.2027473449707,53.072265625,169,151,A100 80GB SXM4 (Colab) / PCIe (Vast)
Qwen/Qwen3.8-27B,Qwen 3.8 27B,BF16,clinical_astra_b02_003,with_rag,51.81633138656616,53.072265625,1681,254,A100 80GB SXM4 (Colab) / PCIe (Vast)
Qwen/Qwen3.8-27B,Qwen 3.8 27B,BF16,clinical_astra_b02_004,with_rag,51.91826343536377,53.072265625,1930,287,A100 80GB SXM4 (Colab) / PCIe (Vast)
Qwen/Qwen3.8-27B,Qwen 3.8 27B,BF16,clinical_astra_b02_004,no_rag,51.198359966278076,53.072265625,163,209,A100 80GB SXM4 (Colab) / PCIe (Vast)
Qwen/Qwen3.8-27B,Qwen 3.8 27B,BF16,clinical_astra_b02_005,no_rag,51.201162815093994,53.072265625,168,250,A100 80GB SXM4 (Colab) / PCIe (Vast)
Qwen/Qwen3.8-27B,Qwen 3.8 27B,BF16,clinical_astra_b02_005,with_rag,51.799697399139404,53.072265625,1662,455,A100 80GB SXM4 (Colab) / PCIe (Vast)
Qwen/Qwen3.8-27B,Qwen 3.8 27B,BF16,clinical_astra_b02_006,with_rag,51.87365245819092,53.072265625,1848,300,A100 80GB SXM4 (Colab) / PCIe (Vast)
Qwen/Qwen3.8-27B,Qwen 3.8 27B,BF16,clinical_astra_b02_006,no_rag,51.198359966278076,53.072265625,163,143,A100 80GB SXM4 (Colab) / PCIe (Vast)
Qwen/Qwen3.8-27B,Qwen 3.8 27B,BF16,clinical_astra_b02_007,no_rag,51.20014810562134,53.072265625,166,169,A100 80GB SXM4 (Colab) / PCIe (Vast)
Qwen/Qwen3.8-27B,Qwen 3.8 27B,BF16,clinical_astra_b02_007,with_rag,51.83996343612671,53.072265625,1730,164,A100 80GB SXM4 (Colab) / PCIe (Vast)
Qwen/Qwen3.8-27B,Qwen 3.8 27B,BF16,clinical_astra_b02_008,with_rag,51.85209083557129,53.072265625,1792,175,A100 80GB SXM4 (Colab) / PCIe (Vast)
Qwen/Qwen3.8-27B,Qwen 3.8 27B,BF16,clinical_astra_b02_008,no_rag,51.20014810562134,53.072265625,166,150,A100 80GB SXM4 (Colab) / PCIe (Vast)
Qwen/Qwen3.8-27B,Qwen 3.8 27B,BF16,clinical_astra_b02_009,no_rag,51.20380115509033,53.072265625,173,287,A100 80GB SXM4 (Colab) / PCIe (Vast)
Qwen/Qwen3.8-27B,Qwen 3.8 27B,BF16,clinical_astra_b02_009,with_rag,51.81651592254639,53.072265625,1686,180,A100 80GB SXM4 (Colab) / PCIe (Vast)
Qwen/Qwen3.8-27B,Qwen 3.8 27B,BF16,clinical_astra_b02_010,with_rag,51.84287786483765,53.072265625,1746,274,A100 80GB SXM4 (Colab) / PCIe (Vast)
Qwen/Qwen3.8-27B,Qwen 3.8 27B,BF16,clinical_astra_b02_010,no_rag,51.20513200759888,53.072265625,181,207,A100 80GB SXM4 (Colab) / PCIe (Vast)
Qwen/Qwen3.8-27B,Qwen 3.8 27B,BF16,clinical_astra_b02_011,no_rag,51.202850341796875,53.072265625,170,206,A100 80GB SXM4 (Colab) / PCIe (Vast)
Qwen/Qwen3.8-27B,Qwen 3.8 27B,BF16,clinical_astra_b02_011,with_rag,51.727516174316406,53.072265625,1478,256,A100 80GB SXM4 (Colab) / PCIe (Vast)
Qwen/Qwen3.8-27B,Qwen 3.8 27B,BF16,clinical_astra_b02_012,with_rag,51.730154514312744,53.072265625,1489,221,A100 80GB SXM4 (Colab) / PCIe (Vast)
Qwen/Qwen3.8-27B,Qwen 3.8 27B,BF16,clinical_astra_b02_012,no_rag,51.20842742919922,53.072265625,171,210,A100 80GB SXM4 (Colab) / PCIe (Vast)
Qwen/Qwen3.8-27B,Qwen 3.8 27B,BF16,clinical_astra_b02_013,no_rag,51.201162815093994,53.072265625,168,186,A100 80GB SXM4 (Colab) / PCIe (Vast)
Qwen/Qwen3.8-27B,Qwen 3.8 27B,BF16,clinical_astra_b02_013,with_rag,51.90213489532471,53.072265625,1884,150,A100 80GB SXM4 (Colab) / PCIe (Vast)
Qwen/Qwen3.8-27B,Qwen 3.8 27B,BF16,clinical_astra_b02_014,with_rag,51.818421840667725,53.072265625,1709,135,A100 80GB SXM4 (Colab) / PCIe (Vast)
Qwen/Qwen3.8-27B,Qwen 3.8 27B,BF16,clinical_astra_b02_014,no_rag,51.202850341796875,53.072265625,170,203,A100 80GB SXM4 (Colab) / PCIe (Vast)
Qwen/Qwen3.8-27B,Qwen 3.8 27B,BF16,clinical_astra_b02_015,no_rag,51.20380115509033,53.072265625,173,195,A100 80GB SXM4 (Colab) / PCIe (Vast)
Qwen/Qwen3.8-27B,Qwen 3.8 27B,BF16,clinical_astra_b02_015,with_rag,51.84546947479248,53.072265625,1767,175,A100 80GB SXM4 (Colab) / PCIe (Vast)
Qwen/Qwen3.8-27B,Qwen 3.8 27B,BF16,clinical_astra_b02_016,with_rag,51.785053730010986,53.072265625,1623,299,A100 80GB SXM4 (Colab) / PCIe (Vast)
Qwen/Qwen3.8-27B,Qwen 3.8 27B,BF16,clinical_astra_b02_016,no_rag,51.209176540374756,53.072265625,179,281,A100 80GB SXM4 (Colab) / PCIe (Vast)
Qwen/Qwen3.8-27B,Qwen 3.8 27B,BF16,clinical_astra_b02_017,no_rag,51.209176540374756,53.072265625,179,129,A100 80GB SXM4 (Colab) / PCIe (Vast)
Qwen/Qwen3.8-27B,Qwen 3.8 27B,BF16,clinical_astra_b02_017,with_rag,51.73175382614136,53.072265625,1515,269,A100 80GB SXM4 (Colab) / PCIe (Vast)
Qwen/Qwen3.8-27B,Qwen 3.8 27B,BF16,clinical_astra_b02_018,with_rag,51.78583908081055,53.072265625,1628,371,A100 80GB SXM4 (Colab) / PCIe (Vast)
Qwen/Qwen3.8-27B,Qwen 3.8 27B,BF16,clinical_astra_b02_018,no_rag,51.20701742172241,53.072265625,175,242,A100 80GB SXM4 (Colab) / PCIe (Vast)
Qwen/Qwen3.8-27B,Qwen 3.8 27B,BF16,clinical_astra_b02_019,no_rag,51.19720125198364,53.072265625,165,875,A100 80GB SXM4 (Colab) / PCIe (Vast)
Qwen/Qwen3.8-27B,Qwen 3.8 27B,BF16,clinical_astra_b02_019,with_rag,51.75524044036865,53.072265625,1565,293,A100 80GB SXM4 (Colab) / PCIe (Vast)
Qwen/Qwen3.8-27B,Qwen 3.8 27B,BF16,clinical_astra_b02_020,with_rag,51.81586456298828,53.072265625,1680,171,A100 80GB SXM4 (Colab) / PCIe (Vast)
Qwen/Qwen3.8-27B,Qwen 3.8 27B,BF16,clinical_astra_b02_020,no_rag,51.20336151123047,53.072265625,186,176,A100 80GB SXM4 (Colab) / PCIe (Vast)
Qwen/Qwen3.8-27B,Qwen 3.8 27B,BF16,clinical_astra_b03_002,no_rag,51.20058727264404,53.072265625,189,260,A100 80GB SXM4 (Colab) / PCIe (Vast)
Qwen/Qwen3.8-27B,Qwen 3.8 27B,BF16,clinical_astra_b03_002,with_rag,51.785053730010986,53.072265625,1623,277,A100 80GB SXM4 (Colab) / PCIe (Vast)
Qwen/Qwen3.8-27B,Qwen 3.8 27B,BF16,clinical_astra_b03_003,with_rag,51.929035663604736,53.072265625,1955,266,A100 80GB SXM4 (Colab) / PCIe (Vast)
Qwen/Qwen3.8-27B,Qwen 3.8 27B,BF16,clinical_astra_b03_003,no_rag,51.21576452255249,53.072265625,211,276,A100 80GB SXM4 (Colab) / PCIe (Vast)
Qwen/Qwen3.8-27B,Qwen 3.8 27B,BF16,clinical_astra_b03_004,no_rag,51.20509576797485,53.072265625,182,251,A100 80GB SXM4 (Colab) / PCIe (Vast)
Qwen/Qwen3.8-27B,Qwen 3.8 27B,BF16,clinical_astra_b03_004,with_rag,51.81977462768555,53.072265625,1728,209,A100 80GB SXM4 (Colab) / PCIe (Vast)
Qwen/Qwen3.8-27B,Qwen 3.8 27B,BF16,clinical_astra_b03_005,with_rag,51.758533000946045,53.072265625,1584,302,A100 80GB SXM4 (Colab) / PCIe (Vast)
Qwen/Qwen3.8-27B,Qwen 3.8 27B,BF16,clinical_astra_b03_005,no_rag,51.22441530227661,53.072265625,200,310,A100 80GB SXM4 (Colab) / PCIe (Vast)
Qwen/Qwen3.8-27B,Qwen 3.8 27B,BF16,clinical_astra_b03_006,no_rag,51.208130836486816,53.072265625,177,172,A100 80GB SXM4 (Colab) / PCIe (Vast)
Qwen/Qwen3.8-27B,Qwen 3.8 27B,BF16,clinical_astra_b03_006,with_rag,51.7829909324646,53.072265625,1616,204,A100 80GB SXM4 (Colab) / PCIe (Vast)
Qwen/Qwen3.8-27B,Qwen 3.8 27B,BF16,clinical_astra_b03_007,with_rag,51.78583908081055,53.072265625,1628,354,A100 80GB SXM4 (Colab) / PCIe (Vast)
Qwen/Qwen3.8-27B,Qwen 3.8 27B,BF16,clinical_astra_b03_007,no_rag,51.22872304916382,53.072265625,196,243,A100 80GB SXM4 (Colab) / PCIe (Vast)
Qwen/Qwen3.8-27B,Qwen 3.8 27B,BF16,clinical_astra_b03_008,no_rag,51.2027473449707,53.072265625,169,167,A100 80GB SXM4 (Colab) / PCIe (Vast)
Qwen/Qwen3.8-27B,Qwen 3.8 27B,BF16,clinical_astra_b03_008,with_rag,51.731658935546875,53.072265625,1511,237,A100 80GB SXM4 (Colab) / PCIe (Vast)
Qwen/Qwen3.8-27B,Qwen 3.8 27B,BF16,clinical_astra_b03_009,with_rag,51.70455360412598,53.072265625,1414,167,A100 80GB SXM4 (Colab) / PCIe (Vast)
Qwen/Qwen3.8-27B,Qwen 3.8 27B,BF16,clinical_astra_b03_009,no_rag,51.202850341796875,53.072265625,170,139,A100 80GB SXM4 (Colab) / PCIe (Vast)
Qwen/Qwen3.8-27B,Qwen 3.8 27B,BF16,clinical_astra_b03_010,no_rag,51.20917797088623,53.072265625,178,245,A100 80GB SXM4 (Colab) / PCIe (Vast)
Qwen/Qwen3.8-27B,Qwen 3.8 27B,BF16,clinical_astra_b03_010,with_rag,51.7554087638855,53.072265625,1566,282,A100 80GB SXM4 (Colab) / PCIe (Vast)
Qwen/Qwen3.8-27B,Qwen 3.8 27B,BF16,clinical_astra_b03_011,with_rag,51.78741121292114,53.072265625,1638,174,A100 80GB SXM4 (Colab) / PCIe (Vast)
Qwen/Qwen3.8-27B,Qwen 3.8 27B,BF16,clinical_astra_b03_011,no_rag,51.20386457443237,53.072265625,174,181,A100 80GB SXM4 (Colab) / PCIe (Vast)
Qwen/Qwen3.8-27B,Qwen 3.8 27B,BF16,clinical_astra_b03_012,no_rag,51.20701742172241,53.072265625,175,199,A100 80GB SXM4 (Colab) / PCIe (Vast)
Qwen/Qwen3.8-27B,Qwen 3.8 27B,BF16,clinical_astra_b03_012,with_rag,51.7917799949646,51.9140625,1620,233,A100 80GB SXM4 (Colab) / PCIe (Vast)
Qwen/Qwen3.8-27B,Qwen 3.8 27B,BF16,clinical_astra_b03_013,with_rag,51.79852485656738,52.078125,1642,306,A100 80GB SXM4 (Colab) / PCIe (Vast)
Qwen/Qwen3.8-27B,Qwen 3.8 27B,BF16,clinical_astra_b03_013,no_rag,51.20430850982666,52.109375,173,180,A100 80GB SXM4 (Colab) / PCIe (Vast)
Qwen/Qwen3.8-27B,Qwen 3.8 27B,BF16,clinical_astra_b03_014,no_rag,51.2065224647522,52.109375,182,154,A100 80GB SXM4 (Colab) / PCIe (Vast)
Qwen/Qwen3.8-27B,Qwen 3.8 27B,BF16,clinical_astra_b03_014,with_rag,51.81635141372681,52.232421875,1676,186,A100 80GB SXM4 (Colab) / PCIe (Vast)
Qwen/Qwen3.8-27B,Qwen 3.8 27B,BF16,clinical_astra_b03_015,with_rag,51.81779909133911,52.40234375,1690,299,A100 80GB SXM4 (Colab) / PCIe (Vast)
Qwen/Qwen3.8-27B,Qwen 3.8 27B,BF16,clinical_astra_b03_015,no_rag,51.23164415359497,52.408203125,197,250,A100 80GB SXM4 (Colab) / PCIe (Vast)
Qwen/Qwen3.8-27B,Qwen 3.8 27B,BF16,clinical_astra_b03_016,no_rag,51.204458236694336,52.408203125,188,121,A100 80GB SXM4 (Colab) / PCIe (Vast)
Qwen/Qwen3.8-27B,Qwen 3.8 27B,BF16,clinical_astra_b03_016,with_rag,51.81383800506592,52.408203125,1670,271,A100 80GB SXM4 (Colab) / PCIe (Vast)
Qwen/Qwen3.8-27B,Qwen 3.8 27B,BF16,clinical_astra_b03_017,with_rag,51.863399505615234,52.583984375,1796,225,A100 80GB SXM4 (Colab) / PCIe (Vast)
Qwen/Qwen3.8-27B,Qwen 3.8 27B,BF16,clinical_astra_b03_017,no_rag,51.20170497894287,52.583984375,189,236,A100 80GB SXM4 (Colab) / PCIe (Vast)
Qwen/Qwen3.8-27B,Qwen 3.8 27B,BF16,clinical_astra_b03_018,no_rag,51.22922611236572,52.583984375,194,188,A100 80GB SXM4 (Colab) / PCIe (Vast)
Qwen/Qwen3.8-27B,Qwen 3.8 27B,BF16,clinical_astra_b03_018,with_rag,51.8437762260437,52.583984375,1745,148,A100 80GB SXM4 (Colab) / PCIe (Vast)
Qwen/Qwen3.8-27B,Qwen 3.8 27B,BF16,clinical_astra_b03_019,with_rag,51.81597852706909,52.583984375,1682,342,A100 80GB SXM4 (Colab) / PCIe (Vast)
Qwen/Qwen3.8-27B,Qwen 3.8 27B,BF16,clinical_astra_b03_019,no_rag,51.20170497894287,52.583984375,189,160,A100 80GB SXM4 (Colab) / PCIe (Vast)
Qwen/Qwen3.8-27B,Qwen 3.8 27B,BF16,clinical_astra_b03_020,no_rag,51.212817668914795,52.583984375,190,405,A100 80GB SXM4 (Colab) / PCIe (Vast)
Qwen/Qwen3.8-27B,Qwen 3.8 27B,BF16,clinical_astra_b03_020,with_rag,51.7076210975647,52.583984375,1453,343,A100 80GB SXM4 (Colab) / PCIe (Vast)
Qwen/Qwen3.8-27B,Qwen 3.8 27B,BF16,clinical_astra_b04_002,with_rag,51.81883144378662,52.583984375,1717,190,A100 80GB SXM4 (Colab) / PCIe (Vast)
Qwen/Qwen3.8-27B,Qwen 3.8 27B,BF16,clinical_astra_b04_002,no_rag,51.23121118545532,52.583984375,199,219,A100 80GB SXM4 (Colab) / PCIe (Vast)
Qwen/Qwen3.8-27B,Qwen 3.8 27B,BF16,clinical_astra_b04_003,no_rag,51.20747756958008,52.583984375,185,299,A100 80GB SXM4 (Colab) / PCIe (Vast)
Qwen/Qwen3.8-27B,Qwen 3.8 27B,BF16,clinical_astra_b04_003,with_rag,51.95575952529907,52.783203125,1998,319,A100 80GB SXM4 (Colab) / PCIe (Vast)
Qwen/Qwen3.8-27B,Qwen 3.8 27B,BF16,clinical_astra_b04_004,with_rag,51.763338565826416,52.783203125,1592,167,A100 80GB SXM4 (Colab) / PCIe (Vast)
Qwen/Qwen3.8-27B,Qwen 3.8 27B,BF16,clinical_astra_b04_004,no_rag,51.204752922058105,52.783203125,178,114,A100 80GB SXM4 (Colab) / PCIe (Vast)
Qwen/Qwen3.8-27B,Qwen 3.8 27B,BF16,clinical_astra_b04_005,no_rag,51.20298194885254,52.783203125,187,446,A100 80GB SXM4 (Colab) / PCIe (Vast)
Qwen/Qwen3.8-27B,Qwen 3.8 27B,BF16,clinical_astra_b04_005,with_rag,51.83556318283081,52.783203125,1737,290,A100 80GB SXM4 (Colab) / PCIe (Vast)
Qwen/Qwen3.8-27B,Qwen 3.8 27B,BF16,clinical_astra_b04_006,with_rag,51.83872365951538,52.783203125,1730,238,A100 80GB SXM4 (Colab) / PCIe (Vast)
Qwen/Qwen3.8-27B,Qwen 3.8 27B,BF16,clinical_astra_b04_006,no_rag,51.20503616333008,52.783203125,186,190,A100 80GB SXM4 (Colab) / PCIe (Vast)
Qwen/Qwen3.8-27B,Qwen 3.8 27B,BF16,clinical_astra_b04_007,no_rag,51.204458236694336,52.783203125,188,212,A100 80GB SXM4 (Colab) / PCIe (Vast)
Qwen/Qwen3.8-27B,Qwen 3.8 27B,BF16,clinical_astra_b04_007,with_rag,51.75403118133545,52.783203125,1545,281,A100 80GB SXM4 (Colab) / PCIe (Vast)
Qwen/Qwen3.8-27B,Qwen 3.8 27B,BF16,clinical_astra_b04_008,with_rag,51.78964376449585,52.783203125,1604,180,A100 80GB SXM4 (Colab) / PCIe (Vast)
Qwen/Qwen3.8-27B,Qwen 3.8 27B,BF16,clinical_astra_b04_008,no_rag,51.229445934295654,52.783203125,195,144,A100 80GB SXM4 (Colab) / PCIe (Vast)
Qwen/Qwen3.8-27B,Qwen 3.8 27B,BF16,clinical_astra_b04_009,no_rag,51.20600509643555,52.783203125,171,264,A100 80GB SXM4 (Colab) / PCIe (Vast)
Qwen/Qwen3.8-27B,Qwen 3.8 27B,BF16,clinical_astra_b04_009,with_rag,51.89536952972412,52.783203125,1866,208,A100 80GB SXM4 (Colab) / PCIe (Vast)
Qwen/Qwen3.8-27B,Qwen 3.8 27B,BF16,clinical_astra_b04_010,with_rag,51.70766258239746,52.783203125,1462,227,A100 80GB SXM4 (Colab) / PCIe (Vast)
Qwen/Qwen3.8-27B,Qwen 3.8 27B,BF16,clinical_astra_b04_010,no_rag,51.204752922058105,52.783203125,178,212,A100 80GB SXM4 (Colab) / PCIe (Vast)
Qwen/Qwen3.8-27B,Qwen 3.8 27B,BF16,clinical_astra_b04_011,no_rag,51.20399475097656,52.783203125,170,115,A100 80GB SXM4 (Colab) / PCIe (Vast)
Qwen/Qwen3.8-27B,Qwen 3.8 27B,BF16,clinical_astra_b04_011,with_rag,51.91439867019653,52.783203125,1924,214,A100 80GB SXM4 (Colab) / PCIe (Vast)
Qwen/Qwen3.8-27B,Qwen 3.8 27B,BF16,clinical_astra_b04_012,with_rag,51.84342384338379,52.783203125,1742,112,A100 80GB SXM4 (Colab) / PCIe (Vast)
Qwen/Qwen3.8-27B,Qwen 3.8 27B,BF16,clinical_astra_b04_012,no_rag,51.20399475097656,52.783203125,170,117,A100 80GB SXM4 (Colab) / PCIe (Vast)
Qwen/Qwen3.8-27B,Qwen 3.8 27B,BF16,clinical_astra_b04_013,no_rag,51.20389938354492,52.783203125,169,106,A100 80GB SXM4 (Colab) / PCIe (Vast)
Qwen/Qwen3.8-27B,Qwen 3.8 27B,BF16,clinical_astra_b04_013,with_rag,51.914984703063965,52.783203125,1929,156,A100 80GB SXM4 (Colab) / PCIe (Vast)
Qwen/Qwen3.8-27B,Qwen 3.8 27B,BF16,clinical_astra_b04_014,with_rag,51.73268270492554,52.783203125,1530,241,A100 80GB SXM4 (Colab) / PCIe (Vast)
Qwen/Qwen3.8-27B,Qwen 3.8 27B,BF16,clinical_astra_b04_014,no_rag,51.20747756958008,52.783203125,185,287,A100 80GB SXM4 (Colab) / PCIe (Vast)
Qwen/Qwen3.8-27B,Qwen 3.8 27B,BF16,clinical_astra_b04_015,no_rag,51.20430850982666,52.783203125,173,220,A100 80GB SXM4 (Colab) / PCIe (Vast)
Qwen/Qwen3.8-27B,Qwen 3.8 27B,BF16,clinical_astra_b04_015,with_rag,51.84932851791382,52.783203125,1777,267,A100 80GB SXM4 (Colab) / PCIe (Vast)
Qwen/Qwen3.8-27B,Qwen 3.8 27B,BF16,clinical_astra_b04_016,with_rag,51.81833457946777,52.783203125,1703,225,A100 80GB SXM4 (Colab) / PCIe (Vast)
Qwen/Qwen3.8-27B,Qwen 3.8 27B,BF16,clinical_astra_b04_016,no_rag,51.22891902923584,52.783203125,193,169,A100 80GB SXM4 (Colab) / PCIe (Vast)
Qwen/Qwen3.8-27B,Qwen 3.8 27B,BF16,clinical_astra_b04_017,no_rag,51.20389938354492,52.783203125,169,199,A100 80GB SXM4 (Colab) / PCIe (Vast)
Qwen/Qwen3.8-27B,Qwen 3.8 27B,BF16,clinical_astra_b04_017,with_rag,51.81883144378662,52.783203125,1717,178,A100 80GB SXM4 (Colab) / PCIe (Vast)
Qwen/Qwen3.8-27B,Qwen 3.8 27B,BF16,clinical_astra_b04_018,with_rag,51.79960775375366,52.783203125,1646,117,A100 80GB SXM4 (Colab) / PCIe (Vast)
Qwen/Qwen3.8-27B,Qwen 3.8 27B,BF16,clinical_astra_b04_018,no_rag,51.20534658432007,52.783203125,179,134,A100 80GB SXM4 (Colab) / PCIe (Vast)
Qwen/Qwen3.8-27B,Qwen 3.8 27B,BF16,clinical_astra_b04_019,no_rag,51.20629596710205,52.783203125,177,271,A100 80GB SXM4 (Colab) / PCIe (Vast)
Qwen/Qwen3.8-27B,Qwen 3.8 27B,BF16,clinical_astra_b04_019,with_rag,51.733134269714355,52.783203125,1535,202,A100 80GB SXM4 (Colab) / PCIe (Vast)
Qwen/Qwen3.8-27B,Qwen 3.8 27B,BF16,clinical_astra_b04_020,with_rag,51.72711515426636,52.783203125,1484,174,A100 80GB SXM4 (Colab) / PCIe (Vast)
Qwen/Qwen3.8-27B,Qwen 3.8 27B,BF16,clinical_astra_b04_020,no_rag,51.20466470718384,52.783203125,183,150,A100 80GB SXM4 (Colab) / PCIe (Vast)
Qwen/Qwen3.8-27B,Qwen 3.8 27B,BF16,clinical_astra_b05_002,no_rag,51.229445934295654,52.783203125,195,285,A100 80GB SXM4 (Colab) / PCIe (Vast)
Qwen/Qwen3.8-27B,Qwen 3.8 27B,BF16,clinical_astra_b05_002,with_rag,51.79996585845947,52.783203125,1649,226,A100 80GB SXM4 (Colab) / PCIe (Vast)
Qwen/Qwen3.8-27B,Qwen 3.8 27B,BF16,clinical_astra_b05_003,with_rag,51.8639702796936,52.783203125,1804,236,A100 80GB SXM4 (Colab) / PCIe (Vast)
Qwen/Qwen3.8-27B,Qwen 3.8 27B,BF16,clinical_astra_b05_003,no_rag,51.22891902923584,52.783203125,193,262,A100 80GB SXM4 (Colab) / PCIe (Vast)
Qwen/Qwen3.8-27B,Qwen 3.8 27B,BF16,clinical_astra_b05_004,no_rag,51.19977426528931,52.783203125,166,160,A100 80GB SXM4 (Colab) / PCIe (Vast)
Qwen/Qwen3.8-27B,Qwen 3.8 27B,BF16,clinical_astra_b05_004,with_rag,51.83620738983154,52.783203125,1733,127,A100 80GB SXM4 (Colab) / PCIe (Vast)
Qwen/Qwen3.8-27B,Qwen 3.8 27B,BF16,clinical_astra_b05_005,with_rag,51.958139419555664,52.783203125,2018,201,A100 80GB SXM4 (Colab) / PCIe (Vast)
Qwen/Qwen3.8-27B,Qwen 3.8 27B,BF16,clinical_astra_b05_005,no_rag,51.20534658432007,52.783203125,179,203,A100 80GB SXM4 (Colab) / PCIe (Vast)
Qwen/Qwen3.8-27B,Qwen 3.8 27B,BF16,clinical_astra_b05_006,no_rag,51.19868803024292,52.783203125,164,122,A100 80GB SXM4 (Colab) / PCIe (Vast)
Qwen/Qwen3.8-27B,Qwen 3.8 27B,BF16,clinical_astra_b05_006,with_rag,51.901822566986084,52.783203125,1896,134,A100 80GB SXM4 (Colab) / PCIe (Vast)
Qwen/Qwen3.8-27B,Qwen 3.8 27B,BF16,clinical_astra_b05_007,with_rag,51.8010196685791,52.783203125,1642,132,A100 80GB SXM4 (Colab) / PCIe (Vast)
Qwen/Qwen3.8-27B,Qwen 3.8 27B,BF16,clinical_astra_b05_007,no_rag,51.19845247268677,52.783203125,167,110,A100 80GB SXM4 (Colab) / PCIe (Vast)
Qwen/Qwen3.8-27B,Qwen 3.8 27B,BF16,clinical_astra_b05_008,no_rag,51.229445934295654,52.783203125,195,283,A100 80GB SXM4 (Colab) / PCIe (Vast)
Qwen/Qwen3.8-27B,Qwen 3.8 27B,BF16,clinical_astra_b05_008,with_rag,51.72988271713257,52.783203125,1499,296,A100 80GB SXM4 (Colab) / PCIe (Vast)
Qwen/Qwen3.8-27B,Qwen 3.8 27B,BF16,clinical_astra_b05_009,with_rag,51.84660816192627,52.783203125,1752,391,A100 80GB SXM4 (Colab) / PCIe (Vast)
Qwen/Qwen3.8-27B,Qwen 3.8 27B,BF16,clinical_astra_b05_009,no_rag,51.212817668914795,52.783203125,190,301,A100 80GB SXM4 (Colab) / PCIe (Vast)
Qwen/Qwen3.8-27B,Qwen 3.8 27B,BF16,clinical_astra_b05_010,no_rag,51.213449001312256,52.783203125,208,473,A100 80GB SXM4 (Colab) / PCIe (Vast)
Qwen/Qwen3.8-27B,Qwen 3.8 27B,BF16,clinical_astra_b05_010,with_rag,51.799885272979736,52.783203125,1654,413,A100 80GB SXM4 (Colab) / PCIe (Vast)
Qwen/Qwen3.8-27B,Qwen 3.8 27B,BF16,clinical_astra_b05_011,with_rag,51.90527963638306,52.783203125,1918,170,A100 80GB SXM4 (Colab) / PCIe (Vast)
Qwen/Qwen3.8-27B,Qwen 3.8 27B,BF16,clinical_astra_b05_011,no_rag,51.20747756958008,52.783203125,185,259,A100 80GB SXM4 (Colab) / PCIe (Vast)
Qwen/Qwen3.8-27B,Qwen 3.8 27B,BF16,clinical_astra_b05_012,no_rag,51.212817668914795,52.783203125,190,283,A100 80GB SXM4 (Colab) / PCIe (Vast)
Qwen/Qwen3.8-27B,Qwen 3.8 27B,BF16,clinical_astra_b05_012,with_rag,51.90166616439819,52.783203125,1895,349,A100 80GB SXM4 (Colab) / PCIe (Vast)
Qwen/Qwen3.8-27B,Qwen 3.8 27B,BF16,clinical_astra_b05_013,with_rag,51.81828784942627,52.783203125,1699,279,A100 80GB SXM4 (Colab) / PCIe (Vast)
Qwen/Qwen3.8-27B,Qwen 3.8 27B,BF16,clinical_astra_b05_013,no_rag,51.20304822921753,52.783203125,180,224,A100 80GB SXM4 (Colab) / PCIe (Vast)
Qwen/Qwen3.8-27B,Qwen 3.8 27B,BF16,clinical_astra_b05_014,no_rag,51.19954538345337,52.783203125,168,127,A100 80GB SXM4 (Colab) / PCIe (Vast)
Qwen/Qwen3.8-27B,Qwen 3.8 27B,BF16,clinical_astra_b05_014,with_rag,51.755648612976074,52.783203125,1570,182,A100 80GB SXM4 (Colab) / PCIe (Vast)
Qwen/Qwen3.8-27B,Qwen 3.8 27B,BF16,clinical_astra_b05_015,with_rag,51.75760221481323,52.783203125,1582,344,A100 80GB SXM4 (Colab) / PCIe (Vast)
Qwen/Qwen3.8-27B,Qwen 3.8 27B,BF16,clinical_astra_b05_015,no_rag,51.19977426528931,52.783203125,166,309,A100 80GB SXM4 (Colab) / PCIe (Vast)
Qwen/Qwen3.8-27B,Qwen 3.8 27B,BF16,clinical_astra_b05_016,no_rag,51.19459867477417,52.783203125,159,114,A100 80GB SXM4 (Colab) / PCIe (Vast)
Qwen/Qwen3.8-27B,Qwen 3.8 27B,BF16,clinical_astra_b05_016,with_rag,51.81794214248657,52.783203125,1692,143,A100 80GB SXM4 (Colab) / PCIe (Vast)
Qwen/Qwen3.8-27B,Qwen 3.8 27B,BF16,clinical_astra_b05_017,with_rag,51.79132413864136,52.783203125,1631,220,A100 80GB SXM4 (Colab) / PCIe (Vast)
Qwen/Qwen3.8-27B,Qwen 3.8 27B,BF16,clinical_astra_b05_017,no_rag,51.20170497894287,52.783203125,189,197,A100 80GB SXM4 (Colab) / PCIe (Vast)
Qwen/Qwen3.8-27B,Qwen 3.8 27B,BF16,clinical_astra_b05_018,no_rag,51.20399475097656,52.783203125,170,128,A100 80GB SXM4 (Colab) / PCIe (Vast)
Qwen/Qwen3.8-27B,Qwen 3.8 27B,BF16,clinical_astra_b05_018,with_rag,51.73205089569092,52.783203125,1523,191,A100 80GB SXM4 (Colab) / PCIe (Vast)
Qwen/Qwen3.8-27B,Qwen 3.8 27B,BF16,clinical_astra_b05_019,with_rag,51.93197298049927,52.783203125,1966,156,A100 80GB SXM4 (Colab) / PCIe (Vast)
Qwen/Qwen3.8-27B,Qwen 3.8 27B,BF16,clinical_astra_b05_019,no_rag,51.19845247268677,52.783203125,167,147,A100 80GB SXM4 (Colab) / PCIe (Vast)
Qwen/Qwen3.8-27B,Qwen 3.8 27B,BF16,clinical_astra_b05_020,no_rag,51.20170497894287,52.783203125,189,288,A100 80GB SXM4 (Colab) / PCIe (Vast)
Qwen/Qwen3.8-27B,Qwen 3.8 27B,BF16,clinical_astra_b05_020,with_rag,51.72708988189697,52.783203125,1486,264,A100 80GB SXM4 (Colab) / PCIe (Vast)
Qwen/Qwen3.8-27B,Qwen 3.8 27B,BF16,clinical_astra_b06_002,with_rag,51.99080276489258,52.994140625,2117,256,A100 80GB SXM4 (Colab) / PCIe (Vast)
Qwen/Qwen3.8-27B,Qwen 3.8 27B,BF16,clinical_astra_b06_002,no_rag,51.20298194885254,52.994140625,187,168,A100 80GB SXM4 (Colab) / PCIe (Vast)
Qwen/Qwen3.8-27B,Qwen 3.8 27B,BF16,clinical_astra_b06_003,no_rag,51.20460748672485,52.994140625,184,198,A100 80GB SXM4 (Colab) / PCIe (Vast)
Qwen/Qwen3.8-27B,Qwen 3.8 27B,BF16,clinical_astra_b06_003,with_rag,51.755244731903076,52.994140625,1556,249,A100 80GB SXM4 (Colab) / PCIe (Vast)
Qwen/Qwen3.8-27B,Qwen 3.8 27B,BF16,clinical_astra_b06_004,with_rag,51.75895643234253,52.994140625,1587,327,A100 80GB SXM4 (Colab) / PCIe (Vast)
Qwen/Qwen3.8-27B,Qwen 3.8 27B,BF16,clinical_astra_b06_004,no_rag,51.203357219696045,52.99609375,192,337,A100 80GB SXM4 (Colab) / PCIe (Vast)
Qwen/Qwen3.8-27B,Qwen 3.8 27B,BF16,clinical_astra_b06_005,no_rag,51.204752922058105,52.99609375,178,263,A100 80GB SXM4 (Colab) / PCIe (Vast)
Qwen/Qwen3.8-27B,Qwen 3.8 27B,BF16,clinical_astra_b06_005,with_rag,51.81895923614502,52.99609375,1719,279,A100 80GB SXM4 (Colab) / PCIe (Vast)
Qwen/Qwen3.8-27B,Qwen 3.8 27B,BF16,clinical_astra_b06_006,with_rag,51.814125537872314,52.99609375,1673,183,A100 80GB SXM4 (Colab) / PCIe (Vast)
Qwen/Qwen3.8-27B,Qwen 3.8 27B,BF16,clinical_astra_b06_006,no_rag,51.212817668914795,52.99609375,190,269,A100 80GB SXM4 (Colab) / PCIe (Vast)
Qwen/Qwen3.8-27B,Qwen 3.8 27B,BF16,clinical_astra_b06_007,no_rag,51.23143529891968,52.99609375,196,389,A100 80GB SXM4 (Colab) / PCIe (Vast)
Qwen/Qwen3.8-27B,Qwen 3.8 27B,BF16,clinical_astra_b06_007,with_rag,51.818602085113525,52.99609375,1706,333,A100 80GB SXM4 (Colab) / PCIe (Vast)
Qwen/Qwen3.8-27B,Qwen 3.8 27B,BF16,clinical_astra_b06_008,with_rag,51.86664819717407,52.99609375,1836,223,A100 80GB SXM4 (Colab) / PCIe (Vast)
Qwen/Qwen3.8-27B,Qwen 3.8 27B,BF16,clinical_astra_b06_008,no_rag,51.20503616333008,52.99609375,186,245,A100 80GB SXM4 (Colab) / PCIe (Vast)
Qwen/Qwen3.8-27B,Qwen 3.8 27B,BF16,clinical_astra_b06_009,no_rag,51.20298194885254,52.99609375,187,175,A100 80GB SXM4 (Colab) / PCIe (Vast)
Qwen/Qwen3.8-27B,Qwen 3.8 27B,BF16,clinical_astra_b06_009,with_rag,51.8009147644043,52.99609375,1641,181,A100 80GB SXM4 (Colab) / PCIe (Vast)
Qwen/Qwen3.8-27B,Qwen 3.8 27B,BF16,clinical_astra_b06_010,with_rag,51.92464733123779,52.99609375,1961,257,A100 80GB SXM4 (Colab) / PCIe (Vast)
Qwen/Qwen3.8-27B,Qwen 3.8 27B,BF16,clinical_astra_b06_010,no_rag,51.20747756958008,52.99609375,185,187,A100 80GB SXM4 (Colab) / PCIe (Vast)
Qwen/Qwen3.8-27B,Qwen 3.8 27B,BF16,clinical_astra_b06_011,no_rag,51.22969627380371,52.99609375,201,115,A100 80GB SXM4 (Colab) / PCIe (Vast)
Qwen/Qwen3.8-27B,Qwen 3.8 27B,BF16,clinical_astra_b06_011,with_rag,51.81934118270874,52.99609375,1725,278,A100 80GB SXM4 (Colab) / PCIe (Vast)
Qwen/Qwen3.8-27B,Qwen 3.8 27B,BF16,clinical_astra_b06_012,with_rag,51.81807518005371,52.99609375,1711,362,A100 80GB SXM4 (Colab) / PCIe (Vast)
Qwen/Qwen3.8-27B,Qwen 3.8 27B,BF16,clinical_astra_b06_012,no_rag,51.22969627380371,52.99609375,201,209,A100 80GB SXM4 (Colab) / PCIe (Vast)
Qwen/Qwen3.8-27B,Qwen 3.8 27B,BF16,clinical_astra_b06_013,no_rag,51.20747756958008,52.99609375,185,302,A100 80GB SXM4 (Colab) / PCIe (Vast)
Qwen/Qwen3.8-27B,Qwen 3.8 27B,BF16,clinical_astra_b06_013,with_rag,51.70708227157593,52.99609375,1449,291,A100 80GB SXM4 (Colab) / PCIe (Vast)
Qwen/Qwen3.8-27B,Qwen 3.8 27B,BF16,clinical_astra_b06_014,with_rag,52.0149827003479,53.212890625,2197,201,A100 80GB SXM4 (Colab) / PCIe (Vast)
Qwen/Qwen3.8-27B,Qwen 3.8 27B,BF16,clinical_astra_b06_014,no_rag,51.20629596710205,53.212890625,177,233,A100 80GB SXM4 (Colab) / PCIe (Vast)
Qwen/Qwen3.8-27B,Qwen 3.8 27B,BF16,clinical_astra_b06_015,no_rag,51.2065224647522,53.212890625,182,145,A100 80GB SXM4 (Colab) / PCIe (Vast)
Qwen/Qwen3.8-27B,Qwen 3.8 27B,BF16,clinical_astra_b06_015,with_rag,51.75469255447388,53.212890625,1551,156,A100 80GB SXM4 (Colab) / PCIe (Vast)
Qwen/Qwen3.8-27B,Qwen 3.8 27B,BF16,clinical_astra_b06_016,with_rag,51.8712043762207,53.212890625,1854,313,A100 80GB SXM4 (Colab) / PCIe (Vast)
Qwen/Qwen3.8-27B,Qwen 3.8 27B,BF16,clinical_astra_b06_016,no_rag,51.22891902923584,53.212890625,193,170,A100 80GB SXM4 (Colab) / PCIe (Vast)
Qwen/Qwen3.8-27B,Qwen 3.8 27B,BF16,clinical_astra_b06_017,no_rag,51.23143529891968,53.212890625,196,187,A100 80GB SXM4 (Colab) / PCIe (Vast)
Qwen/Qwen3.8-27B,Qwen 3.8 27B,BF16,clinical_astra_b06_017,with_rag,51.7346887588501,53.212890625,1536,209,A100 80GB SXM4 (Colab) / PCIe (Vast)
Qwen/Qwen3.8-27B,Qwen 3.8 27B,BF16,clinical_astra_b06_018,with_rag,51.731688499450684,53.212890625,1519,349,A100 80GB SXM4 (Colab) / PCIe (Vast)
Qwen/Qwen3.8-27B,Qwen 3.8 27B,BF16,clinical_astra_b06_018,no_rag,51.20747756958008,53.212890625,185,179,A100 80GB SXM4 (Colab) / PCIe (Vast)
Qwen/Qwen3.8-27B,Qwen 3.8 27B,BF16,clinical_astra_b06_019,no_rag,51.20303773880005,53.212890625,181,154,A100 80GB SXM4 (Colab) / PCIe (Vast)
Qwen/Qwen3.8-27B,Qwen 3.8 27B,BF16,clinical_astra_b06_019,with_rag,51.89144277572632,53.212890625,1878,168,A100 80GB SXM4 (Colab) / PCIe (Vast)
Qwen/Qwen3.8-27B,Qwen 3.8 27B,BF16,clinical_astra_b06_020,with_rag,51.930152893066406,53.212890625,1981,219,A100 80GB SXM4 (Colab) / PCIe (Vast)
Qwen/Qwen3.8-27B,Qwen 3.8 27B,BF16,clinical_astra_b06_020,no_rag,51.20503616333008,53.212890625,186,150,A100 80GB SXM4 (Colab) / PCIe (Vast)
