blind_id,component_index,status,score
39c0346902df7bb7f64d03af,0,covered,1.0
39c0346902df7bb7f64d03af,1,covered,1.0
39c0346902df7bb7f64d03af,2,covered,1.0
39c0346902df7bb7f64d03af,3,covered,1.0
dc2105aa5b88e23460d5933c,0,covered,1.0
dc2105aa5b88e23460d5933c,1,covered,1.0
dc2105aa5b88e23460d5933c,2,covered,1.0
da656d286101153078ba0470,0,covered,1.0
da656d286101153078ba0470,1,covered,1.0
da656d286101153078ba0470,2,covered,1.0
da656d286101153078ba0470,3,covered,1.0
a45bde96ad0eb656717a9257,0,covered,1.0
a45bde96ad0eb656717a9257,1,covered,1.0
a45bde96ad0eb656717a9257,2,covered,1.0
79939f47ee3b1b064d92cf72,0,covered,1.0
79939f47ee3b1b064d92cf72,1,covered,1.0
9fbf141bac700482ebe6637d,0,covered,1.0
9fbf141bac700482ebe6637d,1,covered,1.0
9fbf141bac700482ebe6637d,2,covered,1.0
9fbf141bac700482ebe6637d,3,covered,1.0
5a52ba99ba9fec3df7e0695b,0,covered,1.0
5a52ba99ba9fec3df7e0695b,1,covered,1.0
5a52ba99ba9fec3df7e0695b,2,covered,1.0
b57ac80e77fc00f836856bb0,0,covered,1.0
b57ac80e77fc00f836856bb0,1,covered,1.0
b57ac80e77fc00f836856bb0,2,covered,1.0
b57ac80e77fc00f836856bb0,3,covered,1.0
c5b96915e83a0dab304b4322,0,covered,1.0
c5b96915e83a0dab304b4322,1,covered,1.0
cf91e9216af838c91150de76,0,covered,1.0
cf91e9216af838c91150de76,1,covered,1.0
cf91e9216af838c91150de76,2,covered,1.0
73e87cc3c587f60dd51dfbff,0,covered,1.0
73e87cc3c587f60dd51dfbff,1,covered,1.0
73e87cc3c587f60dd51dfbff,2,covered,1.0
906623d5d90b3ef80b49e44d,0,covered,1.0
906623d5d90b3ef80b49e44d,1,covered,1.0
906623d5d90b3ef80b49e44d,2,covered,1.0
8be73135133a44c049a92ec2,0,covered,1.0
8be73135133a44c049a92ec2,1,covered,1.0
8be73135133a44c049a92ec2,2,covered,1.0
8291e10e0343966fb37596ce,0,covered,1.0
8291e10e0343966fb37596ce,1,covered,1.0
8291e10e0343966fb37596ce,2,covered,1.0
184efe1f61364342a94f6901,0,covered,1.0
184efe1f61364342a94f6901,1,covered,1.0
184efe1f61364342a94f6901,2,covered,1.0
184efe1f61364342a94f6901,3,covered,1.0
8e3f59045772f81b18300be3,0,covered,1.0
8e3f59045772f81b18300be3,1,covered,1.0
3643457fced06bf40d974a56,0,covered,1.0
3643457fced06bf40d974a56,1,covered,1.0
3643457fced06bf40d974a56,2,covered,1.0
69ac567d9504c6c1d653745a,0,covered,1.0
69ac567d9504c6c1d653745a,1,covered,1.0
69ac567d9504c6c1d653745a,2,covered,1.0
5dc13b4f61c955aba2def53e,0,covered,1.0
5dc13b4f61c955aba2def53e,1,covered,1.0
5dc13b4f61c955aba2def53e,2,covered,1.0
db3f3e990d5483af04e462a5,0,contradicted,0.0
db3f3e990d5483af04e462a5,1,covered,1.0
db3f3e990d5483af04e462a5,2,covered,1.0
057b4a689fc723c5d27ea132,0,covered,1.0
057b4a689fc723c5d27ea132,1,covered,1.0
057b4a689fc723c5d27ea132,2,covered,1.0
057b4a689fc723c5d27ea132,3,covered,1.0
77f78a238939aabf5c1ce2a0,0,covered,1.0
77f78a238939aabf5c1ce2a0,1,covered,1.0
77f78a238939aabf5c1ce2a0,2,covered,1.0
e43e8faa5616f6f675394240,0,covered,1.0
e43e8faa5616f6f675394240,1,covered,1.0
e43e8faa5616f6f675394240,2,covered,1.0
e43e8faa5616f6f675394240,3,covered,1.0
e43e8faa5616f6f675394240,4,covered,1.0
6beff5a9f6787f530ab8195a,0,covered,1.0
6beff5a9f6787f530ab8195a,1,covered,1.0
6beff5a9f6787f530ab8195a,2,covered,1.0
7ef42d9ef157846653fd0f60,0,covered,1.0
7ef42d9ef157846653fd0f60,1,covered,1.0
7ef42d9ef157846653fd0f60,2,covered,1.0
8d264a351e75597a61ca9095,0,covered,1.0
8d264a351e75597a61ca9095,1,covered,1.0
8d264a351e75597a61ca9095,2,covered,1.0
8d264a351e75597a61ca9095,3,covered,1.0
0a347df720fb55ef44706493,0,covered,1.0
0a347df720fb55ef44706493,1,covered,1.0
0a347df720fb55ef44706493,2,partial,0.5
ac0ba7403d83c0312d6c23d1,0,covered,1.0
ac0ba7403d83c0312d6c23d1,1,covered,1.0
ac0ba7403d83c0312d6c23d1,2,covered,1.0
c34402d3645864b3b0019a99,0,covered,1.0
c34402d3645864b3b0019a99,1,covered,1.0
c34402d3645864b3b0019a99,2,covered,1.0
e581cf73e5f2a58be338476e,0,covered,1.0
e581cf73e5f2a58be338476e,1,covered,1.0
50009268aa4b2dcc143a9acd,0,covered,1.0
50009268aa4b2dcc143a9acd,1,covered,1.0
50009268aa4b2dcc143a9acd,2,covered,1.0
a274bf2cbfc21e62d48320c7,0,covered,1.0
a274bf2cbfc21e62d48320c7,1,covered,1.0
a274bf2cbfc21e62d48320c7,2,covered,1.0
eec8d2bcf9bb9bfbc15f8bc7,0,covered,1.0
eec8d2bcf9bb9bfbc15f8bc7,1,covered,1.0
eec8d2bcf9bb9bfbc15f8bc7,2,covered,1.0
eec8d2bcf9bb9bfbc15f8bc7,3,covered,1.0
a98b14d92a8a798b8a6b6f5f,0,covered,1.0
a98b14d92a8a798b8a6b6f5f,1,covered,1.0
a98b14d92a8a798b8a6b6f5f,2,covered,1.0
a98b14d92a8a798b8a6b6f5f,3,covered,1.0
6b69deaa960b85a5b3265a54,0,covered,1.0
6b69deaa960b85a5b3265a54,1,covered,1.0
6b69deaa960b85a5b3265a54,2,covered,1.0
7832d333dac8ea0693979b99,0,covered,1.0
7832d333dac8ea0693979b99,1,covered,1.0
7832d333dac8ea0693979b99,2,covered,1.0
3e7310076d231ef1f08739e4,0,covered,1.0
3e7310076d231ef1f08739e4,1,covered,1.0
7587b0f066b8f1ad43830d80,0,covered,1.0
7587b0f066b8f1ad43830d80,1,covered,1.0
6726f3ec9afa867669198a37,0,covered,1.0
6726f3ec9afa867669198a37,1,covered,1.0
e43a35aef1fb1b3cc55295dc,0,covered,1.0
e43a35aef1fb1b3cc55295dc,1,covered,1.0
e43a35aef1fb1b3cc55295dc,2,covered,1.0
e43a35aef1fb1b3cc55295dc,3,covered,1.0
e43a35aef1fb1b3cc55295dc,4,covered,1.0
4dda8ca86f83526c594c1fb4,0,covered,1.0
4dda8ca86f83526c594c1fb4,1,covered,1.0
c26a37c0016b2e014017a800,0,covered,1.0
c26a37c0016b2e014017a800,1,covered,1.0
79b8292bfc6178975abdfaf4,0,covered,1.0
79b8292bfc6178975abdfaf4,1,covered,1.0
79b8292bfc6178975abdfaf4,2,covered,1.0
79b8292bfc6178975abdfaf4,3,covered,1.0
79b8292bfc6178975abdfaf4,4,covered,1.0
79b8292bfc6178975abdfaf4,5,covered,1.0
79b8292bfc6178975abdfaf4,6,covered,1.0
5ee01d65d1f3eaaa71a65f6b,0,covered,1.0
5ee01d65d1f3eaaa71a65f6b,1,covered,1.0
5ee01d65d1f3eaaa71a65f6b,2,covered,1.0
5ee01d65d1f3eaaa71a65f6b,3,covered,1.0
ad7b7cf3902e425abf662a33,0,covered,1.0
ad7b7cf3902e425abf662a33,1,covered,1.0
ad7b7cf3902e425abf662a33,2,covered,1.0
ad7b7cf3902e425abf662a33,3,covered,1.0
ad7b7cf3902e425abf662a33,4,covered,1.0
283a05b052658803bbf1d10c,0,covered,1.0
283a05b052658803bbf1d10c,1,covered,1.0
283a05b052658803bbf1d10c,2,covered,1.0
283a05b052658803bbf1d10c,3,covered,1.0
283a05b052658803bbf1d10c,4,covered,1.0
5c2cb98814c95104518c7170,0,covered,1.0
5c2cb98814c95104518c7170,1,covered,1.0
40fe8e721006e713e2aa2c17,0,covered,1.0
40fe8e721006e713e2aa2c17,1,covered,1.0
40fe8e721006e713e2aa2c17,2,covered,1.0
5330926fb2f924730903355f,0,partial,0.5
5330926fb2f924730903355f,1,covered,1.0
5330926fb2f924730903355f,2,covered,1.0
5330926fb2f924730903355f,3,covered,1.0
5330926fb2f924730903355f,4,covered,1.0
f444dfab56ec5350dc0b9c7e,0,covered,1.0
f444dfab56ec5350dc0b9c7e,1,covered,1.0
f444dfab56ec5350dc0b9c7e,2,covered,1.0
cd999887e6a2ed167725d1b3,0,covered,1.0
cd999887e6a2ed167725d1b3,1,covered,1.0
cd999887e6a2ed167725d1b3,2,covered,1.0
25beac0ad95880b2dbff7371,0,covered,1.0
25beac0ad95880b2dbff7371,1,covered,1.0
14c2537e12488c7252e1839b,0,covered,1.0
14c2537e12488c7252e1839b,1,covered,1.0
14c2537e12488c7252e1839b,2,covered,1.0
14c2537e12488c7252e1839b,3,covered,1.0
b77ca895271312f03403a251,0,covered,1.0
b77ca895271312f03403a251,1,covered,1.0
b77ca895271312f03403a251,2,covered,1.0
b77ca895271312f03403a251,3,covered,1.0
35e24d3deaa40fbb4269d7a3,0,covered,1.0
35e24d3deaa40fbb4269d7a3,1,covered,1.0
35e24d3deaa40fbb4269d7a3,2,covered,1.0
35e24d3deaa40fbb4269d7a3,3,covered,1.0
857ae9a7cda8a65ce7967feb,0,covered,1.0
857ae9a7cda8a65ce7967feb,1,covered,1.0
857ae9a7cda8a65ce7967feb,2,covered,1.0
de0da275dbac6c9b26074c80,0,covered,1.0
de0da275dbac6c9b26074c80,1,covered,1.0
de0da275dbac6c9b26074c80,2,covered,1.0
de0da275dbac6c9b26074c80,3,covered,1.0
b9fc9fc1d909430436a207d5,0,covered,1.0
b9fc9fc1d909430436a207d5,1,covered,1.0
b9fc9fc1d909430436a207d5,2,covered,1.0
b9fc9fc1d909430436a207d5,3,covered,1.0
44eea023fe03a6fd7050d42f,0,covered,1.0
44eea023fe03a6fd7050d42f,1,covered,1.0
44eea023fe03a6fd7050d42f,2,partial,0.5
44eea023fe03a6fd7050d42f,3,covered,1.0
44eea023fe03a6fd7050d42f,4,covered,1.0
d05227df302a35f848ae98da,0,covered,1.0
d05227df302a35f848ae98da,1,covered,1.0
d05227df302a35f848ae98da,2,covered,1.0
d05227df302a35f848ae98da,3,covered,1.0
2a34dbe50c85b9a46e8f2a03,0,covered,1.0
2a34dbe50c85b9a46e8f2a03,1,covered,1.0
2a34dbe50c85b9a46e8f2a03,2,covered,1.0
2a34dbe50c85b9a46e8f2a03,3,covered,1.0
2a34dbe50c85b9a46e8f2a03,4,covered,1.0
98c5c3c132275c4348bce1af,0,covered,1.0
98c5c3c132275c4348bce1af,1,covered,1.0
98c5c3c132275c4348bce1af,2,covered,1.0
ad195d7bbb4f8ddaa1725438,0,covered,1.0
ad195d7bbb4f8ddaa1725438,1,covered,1.0
ad195d7bbb4f8ddaa1725438,2,covered,1.0
8e56f90b806a0e12f7ea58ea,0,covered,1.0
8e56f90b806a0e12f7ea58ea,1,covered,1.0
8e56f90b806a0e12f7ea58ea,2,covered,1.0
40e76b2812edb35e666de3db,0,covered,1.0
40e76b2812edb35e666de3db,1,covered,1.0
40e76b2812edb35e666de3db,2,covered,1.0
1b0ff8e9ad462b395c22a0da,0,covered,1.0
1b0ff8e9ad462b395c22a0da,1,covered,1.0
1b0ff8e9ad462b395c22a0da,2,covered,1.0
1b0ff8e9ad462b395c22a0da,3,covered,1.0
1b0ff8e9ad462b395c22a0da,4,covered,1.0
1b0ff8e9ad462b395c22a0da,5,covered,1.0
d57a997f8251a4ee4230100d,0,covered,1.0
d57a997f8251a4ee4230100d,1,covered,1.0
d57a997f8251a4ee4230100d,2,covered,1.0
d57a997f8251a4ee4230100d,3,covered,1.0
d57a997f8251a4ee4230100d,4,covered,1.0
2c4fea60083389777b8debfc,0,covered,1.0
2c4fea60083389777b8debfc,1,covered,1.0
2c4fea60083389777b8debfc,2,covered,1.0
2c4fea60083389777b8debfc,3,covered,1.0
e8292aa0f8cc1b2b0df46aad,0,covered,1.0
e8292aa0f8cc1b2b0df46aad,1,covered,1.0
e8292aa0f8cc1b2b0df46aad,2,partial,0.5
e8292aa0f8cc1b2b0df46aad,3,covered,1.0
416130a120413c76f1468cfb,0,covered,1.0
416130a120413c76f1468cfb,1,covered,1.0
416130a120413c76f1468cfb,2,covered,1.0
3a669554c04df0003ad39cae,0,covered,1.0
3a669554c04df0003ad39cae,1,covered,1.0
3a669554c04df0003ad39cae,2,covered,1.0
3a669554c04df0003ad39cae,3,covered,1.0
d07fced355e9f77c459fbd4b,0,covered,1.0
d07fced355e9f77c459fbd4b,1,covered,1.0
d07fced355e9f77c459fbd4b,2,covered,1.0
d07fced355e9f77c459fbd4b,3,covered,1.0
b66989ffb21273a04fc9f867,0,covered,1.0
b66989ffb21273a04fc9f867,1,covered,1.0
b66989ffb21273a04fc9f867,2,covered,1.0
b66989ffb21273a04fc9f867,3,covered,1.0
b66989ffb21273a04fc9f867,4,covered,1.0
32107c604208bf2448f41532,0,covered,1.0
32107c604208bf2448f41532,1,covered,1.0
32107c604208bf2448f41532,2,covered,1.0
32107c604208bf2448f41532,3,covered,1.0
32107c604208bf2448f41532,4,covered,1.0
58cd5f145bd888440279068b,0,covered,1.0
58cd5f145bd888440279068b,1,covered,1.0
58cd5f145bd888440279068b,2,covered,1.0
58cd5f145bd888440279068b,3,covered,1.0
58cd5f145bd888440279068b,4,covered,1.0
cc18b6d854dd52b3e76c0000,0,covered,1.0
cc18b6d854dd52b3e76c0000,1,covered,1.0
cc18b6d854dd52b3e76c0000,2,covered,1.0
0286a0d6332c168875f866a8,0,covered,1.0
0286a0d6332c168875f866a8,1,covered,1.0
0286a0d6332c168875f866a8,2,covered,1.0
0286a0d6332c168875f866a8,3,covered,1.0
0286a0d6332c168875f866a8,4,covered,1.0
5e7b03b45afbdaf8d58fc1b8,0,covered,1.0
5e7b03b45afbdaf8d58fc1b8,1,covered,1.0
5e7b03b45afbdaf8d58fc1b8,2,covered,1.0
5e7b03b45afbdaf8d58fc1b8,3,covered,1.0
5e7b03b45afbdaf8d58fc1b8,4,covered,1.0
52cd202b8bc4da0f3c420aba,0,covered,1.0
52cd202b8bc4da0f3c420aba,1,covered,1.0
52cd202b8bc4da0f3c420aba,2,covered,1.0
8ea53129a6f24f469d2fca5a,0,covered,1.0
8ea53129a6f24f469d2fca5a,1,covered,1.0
8ea53129a6f24f469d2fca5a,2,covered,1.0
f8c9d1c9182e9787d46f6727,0,covered,1.0
f8c9d1c9182e9787d46f6727,1,covered,1.0
f8c9d1c9182e9787d46f6727,2,covered,1.0
f8c9d1c9182e9787d46f6727,3,covered,1.0
f8c9d1c9182e9787d46f6727,4,covered,1.0
60b499a67a72b5d717d62aa3,0,covered,1.0
60b499a67a72b5d717d62aa3,1,covered,1.0
60b499a67a72b5d717d62aa3,2,covered,1.0
60b499a67a72b5d717d62aa3,3,covered,1.0
60b499a67a72b5d717d62aa3,4,partial,0.5
0f75b2b05ed1ccc32054243a,0,covered,1.0
0f75b2b05ed1ccc32054243a,1,covered,1.0
0f75b2b05ed1ccc32054243a,2,covered,1.0
01eb42c7296549211e3a9892,0,covered,1.0
01eb42c7296549211e3a9892,1,covered,1.0
01eb42c7296549211e3a9892,2,covered,1.0
e2cef12fa63e7b64b771b4be,0,covered,1.0
e2cef12fa63e7b64b771b4be,1,covered,1.0
e2cef12fa63e7b64b771b4be,2,covered,1.0
e2cef12fa63e7b64b771b4be,3,covered,1.0
e2cef12fa63e7b64b771b4be,4,covered,1.0
e2cef12fa63e7b64b771b4be,5,covered,1.0
d725ed24080692487139c7ba,0,covered,1.0
d725ed24080692487139c7ba,1,covered,1.0
d725ed24080692487139c7ba,2,covered,1.0
d725ed24080692487139c7ba,3,covered,1.0
8f3dc7ceec8f1f7c5d16e884,0,covered,1.0
8f3dc7ceec8f1f7c5d16e884,1,covered,1.0
8f3dc7ceec8f1f7c5d16e884,2,covered,1.0
ead2a17e80a1f01f2955a6d2,0,covered,1.0
ead2a17e80a1f01f2955a6d2,1,covered,1.0
ead2a17e80a1f01f2955a6d2,2,covered,1.0
ead2a17e80a1f01f2955a6d2,3,covered,1.0
ead2a17e80a1f01f2955a6d2,4,covered,1.0
7dc01af9a25ae0e254ab341b,0,covered,1.0
7dc01af9a25ae0e254ab341b,1,covered,1.0
7dc01af9a25ae0e254ab341b,2,covered,1.0
7dc01af9a25ae0e254ab341b,3,covered,1.0
cedd5c7c105e9ba8ad802c88,0,partial,0.5
cedd5c7c105e9ba8ad802c88,1,covered,1.0
cedd5c7c105e9ba8ad802c88,2,covered,1.0
cedd5c7c105e9ba8ad802c88,3,covered,1.0
cedd5c7c105e9ba8ad802c88,4,covered,1.0
cedd5c7c105e9ba8ad802c88,5,covered,1.0
09148ae255428567b4e28be6,0,covered,1.0
09148ae255428567b4e28be6,1,covered,1.0
09148ae255428567b4e28be6,2,covered,1.0
09148ae255428567b4e28be6,3,covered,1.0
84d2a074e2a3bd9086161f25,0,covered,1.0
84d2a074e2a3bd9086161f25,1,covered,1.0
84d2a074e2a3bd9086161f25,2,covered,1.0
84d2a074e2a3bd9086161f25,3,covered,1.0
84d2a074e2a3bd9086161f25,4,covered,1.0
84d2a074e2a3bd9086161f25,5,covered,1.0
84d2a074e2a3bd9086161f25,6,covered,1.0
84d2a074e2a3bd9086161f25,7,covered,1.0
84d2a074e2a3bd9086161f25,8,covered,1.0
a5ad4db9c36f261e601e5a48,0,covered,1.0
a5ad4db9c36f261e601e5a48,1,covered,1.0
a5ad4db9c36f261e601e5a48,2,covered,1.0
a5ad4db9c36f261e601e5a48,3,covered,1.0
a5ad4db9c36f261e601e5a48,4,covered,1.0
6f3cb5e01f9d3a05f49919fe,0,covered,1.0
6f3cb5e01f9d3a05f49919fe,1,covered,1.0
6f3cb5e01f9d3a05f49919fe,2,covered,1.0
6f3cb5e01f9d3a05f49919fe,3,covered,1.0
651b2f27fdbe8f22fdfd8eff,0,covered,1.0
651b2f27fdbe8f22fdfd8eff,1,covered,1.0
651b2f27fdbe8f22fdfd8eff,2,covered,1.0
08c5d1a2df5232cce1a0afda,0,covered,1.0
08c5d1a2df5232cce1a0afda,1,covered,1.0
08c5d1a2df5232cce1a0afda,2,covered,1.0
08c5d1a2df5232cce1a0afda,3,covered,1.0
50a5aa889701da8e28f57926,0,covered,1.0
50a5aa889701da8e28f57926,1,covered,1.0
f658b2e0cb09cd15420dad68,0,covered,1.0
f658b2e0cb09cd15420dad68,1,covered,1.0
f658b2e0cb09cd15420dad68,2,covered,1.0
f658b2e0cb09cd15420dad68,3,covered,1.0
8eb7dac5f1fe9617405c3404,0,covered,1.0
8eb7dac5f1fe9617405c3404,1,covered,1.0
8eb7dac5f1fe9617405c3404,2,covered,1.0
efbe1f1bce34729c5a0816f5,0,covered,1.0
efbe1f1bce34729c5a0816f5,1,covered,1.0
f5ba19165f3e49282830c0ad,0,covered,1.0
f5ba19165f3e49282830c0ad,1,covered,1.0
f5ba19165f3e49282830c0ad,2,covered,1.0
f5ba19165f3e49282830c0ad,3,covered,1.0
95318348eb3a7ab62c713c61,0,covered,1.0
95318348eb3a7ab62c713c61,1,covered,1.0
95318348eb3a7ab62c713c61,2,covered,1.0
95318348eb3a7ab62c713c61,3,covered,1.0
2a012e1fbf84f9836da8f969,0,covered,1.0
2a012e1fbf84f9836da8f969,1,covered,1.0
2a012e1fbf84f9836da8f969,2,covered,1.0
a296a3645872157611110df6,0,covered,1.0
a296a3645872157611110df6,1,covered,1.0
a296a3645872157611110df6,2,covered,1.0
a296a3645872157611110df6,3,covered,1.0
a296a3645872157611110df6,4,covered,1.0
4f4d23ad42d8fccdc14abcac,0,covered,1.0
4f4d23ad42d8fccdc14abcac,1,covered,1.0
4f4d23ad42d8fccdc14abcac,2,covered,1.0
4f4d23ad42d8fccdc14abcac,3,covered,1.0
f592d284c09728eba4b8cc46,0,contradicted,0.0
f592d284c09728eba4b8cc46,1,contradicted,0.0
e0be433fc953a97e05fd3819,0,covered,1.0
e0be433fc953a97e05fd3819,1,covered,1.0
e0be433fc953a97e05fd3819,2,covered,1.0
9c49af73ba61dded50f43111,0,covered,1.0
9c49af73ba61dded50f43111,1,covered,1.0
9c49af73ba61dded50f43111,2,covered,1.0
f4010a2b315060d84406e254,0,covered,1.0
f4010a2b315060d84406e254,1,covered,1.0
f4010a2b315060d84406e254,2,covered,1.0
f4010a2b315060d84406e254,3,covered,1.0
fc766aba9f2216c3899ff3a6,0,covered,1.0
fc766aba9f2216c3899ff3a6,1,covered,1.0
fc766aba9f2216c3899ff3a6,2,covered,1.0
25849e37824bfe016fabd9fc,0,covered,1.0
25849e37824bfe016fabd9fc,1,covered,1.0
25849e37824bfe016fabd9fc,2,covered,1.0
25849e37824bfe016fabd9fc,3,covered,1.0
f9b755754ee0532fbbf8ab28,0,covered,1.0
f9b755754ee0532fbbf8ab28,1,covered,1.0
f9b755754ee0532fbbf8ab28,2,covered,1.0
7b43be40b87f1e652f77aa50,0,covered,1.0
7b43be40b87f1e652f77aa50,1,covered,1.0
55b60cc2a7ac8d1eab1f1cfb,0,covered,1.0
55b60cc2a7ac8d1eab1f1cfb,1,covered,1.0
55b60cc2a7ac8d1eab1f1cfb,2,covered,1.0
55b60cc2a7ac8d1eab1f1cfb,3,covered,1.0
2216b077c3cb7adbe7517744,0,partial,0.5
2216b077c3cb7adbe7517744,1,covered,1.0
2216b077c3cb7adbe7517744,2,covered,1.0
53d0f25d252ba59ed9fd558f,0,covered,1.0
53d0f25d252ba59ed9fd558f,1,covered,1.0
53d0f25d252ba59ed9fd558f,2,covered,1.0
53d0f25d252ba59ed9fd558f,3,covered,1.0
026feda26b8d97375cbc3ef5,0,covered,1.0
026feda26b8d97375cbc3ef5,1,covered,1.0
aec5be15db977c40dea12c56,0,covered,1.0
aec5be15db977c40dea12c56,1,covered,1.0
aec5be15db977c40dea12c56,2,covered,1.0
419dfe1df8a5e4ead348e136,0,covered,1.0
419dfe1df8a5e4ead348e136,1,covered,1.0
419dfe1df8a5e4ead348e136,2,covered,1.0
f9e96c63d8bda3c94a17aac2,0,covered,1.0
f9e96c63d8bda3c94a17aac2,1,covered,1.0
f9e96c63d8bda3c94a17aac2,2,covered,1.0
0ced25c15286fce2b2af9c26,0,covered,1.0
0ced25c15286fce2b2af9c26,1,covered,1.0
0ced25c15286fce2b2af9c26,2,covered,1.0
3127a8830f669cc4656e081a,0,covered,1.0
3127a8830f669cc4656e081a,1,covered,1.0
3127a8830f669cc4656e081a,2,covered,1.0
9707afabd30d2845e813eef3,0,covered,1.0
9707afabd30d2845e813eef3,1,covered,1.0
9707afabd30d2845e813eef3,2,covered,1.0
9707afabd30d2845e813eef3,3,covered,1.0
87d3841b5ecff879565e8691,0,covered,1.0
87d3841b5ecff879565e8691,1,covered,1.0
587469e9f5885e908273a7a4,0,covered,1.0
587469e9f5885e908273a7a4,1,covered,1.0
587469e9f5885e908273a7a4,2,covered,1.0
f50ae0542c1aa9ac5820f562,0,covered,1.0
f50ae0542c1aa9ac5820f562,1,covered,1.0
e544fd5b860d357c03bb0d8f,0,covered,1.0
e544fd5b860d357c03bb0d8f,1,covered,1.0
e544fd5b860d357c03bb0d8f,2,covered,1.0
667d25362cedacfea3a46e52,0,covered,1.0
667d25362cedacfea3a46e52,1,covered,1.0
667d25362cedacfea3a46e52,2,covered,1.0
2885618bf43e882b4f6a9a25,0,covered,1.0
2885618bf43e882b4f6a9a25,1,covered,1.0
2885618bf43e882b4f6a9a25,2,covered,1.0
2885618bf43e882b4f6a9a25,3,covered,1.0
2830a70df4849fe857f4ac6c,0,covered,1.0
2830a70df4849fe857f4ac6c,1,covered,1.0
2830a70df4849fe857f4ac6c,2,covered,1.0
fef6a7a2bf756510097be8e5,0,covered,1.0
fef6a7a2bf756510097be8e5,1,covered,1.0
fef6a7a2bf756510097be8e5,2,covered,1.0
fef6a7a2bf756510097be8e5,3,covered,1.0
fef6a7a2bf756510097be8e5,4,covered,1.0
623aa5fc3cafcdaa859f0ed1,0,covered,1.0
623aa5fc3cafcdaa859f0ed1,1,covered,1.0
623aa5fc3cafcdaa859f0ed1,2,covered,1.0
2b0102ead7499fec53fe1647,0,covered,1.0
2b0102ead7499fec53fe1647,1,covered,1.0
2b0102ead7499fec53fe1647,2,covered,1.0
0748007e826e51bbb5a4fd99,0,covered,1.0
0748007e826e51bbb5a4fd99,1,covered,1.0
0748007e826e51bbb5a4fd99,2,covered,1.0
0748007e826e51bbb5a4fd99,3,covered,1.0
3ee15f1bd213c10e5c0f3d11,0,covered,1.0
3ee15f1bd213c10e5c0f3d11,1,covered,1.0
3ee15f1bd213c10e5c0f3d11,2,covered,1.0
0d81156f19375bb9e9cd5d3f,0,covered,1.0
0d81156f19375bb9e9cd5d3f,1,covered,1.0
0d81156f19375bb9e9cd5d3f,2,covered,1.0
4ffe66176a6556bf633d592b,0,covered,1.0
4ffe66176a6556bf633d592b,1,covered,1.0
4ffe66176a6556bf633d592b,2,covered,1.0
197b2fb908c8d3bcc149e31b,0,covered,1.0
197b2fb908c8d3bcc149e31b,1,covered,1.0
8ea5f444dd3e93ff44426bac,0,covered,1.0
8ea5f444dd3e93ff44426bac,1,covered,1.0
8ea5f444dd3e93ff44426bac,2,covered,1.0
c9a7921a1a237cda98006ba0,0,covered,1.0
c9a7921a1a237cda98006ba0,1,covered,1.0
c9a7921a1a237cda98006ba0,2,covered,1.0
25bc5bdcb8e6c27574a74851,0,covered,1.0
25bc5bdcb8e6c27574a74851,1,covered,1.0
25bc5bdcb8e6c27574a74851,2,covered,1.0
25bc5bdcb8e6c27574a74851,3,covered,1.0
ba01239549bbf57a8ab93323,0,covered,1.0
ba01239549bbf57a8ab93323,1,covered,1.0
ba01239549bbf57a8ab93323,2,covered,1.0
ba01239549bbf57a8ab93323,3,covered,1.0
5c24750ddbc95a635776a60d,0,covered,1.0
5c24750ddbc95a635776a60d,1,covered,1.0
5c24750ddbc95a635776a60d,2,covered,1.0
c6b97494270438eb4e25a83c,0,covered,1.0
c6b97494270438eb4e25a83c,1,covered,1.0
c6b97494270438eb4e25a83c,2,covered,1.0
e7f177de98a75f4af30ef9e1,0,covered,1.0
e7f177de98a75f4af30ef9e1,1,covered,1.0
0d3d72b25e7364a0fd5c9139,0,covered,1.0
0d3d72b25e7364a0fd5c9139,1,covered,1.0
dd572d171b04e5d0864728e7,0,covered,1.0
dd572d171b04e5d0864728e7,1,covered,1.0
b3f32f6cb6e587a2d5b58124,0,covered,1.0
b3f32f6cb6e587a2d5b58124,1,covered,1.0
b3f32f6cb6e587a2d5b58124,2,covered,1.0
b3f32f6cb6e587a2d5b58124,3,covered,1.0
b3f32f6cb6e587a2d5b58124,4,covered,1.0
1cd6b8268ef1f53656af21b8,0,partial,0.5
1cd6b8268ef1f53656af21b8,1,partial,0.5
1bd74d11643f8756310bcfe8,0,covered,1.0
1bd74d11643f8756310bcfe8,1,covered,1.0
5c21cca0cc727a67900372f3,0,covered,1.0
5c21cca0cc727a67900372f3,1,covered,1.0
5c21cca0cc727a67900372f3,2,covered,1.0
5c21cca0cc727a67900372f3,3,covered,1.0
5c21cca0cc727a67900372f3,4,covered,1.0
5c21cca0cc727a67900372f3,5,covered,1.0
5c21cca0cc727a67900372f3,6,covered,1.0
15887faef48114327e908f73,0,covered,1.0
15887faef48114327e908f73,1,covered,1.0
15887faef48114327e908f73,2,covered,1.0
15887faef48114327e908f73,3,covered,1.0
d651326884e74d9637e8b016,0,covered,1.0
d651326884e74d9637e8b016,1,covered,1.0
d651326884e74d9637e8b016,2,covered,1.0
d651326884e74d9637e8b016,3,partial,0.5
d651326884e74d9637e8b016,4,covered,1.0
40c210e9a4c1cbb9340bb54e,0,covered,1.0
40c210e9a4c1cbb9340bb54e,1,covered,1.0
40c210e9a4c1cbb9340bb54e,2,covered,1.0
40c210e9a4c1cbb9340bb54e,3,covered,1.0
40c210e9a4c1cbb9340bb54e,4,covered,1.0
50a357dd8e09eb9334e531fb,0,covered,1.0
50a357dd8e09eb9334e531fb,1,covered,1.0
a61b305f3ea960e0a14e675c,0,covered,1.0
a61b305f3ea960e0a14e675c,1,covered,1.0
d859d6bb8ea71dee510cb4f6,0,covered,1.0
d859d6bb8ea71dee510cb4f6,1,covered,1.0
d859d6bb8ea71dee510cb4f6,2,covered,1.0
037ff24e749d54ac05013c54,0,covered,1.0
037ff24e749d54ac05013c54,1,covered,1.0
037ff24e749d54ac05013c54,2,covered,1.0
037ff24e749d54ac05013c54,3,covered,1.0
037ff24e749d54ac05013c54,4,covered,1.0
e1c6948f10732b2f8ff38f14,0,covered,1.0
e1c6948f10732b2f8ff38f14,1,covered,1.0
e1c6948f10732b2f8ff38f14,2,covered,1.0
b5782b8f6824a30ba60f848a,0,covered,1.0
b5782b8f6824a30ba60f848a,1,covered,1.0
b5782b8f6824a30ba60f848a,2,covered,1.0
b4cd437b9c656faa3d7c2b69,0,covered,1.0
b4cd437b9c656faa3d7c2b69,1,covered,1.0
94d46881073a9c340d35863d,0,covered,1.0
94d46881073a9c340d35863d,1,covered,1.0
94d46881073a9c340d35863d,2,covered,1.0
94d46881073a9c340d35863d,3,covered,1.0
74ff5f685a1152ad640d0274,0,covered,1.0
74ff5f685a1152ad640d0274,1,covered,1.0
74ff5f685a1152ad640d0274,2,covered,1.0
74ff5f685a1152ad640d0274,3,covered,1.0
4758292674cea3a5df30a42d,0,covered,1.0
4758292674cea3a5df30a42d,1,covered,1.0
4758292674cea3a5df30a42d,2,covered,1.0
4758292674cea3a5df30a42d,3,covered,1.0
319e998cc28ec8ff2338199b,0,covered,1.0
319e998cc28ec8ff2338199b,1,covered,1.0
319e998cc28ec8ff2338199b,2,covered,1.0
a771111e3cdcfbc2450cb2e7,0,covered,1.0
a771111e3cdcfbc2450cb2e7,1,covered,1.0
a771111e3cdcfbc2450cb2e7,2,covered,1.0
a771111e3cdcfbc2450cb2e7,3,covered,1.0
20fa7382be429f6d51ea803c,0,covered,1.0
20fa7382be429f6d51ea803c,1,covered,1.0
20fa7382be429f6d51ea803c,2,covered,1.0
20fa7382be429f6d51ea803c,3,covered,1.0
e3a56d00514c0f23a826e1df,0,covered,1.0
e3a56d00514c0f23a826e1df,1,covered,1.0
e3a56d00514c0f23a826e1df,2,partial,0.5
e3a56d00514c0f23a826e1df,3,covered,1.0
e3a56d00514c0f23a826e1df,4,covered,1.0
76c0c550becf9ae683fb8329,0,covered,1.0
76c0c550becf9ae683fb8329,1,covered,1.0
76c0c550becf9ae683fb8329,2,covered,1.0
76c0c550becf9ae683fb8329,3,covered,1.0
96cf869136caf95ccc06cf2f,0,covered,1.0
96cf869136caf95ccc06cf2f,1,covered,1.0
96cf869136caf95ccc06cf2f,2,covered,1.0
96cf869136caf95ccc06cf2f,3,covered,1.0
96cf869136caf95ccc06cf2f,4,covered,1.0
e3dd2e5617d9df028108f2fb,0,covered,1.0
e3dd2e5617d9df028108f2fb,1,covered,1.0
e3dd2e5617d9df028108f2fb,2,covered,1.0
b9d726f2bb901e928083143d,0,covered,1.0
b9d726f2bb901e928083143d,1,covered,1.0
b9d726f2bb901e928083143d,2,covered,1.0
39549c0040e8532b2f083724,0,covered,1.0
39549c0040e8532b2f083724,1,covered,1.0
39549c0040e8532b2f083724,2,covered,1.0
fbc670b05c5b04976b02f998,0,covered,1.0
fbc670b05c5b04976b02f998,1,covered,1.0
fbc670b05c5b04976b02f998,2,covered,1.0
4dccec85bb2c6903c86bb636,0,covered,1.0
4dccec85bb2c6903c86bb636,1,covered,1.0
4dccec85bb2c6903c86bb636,2,covered,1.0
4dccec85bb2c6903c86bb636,3,partial,0.5
4dccec85bb2c6903c86bb636,4,covered,1.0
4dccec85bb2c6903c86bb636,5,covered,1.0
cdae97c77239c505f494ee0f,0,covered,1.0
cdae97c77239c505f494ee0f,1,covered,1.0
cdae97c77239c505f494ee0f,2,covered,1.0
cdae97c77239c505f494ee0f,3,covered,1.0
cdae97c77239c505f494ee0f,4,covered,1.0
d6b91b942d05f8971b8c9f01,0,covered,1.0
d6b91b942d05f8971b8c9f01,1,covered,1.0
d6b91b942d05f8971b8c9f01,2,covered,1.0
d6b91b942d05f8971b8c9f01,3,covered,1.0
50e38c4a9e94ba1a68681ccd,0,covered,1.0
50e38c4a9e94ba1a68681ccd,1,covered,1.0
50e38c4a9e94ba1a68681ccd,2,covered,1.0
50e38c4a9e94ba1a68681ccd,3,covered,1.0
87956aab44ac4456adc8e172,0,covered,1.0
87956aab44ac4456adc8e172,1,covered,1.0
87956aab44ac4456adc8e172,2,covered,1.0
dc4aeef79c373602126e421b,0,covered,1.0
dc4aeef79c373602126e421b,1,covered,1.0
dc4aeef79c373602126e421b,2,covered,1.0
dc4aeef79c373602126e421b,3,covered,1.0
0ad57b8151179c921c814753,0,covered,1.0
0ad57b8151179c921c814753,1,covered,1.0
0ad57b8151179c921c814753,2,covered,1.0
0ad57b8151179c921c814753,3,covered,1.0
8388f3411910740cc7c9006a,0,covered,1.0
8388f3411910740cc7c9006a,1,covered,1.0
8388f3411910740cc7c9006a,2,covered,1.0
8388f3411910740cc7c9006a,3,covered,1.0
8388f3411910740cc7c9006a,4,covered,1.0
617087716f39db70561bfe0d,0,covered,1.0
617087716f39db70561bfe0d,1,covered,1.0
617087716f39db70561bfe0d,2,covered,1.0
617087716f39db70561bfe0d,3,covered,1.0
617087716f39db70561bfe0d,4,covered,1.0
5e1722cfea1af578871fb4e3,0,covered,1.0
5e1722cfea1af578871fb4e3,1,covered,1.0
5e1722cfea1af578871fb4e3,2,covered,1.0
5e1722cfea1af578871fb4e3,3,covered,1.0
5e1722cfea1af578871fb4e3,4,partial,0.5
5db2fb715d87f35a3967f92b,0,covered,1.0
5db2fb715d87f35a3967f92b,1,covered,1.0
5db2fb715d87f35a3967f92b,2,covered,1.0
5bb0609325fbce8aa37ef566,0,covered,1.0
5bb0609325fbce8aa37ef566,1,partial,0.5
5bb0609325fbce8aa37ef566,2,covered,1.0
5bb0609325fbce8aa37ef566,3,partial,0.5
5bb0609325fbce8aa37ef566,4,covered,1.0
5efaa9adb1d39a016e843f36,0,missing,0.0
5efaa9adb1d39a016e843f36,1,covered,1.0
5efaa9adb1d39a016e843f36,2,covered,1.0
5efaa9adb1d39a016e843f36,3,partial,0.5
5efaa9adb1d39a016e843f36,4,missing,0.0
49cf5fdfbb672b75858bd308,0,covered,1.0
49cf5fdfbb672b75858bd308,1,covered,1.0
49cf5fdfbb672b75858bd308,2,covered,1.0
dc091d59de545eba5c302525,0,covered,1.0
dc091d59de545eba5c302525,1,covered,1.0
dc091d59de545eba5c302525,2,covered,1.0
59dffcbf8dfcef1dd5e2aa15,0,covered,1.0
59dffcbf8dfcef1dd5e2aa15,1,covered,1.0
59dffcbf8dfcef1dd5e2aa15,2,covered,1.0
59dffcbf8dfcef1dd5e2aa15,3,covered,1.0
59dffcbf8dfcef1dd5e2aa15,4,covered,1.0
1c9228ae8970b928d1d82d08,0,covered,1.0
1c9228ae8970b928d1d82d08,1,covered,1.0
1c9228ae8970b928d1d82d08,2,covered,1.0
9b97ee12654bc2e3f8bcc37e,0,covered,1.0
9b97ee12654bc2e3f8bcc37e,1,covered,1.0
9b97ee12654bc2e3f8bcc37e,2,covered,1.0
c05b7ef60ed2cb492316d4ac,0,covered,1.0
c05b7ef60ed2cb492316d4ac,1,covered,1.0
c05b7ef60ed2cb492316d4ac,2,covered,1.0
c05b7ef60ed2cb492316d4ac,3,covered,1.0
c05b7ef60ed2cb492316d4ac,4,covered,1.0
c05b7ef60ed2cb492316d4ac,5,covered,1.0
0b4f33d6d3705d8ff653b4b8,0,covered,1.0
0b4f33d6d3705d8ff653b4b8,1,covered,1.0
0b4f33d6d3705d8ff653b4b8,2,covered,1.0
0b4f33d6d3705d8ff653b4b8,3,covered,1.0
8e4906eb51e091469caeecbd,0,covered,1.0
8e4906eb51e091469caeecbd,1,covered,1.0
8e4906eb51e091469caeecbd,2,covered,1.0
f0582e254a22d7284ffcb1e5,0,covered,1.0
f0582e254a22d7284ffcb1e5,1,covered,1.0
f0582e254a22d7284ffcb1e5,2,covered,1.0
f0582e254a22d7284ffcb1e5,3,covered,1.0
f0582e254a22d7284ffcb1e5,4,covered,1.0
1f0733933a1e1f17aa3eac82,0,covered,1.0
1f0733933a1e1f17aa3eac82,1,covered,1.0
1f0733933a1e1f17aa3eac82,2,covered,1.0
1f0733933a1e1f17aa3eac82,3,covered,1.0
fdbbf44e36ca3cc45f7e994d,0,partial,0.5
fdbbf44e36ca3cc45f7e994d,1,covered,1.0
fdbbf44e36ca3cc45f7e994d,2,covered,1.0
fdbbf44e36ca3cc45f7e994d,3,covered,1.0
fdbbf44e36ca3cc45f7e994d,4,covered,1.0
fdbbf44e36ca3cc45f7e994d,5,missing,0.0
7eaf9a15d6b4b7949ae7d887,0,covered,1.0
7eaf9a15d6b4b7949ae7d887,1,covered,1.0
7eaf9a15d6b4b7949ae7d887,2,covered,1.0
7eaf9a15d6b4b7949ae7d887,3,covered,1.0
fdd362e5a8efc417e84573ab,0,covered,1.0
fdd362e5a8efc417e84573ab,1,covered,1.0
fdd362e5a8efc417e84573ab,2,covered,1.0
fdd362e5a8efc417e84573ab,3,covered,1.0
fdd362e5a8efc417e84573ab,4,partial,0.5
fdd362e5a8efc417e84573ab,5,covered,1.0
fdd362e5a8efc417e84573ab,6,covered,1.0
fdd362e5a8efc417e84573ab,7,covered,1.0
fdd362e5a8efc417e84573ab,8,covered,1.0
9121b587a4539650fca05b21,0,covered,1.0
9121b587a4539650fca05b21,1,covered,1.0
9121b587a4539650fca05b21,2,covered,1.0
9121b587a4539650fca05b21,3,covered,1.0
9121b587a4539650fca05b21,4,covered,1.0
75dbd8a947b2dbf530c284cb,0,covered,1.0
75dbd8a947b2dbf530c284cb,1,covered,1.0
75dbd8a947b2dbf530c284cb,2,covered,1.0
75dbd8a947b2dbf530c284cb,3,covered,1.0
46748316150b55a4bbf67715,0,covered,1.0
46748316150b55a4bbf67715,1,covered,1.0
46748316150b55a4bbf67715,2,covered,1.0
2a2867f4c436090169321e4a,0,covered,1.0
2a2867f4c436090169321e4a,1,covered,1.0
2a2867f4c436090169321e4a,2,covered,1.0
2a2867f4c436090169321e4a,3,covered,1.0
966927a91ce830073df95a75,0,contradicted,0.0
966927a91ce830073df95a75,1,covered,1.0
676e1eed7df9393f3ea34636,0,covered,1.0
676e1eed7df9393f3ea34636,1,covered,1.0
676e1eed7df9393f3ea34636,2,covered,1.0
676e1eed7df9393f3ea34636,3,covered,1.0
f4166c94cd4e4d9ebb089ccf,0,covered,1.0
f4166c94cd4e4d9ebb089ccf,1,covered,1.0
f4166c94cd4e4d9ebb089ccf,2,covered,1.0
130268ae5f228cd2d55151c4,0,covered,1.0
130268ae5f228cd2d55151c4,1,covered,1.0
3e1358ccfcf21271c50dbeb2,0,covered,1.0
3e1358ccfcf21271c50dbeb2,1,covered,1.0
3e1358ccfcf21271c50dbeb2,2,covered,1.0
3e1358ccfcf21271c50dbeb2,3,covered,1.0
609b66dfec0487ca72efbbda,0,covered,1.0
609b66dfec0487ca72efbbda,1,covered,1.0
609b66dfec0487ca72efbbda,2,covered,1.0
609b66dfec0487ca72efbbda,3,covered,1.0
df9cd2a1bfd25dc1d54eaf8f,0,covered,1.0
df9cd2a1bfd25dc1d54eaf8f,1,covered,1.0
df9cd2a1bfd25dc1d54eaf8f,2,covered,1.0
13a101359526837c19644ca5,0,covered,1.0
13a101359526837c19644ca5,1,covered,1.0
13a101359526837c19644ca5,2,covered,1.0
13a101359526837c19644ca5,3,covered,1.0
13a101359526837c19644ca5,4,covered,1.0
cc3b21d97b4d242971b12905,0,covered,1.0
cc3b21d97b4d242971b12905,1,contradicted,0.0
0aecfccf62df03179c4f38d8,0,covered,1.0
0aecfccf62df03179c4f38d8,1,covered,1.0
0aecfccf62df03179c4f38d8,2,covered,1.0
43153a1c9d1cfb4fbd19b9b5,0,covered,1.0
43153a1c9d1cfb4fbd19b9b5,1,covered,1.0
43153a1c9d1cfb4fbd19b9b5,2,covered,1.0
0710bf3b3902c0aa4713af2e,0,covered,1.0
0710bf3b3902c0aa4713af2e,1,covered,1.0
0710bf3b3902c0aa4713af2e,2,covered,1.0
0710bf3b3902c0aa4713af2e,3,covered,1.0
8d2907a4c8a56007decc31d3,0,covered,1.0
8d2907a4c8a56007decc31d3,1,covered,1.0
8d2907a4c8a56007decc31d3,2,covered,1.0
67462615f6b1a2755d220a78,0,covered,1.0
67462615f6b1a2755d220a78,1,covered,1.0
67462615f6b1a2755d220a78,2,covered,1.0
67462615f6b1a2755d220a78,3,covered,1.0
7f7a6a78e9f391afaeb87d25,0,covered,1.0
7f7a6a78e9f391afaeb87d25,1,covered,1.0
7f7a6a78e9f391afaeb87d25,2,covered,1.0
319541a1de535a6757a103cc,0,covered,1.0
319541a1de535a6757a103cc,1,covered,1.0
9db6adafc79d9eee7e346ac6,0,covered,1.0
9db6adafc79d9eee7e346ac6,1,covered,1.0
9db6adafc79d9eee7e346ac6,2,covered,1.0
9db6adafc79d9eee7e346ac6,3,covered,1.0
a147fc7f52df8a3d2e39aafa,0,covered,1.0
a147fc7f52df8a3d2e39aafa,1,covered,1.0
a147fc7f52df8a3d2e39aafa,2,covered,1.0
cd71a86f64a7b1625edfc36f,0,covered,1.0
cd71a86f64a7b1625edfc36f,1,covered,1.0
cd71a86f64a7b1625edfc36f,2,covered,1.0
cd71a86f64a7b1625edfc36f,3,covered,1.0
1ccf3bbfd61b9d06d7c6d598,0,covered,1.0
1ccf3bbfd61b9d06d7c6d598,1,covered,1.0
8a6a8d25de8707cb7e4b629f,0,covered,1.0
8a6a8d25de8707cb7e4b629f,1,covered,1.0
8a6a8d25de8707cb7e4b629f,2,covered,1.0
98e55ed71e48c50245e3ed25,0,covered,1.0
98e55ed71e48c50245e3ed25,1,covered,1.0
98e55ed71e48c50245e3ed25,2,covered,1.0
b3aae3bb89b1048724e2047c,0,covered,1.0
b3aae3bb89b1048724e2047c,1,covered,1.0
b3aae3bb89b1048724e2047c,2,covered,1.0
c058009ddeca97a2ffdfdaf5,0,covered,1.0
c058009ddeca97a2ffdfdaf5,1,covered,1.0
c058009ddeca97a2ffdfdaf5,2,covered,1.0
8a59f0754486b332db7ca1c3,0,covered,1.0
8a59f0754486b332db7ca1c3,1,covered,1.0
8a59f0754486b332db7ca1c3,2,covered,1.0
b49c0c270f0caca7c473b6e9,0,covered,1.0
b49c0c270f0caca7c473b6e9,1,covered,1.0
b49c0c270f0caca7c473b6e9,2,covered,1.0
b49c0c270f0caca7c473b6e9,3,covered,1.0
9b5ff6c2a122ea4200e6e24a,0,covered,1.0
9b5ff6c2a122ea4200e6e24a,1,covered,1.0
b38589e3d177e3bf1629867d,0,covered,1.0
b38589e3d177e3bf1629867d,1,covered,1.0
b38589e3d177e3bf1629867d,2,covered,1.0
2b695964d85c20c1e779c890,0,covered,1.0
2b695964d85c20c1e779c890,1,covered,1.0
7d19d8f063b6a645d11d4be0,0,covered,1.0
7d19d8f063b6a645d11d4be0,1,covered,1.0
7d19d8f063b6a645d11d4be0,2,covered,1.0
f07d37d907e7e2dccb586b9f,0,covered,1.0
f07d37d907e7e2dccb586b9f,1,covered,1.0
f07d37d907e7e2dccb586b9f,2,covered,1.0
a22ed7fb1f48924f21f425b7,0,covered,1.0
a22ed7fb1f48924f21f425b7,1,covered,1.0
a22ed7fb1f48924f21f425b7,2,covered,1.0
35b066b1aa7bd782a62f4fc8,0,covered,1.0
35b066b1aa7bd782a62f4fc8,1,covered,1.0
35b066b1aa7bd782a62f4fc8,2,covered,1.0
35b066b1aa7bd782a62f4fc8,3,covered,1.0
d5259c54685e6f7387b5c98a,0,covered,1.0
d5259c54685e6f7387b5c98a,1,covered,1.0
d5259c54685e6f7387b5c98a,2,covered,1.0
52174de89287f2fb272f345d,0,covered,1.0
52174de89287f2fb272f345d,1,covered,1.0
52174de89287f2fb272f345d,2,covered,1.0
52174de89287f2fb272f345d,3,covered,1.0
52174de89287f2fb272f345d,4,covered,1.0
192fb191a59ee62467819c4b,0,covered,1.0
192fb191a59ee62467819c4b,1,covered,1.0
192fb191a59ee62467819c4b,2,covered,1.0
4d512eadf5f55f5e4ef80cad,0,covered,1.0
4d512eadf5f55f5e4ef80cad,1,covered,1.0
4d512eadf5f55f5e4ef80cad,2,covered,1.0
8066262fb49b5fd27ff25935,0,covered,1.0
8066262fb49b5fd27ff25935,1,covered,1.0
8066262fb49b5fd27ff25935,2,covered,1.0
8066262fb49b5fd27ff25935,3,covered,1.0
14085a940b4416030461306e,0,covered,1.0
14085a940b4416030461306e,1,covered,1.0
14085a940b4416030461306e,2,covered,1.0
f2ec99d8c8df61d91e9ecc35,0,covered,1.0
f2ec99d8c8df61d91e9ecc35,1,covered,1.0
f2ec99d8c8df61d91e9ecc35,2,covered,1.0
7951118bdbad48232be42cf8,0,covered,1.0
7951118bdbad48232be42cf8,1,covered,1.0
7951118bdbad48232be42cf8,2,covered,1.0
9170e7ada6f4afd476c9f4a3,0,covered,1.0
9170e7ada6f4afd476c9f4a3,1,covered,1.0
5ad2158930864424b4411ae4,0,covered,1.0
5ad2158930864424b4411ae4,1,covered,1.0
5ad2158930864424b4411ae4,2,covered,1.0
0abf3eeeaf115e6f98e068de,0,covered,1.0
0abf3eeeaf115e6f98e068de,1,partial,0.5
0abf3eeeaf115e6f98e068de,2,covered,1.0
c61f739993b0ecb292720bdb,0,covered,1.0
c61f739993b0ecb292720bdb,1,covered,1.0
c61f739993b0ecb292720bdb,2,covered,1.0
c61f739993b0ecb292720bdb,3,covered,1.0
e4bb6686e31e4fa912f260a1,0,covered,1.0
e4bb6686e31e4fa912f260a1,1,covered,1.0
e4bb6686e31e4fa912f260a1,2,covered,1.0
e4bb6686e31e4fa912f260a1,3,covered,1.0
c4c6bc5df0a65ad801c5a825,0,covered,1.0
c4c6bc5df0a65ad801c5a825,1,covered,1.0
c4c6bc5df0a65ad801c5a825,2,covered,1.0
4cf8ff348c948dd6374b14da,0,covered,1.0
4cf8ff348c948dd6374b14da,1,covered,1.0
4cf8ff348c948dd6374b14da,2,covered,1.0
52d51cd8e00824fdb3c66f76,0,covered,1.0
52d51cd8e00824fdb3c66f76,1,covered,1.0
406596d634af1f7c02c83b79,0,covered,1.0
406596d634af1f7c02c83b79,1,covered,1.0
81d21ae2566a76ef5582beb6,0,covered,1.0
81d21ae2566a76ef5582beb6,1,covered,1.0
b948b3d92cdadfcd6b017cf3,0,missing,0.0
b948b3d92cdadfcd6b017cf3,1,covered,1.0
b948b3d92cdadfcd6b017cf3,2,covered,1.0
b948b3d92cdadfcd6b017cf3,3,covered,1.0
b948b3d92cdadfcd6b017cf3,4,covered,1.0
4ce91b8bf15df26da3b56162,0,covered,1.0
4ce91b8bf15df26da3b56162,1,covered,1.0
971db3fd2e5d6cba12d508dc,0,covered,1.0
971db3fd2e5d6cba12d508dc,1,covered,1.0
78b4bfd84e70d8b6ccd8a854,0,covered,1.0
78b4bfd84e70d8b6ccd8a854,1,covered,1.0
78b4bfd84e70d8b6ccd8a854,2,covered,1.0
78b4bfd84e70d8b6ccd8a854,3,covered,1.0
78b4bfd84e70d8b6ccd8a854,4,covered,1.0
78b4bfd84e70d8b6ccd8a854,5,covered,1.0
78b4bfd84e70d8b6ccd8a854,6,covered,1.0
89b41f518422b9596890704c,0,covered,1.0
89b41f518422b9596890704c,1,covered,1.0
89b41f518422b9596890704c,2,covered,1.0
89b41f518422b9596890704c,3,covered,1.0
4243703b4b64e6344679e21d,0,covered,1.0
4243703b4b64e6344679e21d,1,covered,1.0
4243703b4b64e6344679e21d,2,covered,1.0
4243703b4b64e6344679e21d,3,covered,1.0
4243703b4b64e6344679e21d,4,covered,1.0
2349a17fcb4b8c2f031d9156,0,covered,1.0
2349a17fcb4b8c2f031d9156,1,covered,1.0
b4eb01a98a9fa308c9492704,0,covered,1.0
b4eb01a98a9fa308c9492704,1,covered,1.0
610dc0697a71b803060fa642,0,covered,1.0
610dc0697a71b803060fa642,1,covered,1.0
610dc0697a71b803060fa642,2,covered,1.0
524267265d0c6e01378cebaa,0,covered,1.0
524267265d0c6e01378cebaa,1,covered,1.0
524267265d0c6e01378cebaa,2,covered,1.0
524267265d0c6e01378cebaa,3,covered,1.0
524267265d0c6e01378cebaa,4,covered,1.0
31d4075ddb597c4707eaaf86,0,covered,1.0
31d4075ddb597c4707eaaf86,1,covered,1.0
31d4075ddb597c4707eaaf86,2,covered,1.0
19465799047c1042cb9e64ac,0,covered,1.0
19465799047c1042cb9e64ac,1,covered,1.0
19465799047c1042cb9e64ac,2,covered,1.0
f0cfc30b813246ec974c83fb,0,covered,1.0
f0cfc30b813246ec974c83fb,1,covered,1.0
d933b9091127f8d502d2d82c,0,covered,1.0
d933b9091127f8d502d2d82c,1,covered,1.0
d933b9091127f8d502d2d82c,2,covered,1.0
d933b9091127f8d502d2d82c,3,covered,1.0
f2a7899dbb0d8dcb9e2050a4,0,covered,1.0
f2a7899dbb0d8dcb9e2050a4,1,covered,1.0
f2a7899dbb0d8dcb9e2050a4,2,contradicted,0.0
f2a7899dbb0d8dcb9e2050a4,3,covered,1.0
b613d7e7496cec54db7c6489,0,covered,1.0
b613d7e7496cec54db7c6489,1,covered,1.0
b613d7e7496cec54db7c6489,2,covered,1.0
b613d7e7496cec54db7c6489,3,covered,1.0
ac75c0659e0af3bec538f0b9,0,covered,1.0
ac75c0659e0af3bec538f0b9,1,covered,1.0
ac75c0659e0af3bec538f0b9,2,covered,1.0
64f0b8927b08b071bfe711e3,0,covered,1.0
64f0b8927b08b071bfe711e3,1,covered,1.0
64f0b8927b08b071bfe711e3,2,covered,1.0
64f0b8927b08b071bfe711e3,3,covered,1.0
526c911a82baae2222e471b8,0,covered,1.0
526c911a82baae2222e471b8,1,covered,1.0
526c911a82baae2222e471b8,2,covered,1.0
526c911a82baae2222e471b8,3,covered,1.0
db8430c5346a18df18a32536,0,covered,1.0
db8430c5346a18df18a32536,1,covered,1.0
db8430c5346a18df18a32536,2,partial,0.5
db8430c5346a18df18a32536,3,covered,1.0
db8430c5346a18df18a32536,4,covered,1.0
82390b856f6fcdfd5d9d4ee9,0,covered,1.0
82390b856f6fcdfd5d9d4ee9,1,covered,1.0
82390b856f6fcdfd5d9d4ee9,2,covered,1.0
82390b856f6fcdfd5d9d4ee9,3,covered,1.0
26321c2b6f54fc0f0aa7a25d,0,covered,1.0
26321c2b6f54fc0f0aa7a25d,1,covered,1.0
26321c2b6f54fc0f0aa7a25d,2,covered,1.0
26321c2b6f54fc0f0aa7a25d,3,covered,1.0
26321c2b6f54fc0f0aa7a25d,4,covered,1.0
3c84571aaaba5977ddc1c078,0,covered,1.0
3c84571aaaba5977ddc1c078,1,covered,1.0
3c84571aaaba5977ddc1c078,2,covered,1.0
70b1d8bf675a33777fd99b42,0,covered,1.0
70b1d8bf675a33777fd99b42,1,covered,1.0
70b1d8bf675a33777fd99b42,2,covered,1.0
38d8bc43e85e5be13e798308,0,covered,1.0
38d8bc43e85e5be13e798308,1,covered,1.0
38d8bc43e85e5be13e798308,2,covered,1.0
c2aec5efc393aba91d1236f7,0,covered,1.0
c2aec5efc393aba91d1236f7,1,covered,1.0
c2aec5efc393aba91d1236f7,2,covered,1.0
650c4d171dd732a1d0eef0fa,0,covered,1.0
650c4d171dd732a1d0eef0fa,1,covered,1.0
650c4d171dd732a1d0eef0fa,2,covered,1.0
650c4d171dd732a1d0eef0fa,3,contradicted,0.0
650c4d171dd732a1d0eef0fa,4,covered,1.0
650c4d171dd732a1d0eef0fa,5,covered,1.0
41cb8fea762f1ca3831ad527,0,covered,1.0
41cb8fea762f1ca3831ad527,1,covered,1.0
41cb8fea762f1ca3831ad527,2,covered,1.0
41cb8fea762f1ca3831ad527,3,covered,1.0
41cb8fea762f1ca3831ad527,4,covered,1.0
ba2514c470888e4a960225fe,0,covered,1.0
ba2514c470888e4a960225fe,1,covered,1.0
ba2514c470888e4a960225fe,2,covered,1.0
ba2514c470888e4a960225fe,3,covered,1.0
6c47fb466a65ff77ceff995b,0,covered,1.0
6c47fb466a65ff77ceff995b,1,covered,1.0
6c47fb466a65ff77ceff995b,2,covered,1.0
6c47fb466a65ff77ceff995b,3,covered,1.0
8aa11ac179284615fdb68da5,0,covered,1.0
8aa11ac179284615fdb68da5,1,covered,1.0
8aa11ac179284615fdb68da5,2,covered,1.0
13d95e47b17ee9c617af726d,0,covered,1.0
13d95e47b17ee9c617af726d,1,covered,1.0
13d95e47b17ee9c617af726d,2,covered,1.0
13d95e47b17ee9c617af726d,3,covered,1.0
802d25d1ebf87ec8266e902c,0,covered,1.0
802d25d1ebf87ec8266e902c,1,covered,1.0
802d25d1ebf87ec8266e902c,2,covered,1.0
802d25d1ebf87ec8266e902c,3,covered,1.0
d1a1e5689377586ea531552e,0,covered,1.0
d1a1e5689377586ea531552e,1,covered,1.0
d1a1e5689377586ea531552e,2,covered,1.0
d1a1e5689377586ea531552e,3,covered,1.0
d1a1e5689377586ea531552e,4,covered,1.0
cdbf6528b2d35ecaea423858,0,covered,1.0
cdbf6528b2d35ecaea423858,1,covered,1.0
cdbf6528b2d35ecaea423858,2,covered,1.0
cdbf6528b2d35ecaea423858,3,covered,1.0
cdbf6528b2d35ecaea423858,4,covered,1.0
32e4227da3cb3c4d7687b193,0,covered,1.0
32e4227da3cb3c4d7687b193,1,covered,1.0
32e4227da3cb3c4d7687b193,2,covered,1.0
32e4227da3cb3c4d7687b193,3,covered,1.0
32e4227da3cb3c4d7687b193,4,covered,1.0
32cfc9b591f288df6d82e6fa,0,covered,1.0
32cfc9b591f288df6d82e6fa,1,covered,1.0
32cfc9b591f288df6d82e6fa,2,covered,1.0
622fde698beefa54baf5402f,0,covered,1.0
622fde698beefa54baf5402f,1,covered,1.0
622fde698beefa54baf5402f,2,covered,1.0
622fde698beefa54baf5402f,3,covered,1.0
622fde698beefa54baf5402f,4,covered,1.0
f51bb36646508084ef64db72,0,covered,1.0
f51bb36646508084ef64db72,1,covered,1.0
f51bb36646508084ef64db72,2,covered,1.0
f51bb36646508084ef64db72,3,covered,1.0
f51bb36646508084ef64db72,4,missing,0.0
3fd05399a3bf3c16d5312d3d,0,covered,1.0
3fd05399a3bf3c16d5312d3d,1,covered,1.0
3fd05399a3bf3c16d5312d3d,2,covered,1.0
c0b9329676ff8408e20c2dd4,0,covered,1.0
c0b9329676ff8408e20c2dd4,1,covered,1.0
c0b9329676ff8408e20c2dd4,2,covered,1.0
721f867bb2639e536c3e48cd,0,covered,1.0
721f867bb2639e536c3e48cd,1,covered,1.0
721f867bb2639e536c3e48cd,2,covered,1.0
721f867bb2639e536c3e48cd,3,covered,1.0
721f867bb2639e536c3e48cd,4,covered,1.0
80d9aad53604c45a057f8f12,0,covered,1.0
80d9aad53604c45a057f8f12,1,covered,1.0
80d9aad53604c45a057f8f12,2,covered,1.0
595b04f37817ac4b7c771d83,0,covered,1.0
595b04f37817ac4b7c771d83,1,covered,1.0
595b04f37817ac4b7c771d83,2,covered,1.0
fb9475dc6278ce33e10a4e2f,0,covered,1.0
fb9475dc6278ce33e10a4e2f,1,covered,1.0
fb9475dc6278ce33e10a4e2f,2,covered,1.0
fb9475dc6278ce33e10a4e2f,3,covered,1.0
fb9475dc6278ce33e10a4e2f,4,covered,1.0
fb9475dc6278ce33e10a4e2f,5,covered,1.0
f2c6491ab9fccbc805c4f86c,0,covered,1.0
f2c6491ab9fccbc805c4f86c,1,covered,1.0
f2c6491ab9fccbc805c4f86c,2,covered,1.0
f2c6491ab9fccbc805c4f86c,3,covered,1.0
6db4430f2b719441ca9ea353,0,covered,1.0
6db4430f2b719441ca9ea353,1,covered,1.0
6db4430f2b719441ca9ea353,2,covered,1.0
7bf77c8f98946cba69c6cfbd,0,covered,1.0
7bf77c8f98946cba69c6cfbd,1,covered,1.0
7bf77c8f98946cba69c6cfbd,2,covered,1.0
7bf77c8f98946cba69c6cfbd,3,covered,1.0
7bf77c8f98946cba69c6cfbd,4,covered,1.0
dd1947fd3cc2417b9813cb52,0,covered,1.0
dd1947fd3cc2417b9813cb52,1,covered,1.0
dd1947fd3cc2417b9813cb52,2,covered,1.0
dd1947fd3cc2417b9813cb52,3,covered,1.0
67aeffdd47bf1788aa6b20f7,0,covered,1.0
67aeffdd47bf1788aa6b20f7,1,covered,1.0
67aeffdd47bf1788aa6b20f7,2,covered,1.0
67aeffdd47bf1788aa6b20f7,3,covered,1.0
5838a7002c08474bb3f8564c,0,covered,1.0
5838a7002c08474bb3f8564c,1,covered,1.0
5838a7002c08474bb3f8564c,2,covered,1.0
5838a7002c08474bb3f8564c,3,covered,1.0
5838a7002c08474bb3f8564c,4,covered,1.0
5838a7002c08474bb3f8564c,5,covered,1.0
5838a7002c08474bb3f8564c,6,covered,1.0
5838a7002c08474bb3f8564c,7,covered,1.0
5838a7002c08474bb3f8564c,8,covered,1.0
d794800497d035bc3f78dd1b,0,covered,1.0
d794800497d035bc3f78dd1b,1,covered,1.0
d794800497d035bc3f78dd1b,2,covered,1.0
d794800497d035bc3f78dd1b,3,covered,1.0
d794800497d035bc3f78dd1b,4,covered,1.0
55310f2ee2c8b4e1e188d848,0,covered,1.0
55310f2ee2c8b4e1e188d848,1,covered,1.0
55310f2ee2c8b4e1e188d848,2,covered,1.0
55310f2ee2c8b4e1e188d848,3,covered,1.0
7d1e4223f98d71f2bff8586a,0,covered,1.0
7d1e4223f98d71f2bff8586a,1,covered,1.0
7d1e4223f98d71f2bff8586a,2,covered,1.0
a1f988f68217a4c4e00bd5a7,0,covered,1.0
a1f988f68217a4c4e00bd5a7,1,covered,1.0
a1f988f68217a4c4e00bd5a7,2,covered,1.0
a1f988f68217a4c4e00bd5a7,3,covered,1.0
45aef16a3f8dc32d95b9f925,0,covered,1.0
45aef16a3f8dc32d95b9f925,1,covered,1.0
07059085aee3b3148e04e0a7,0,covered,1.0
07059085aee3b3148e04e0a7,1,covered,1.0
07059085aee3b3148e04e0a7,2,covered,1.0
07059085aee3b3148e04e0a7,3,covered,1.0
0312331bad2379affedc3527,0,covered,1.0
0312331bad2379affedc3527,1,covered,1.0
0312331bad2379affedc3527,2,covered,1.0
eaaa42f1a4aad2386e0fe3a7,0,covered,1.0
eaaa42f1a4aad2386e0fe3a7,1,covered,1.0
faa6a86cf2f18e73f953f5de,0,covered,1.0
faa6a86cf2f18e73f953f5de,1,covered,1.0
faa6a86cf2f18e73f953f5de,2,covered,1.0
faa6a86cf2f18e73f953f5de,3,covered,1.0
d610a262a4f114fbd1ef1793,0,covered,1.0
d610a262a4f114fbd1ef1793,1,covered,1.0
d610a262a4f114fbd1ef1793,2,covered,1.0
d610a262a4f114fbd1ef1793,3,covered,1.0
deffb096426545832cbda24e,0,covered,1.0
deffb096426545832cbda24e,1,covered,1.0
deffb096426545832cbda24e,2,covered,1.0
dd8f45894d2dd8e8a66a576d,0,covered,1.0
dd8f45894d2dd8e8a66a576d,1,covered,1.0
dd8f45894d2dd8e8a66a576d,2,covered,1.0
dd8f45894d2dd8e8a66a576d,3,covered,1.0
dd8f45894d2dd8e8a66a576d,4,covered,1.0
18a612b48b5b632460b69fb6,0,covered,1.0
18a612b48b5b632460b69fb6,1,covered,1.0
18a612b48b5b632460b69fb6,2,covered,1.0
18a612b48b5b632460b69fb6,3,covered,1.0
a5500431a278e95c40ad6f04,0,covered,1.0
a5500431a278e95c40ad6f04,1,contradicted,0.0
2c1499a016d00e260571d044,0,covered,1.0
2c1499a016d00e260571d044,1,covered,1.0
2c1499a016d00e260571d044,2,covered,1.0
e1e993dd9c5d7905017ecb6e,0,covered,1.0
e1e993dd9c5d7905017ecb6e,1,covered,1.0
e1e993dd9c5d7905017ecb6e,2,covered,1.0
0e3edbf9063789d806df7f0c,0,covered,1.0
0e3edbf9063789d806df7f0c,1,covered,1.0
0e3edbf9063789d806df7f0c,2,covered,1.0
0e3edbf9063789d806df7f0c,3,covered,1.0
2953d5db970c48830c015e6d,0,covered,1.0
2953d5db970c48830c015e6d,1,covered,1.0
2953d5db970c48830c015e6d,2,covered,1.0
b8caa56624afeb78ac08dbe3,0,covered,1.0
b8caa56624afeb78ac08dbe3,1,covered,1.0
b8caa56624afeb78ac08dbe3,2,covered,1.0
b8caa56624afeb78ac08dbe3,3,covered,1.0
10097be7dad4726ca5bc1fba,0,covered,1.0
10097be7dad4726ca5bc1fba,1,covered,1.0
10097be7dad4726ca5bc1fba,2,covered,1.0
072d97aaaa5004a987f75a13,0,covered,1.0
072d97aaaa5004a987f75a13,1,covered,1.0
fde421154064eee2830deb80,0,covered,1.0
fde421154064eee2830deb80,1,covered,1.0
fde421154064eee2830deb80,2,covered,1.0
fde421154064eee2830deb80,3,covered,1.0
0d55eabedc4c49772015ec55,0,covered,1.0
0d55eabedc4c49772015ec55,1,covered,1.0
0d55eabedc4c49772015ec55,2,covered,1.0
0d55eabedc4c49772015ec55,3,covered,1.0
0baa7625a970e4306ecfabda,0,covered,1.0
0baa7625a970e4306ecfabda,1,covered,1.0
e43b3665621d41ee3205d83a,0,covered,1.0
e43b3665621d41ee3205d83a,1,covered,1.0
e43b3665621d41ee3205d83a,2,covered,1.0
cddc037ee6ecb7d3212995ef,0,covered,1.0
cddc037ee6ecb7d3212995ef,1,covered,1.0
cddc037ee6ecb7d3212995ef,2,covered,1.0
a2117bdfeb79926c059c5f98,0,partial,0.5
a2117bdfeb79926c059c5f98,1,covered,1.0
a2117bdfeb79926c059c5f98,2,covered,1.0
827bdc924cb18d0fcbd87ada,0,covered,1.0
827bdc924cb18d0fcbd87ada,1,covered,1.0
827bdc924cb18d0fcbd87ada,2,covered,1.0
3e219d5c59a8505453b7c1f1,0,partial,0.5
3e219d5c59a8505453b7c1f1,1,covered,1.0
3e219d5c59a8505453b7c1f1,2,covered,1.0
bff3c02d9110c21fe7c43c9f,0,covered,1.0
bff3c02d9110c21fe7c43c9f,1,covered,1.0
bff3c02d9110c21fe7c43c9f,2,covered,1.0
bff3c02d9110c21fe7c43c9f,3,covered,1.0
6a32c379f7b4bae4a859dca8,0,covered,1.0
6a32c379f7b4bae4a859dca8,1,covered,1.0
9eabed451d1c23bfbccda76e,0,covered,1.0
9eabed451d1c23bfbccda76e,1,covered,1.0
9eabed451d1c23bfbccda76e,2,covered,1.0
abedf1261216252a07e463a6,0,covered,1.0
abedf1261216252a07e463a6,1,covered,1.0
00d9d7c67aa3ccac692cb679,0,covered,1.0
00d9d7c67aa3ccac692cb679,1,covered,1.0
00d9d7c67aa3ccac692cb679,2,covered,1.0
07028767f95faffbb7adcf7a,0,covered,1.0
07028767f95faffbb7adcf7a,1,covered,1.0
07028767f95faffbb7adcf7a,2,covered,1.0
37987b90ff0bdfa9d0b5ea1a,0,covered,1.0
37987b90ff0bdfa9d0b5ea1a,1,covered,1.0
37987b90ff0bdfa9d0b5ea1a,2,covered,1.0
ca613e59297108f01d641d8b,0,covered,1.0
ca613e59297108f01d641d8b,1,covered,1.0
ca613e59297108f01d641d8b,2,covered,1.0
ca613e59297108f01d641d8b,3,covered,1.0
ed29e3c58cea9ef70e536c50,0,covered,1.0
ed29e3c58cea9ef70e536c50,1,covered,1.0
ed29e3c58cea9ef70e536c50,2,covered,1.0
80bfd557e1f756d1502b6944,0,covered,1.0
80bfd557e1f756d1502b6944,1,covered,1.0
80bfd557e1f756d1502b6944,2,covered,1.0
80bfd557e1f756d1502b6944,3,covered,1.0
80bfd557e1f756d1502b6944,4,covered,1.0
a0a8c43981a2ab8a78b29b56,0,covered,1.0
a0a8c43981a2ab8a78b29b56,1,covered,1.0
a0a8c43981a2ab8a78b29b56,2,covered,1.0
ae62df7082f962cfe0b90f6e,0,covered,1.0
ae62df7082f962cfe0b90f6e,1,covered,1.0
ae62df7082f962cfe0b90f6e,2,covered,1.0
1e1ed5d703925fc6ad972786,0,covered,1.0
1e1ed5d703925fc6ad972786,1,covered,1.0
1e1ed5d703925fc6ad972786,2,covered,1.0
1e1ed5d703925fc6ad972786,3,covered,1.0
91385ac712352de022ab30f3,0,covered,1.0
91385ac712352de022ab30f3,1,covered,1.0
91385ac712352de022ab30f3,2,covered,1.0
0d3399b32af6b84a298c26d9,0,covered,1.0
0d3399b32af6b84a298c26d9,1,covered,1.0
0d3399b32af6b84a298c26d9,2,covered,1.0
8498a409f758d7872b8ff3e4,0,covered,1.0
8498a409f758d7872b8ff3e4,1,covered,1.0
8498a409f758d7872b8ff3e4,2,covered,1.0
e7ee5f0711e0837e86f43f97,0,covered,1.0
e7ee5f0711e0837e86f43f97,1,covered,1.0
fb7339ec1dd91a6678f488a4,0,covered,1.0
fb7339ec1dd91a6678f488a4,1,covered,1.0
fb7339ec1dd91a6678f488a4,2,covered,1.0
2a66dbc0c781f098943bb341,0,covered,1.0
2a66dbc0c781f098943bb341,1,covered,1.0
2a66dbc0c781f098943bb341,2,covered,1.0
a8393c0abd483b3d9031cdde,0,covered,1.0
a8393c0abd483b3d9031cdde,1,covered,1.0
a8393c0abd483b3d9031cdde,2,covered,1.0
a8393c0abd483b3d9031cdde,3,covered,1.0
6ae18ce6635ee5d6e88b1340,0,covered,1.0
6ae18ce6635ee5d6e88b1340,1,covered,1.0
6ae18ce6635ee5d6e88b1340,2,covered,1.0
6ae18ce6635ee5d6e88b1340,3,covered,1.0
a2046e812d57fec9f22e33c3,0,covered,1.0
a2046e812d57fec9f22e33c3,1,covered,1.0
a2046e812d57fec9f22e33c3,2,covered,1.0
ecbe7141558c8da545dc5a41,0,covered,1.0
ecbe7141558c8da545dc5a41,1,covered,1.0
ecbe7141558c8da545dc5a41,2,covered,1.0
a4805c16d9166d80964c0c32,0,covered,1.0
a4805c16d9166d80964c0c32,1,covered,1.0
16c016cf33091d1c9352d4b4,0,covered,1.0
16c016cf33091d1c9352d4b4,1,covered,1.0
d4897913818fe24cb23c79b9,0,covered,1.0
d4897913818fe24cb23c79b9,1,covered,1.0
4933d3477759f26f58ce4d5a,0,covered,1.0
4933d3477759f26f58ce4d5a,1,covered,1.0
4933d3477759f26f58ce4d5a,2,missing,0.0
4933d3477759f26f58ce4d5a,3,missing,0.0
4933d3477759f26f58ce4d5a,4,covered,1.0
0a422f25aa3f161676a68fb0,0,partial,0.5
0a422f25aa3f161676a68fb0,1,partial,0.5
6f04aa2e088c5e8b66c1d62c,0,covered,1.0
6f04aa2e088c5e8b66c1d62c,1,covered,1.0
9e25ed481a7c9b55072aa401,0,covered,1.0
9e25ed481a7c9b55072aa401,1,covered,1.0
9e25ed481a7c9b55072aa401,2,covered,1.0
9e25ed481a7c9b55072aa401,3,covered,1.0
9e25ed481a7c9b55072aa401,4,covered,1.0
9e25ed481a7c9b55072aa401,5,covered,1.0
9e25ed481a7c9b55072aa401,6,covered,1.0
8ba8cf7c2715aa0fd298cd18,0,covered,1.0
8ba8cf7c2715aa0fd298cd18,1,covered,1.0
8ba8cf7c2715aa0fd298cd18,2,covered,1.0
8ba8cf7c2715aa0fd298cd18,3,covered,1.0
d44b82df41d1f4e852d85d62,0,covered,1.0
d44b82df41d1f4e852d85d62,1,covered,1.0
d44b82df41d1f4e852d85d62,2,covered,1.0
d44b82df41d1f4e852d85d62,3,covered,1.0
d44b82df41d1f4e852d85d62,4,covered,1.0
32b83b9e90092161fd551bbc,0,covered,1.0
32b83b9e90092161fd551bbc,1,covered,1.0
32b83b9e90092161fd551bbc,2,covered,1.0
32b83b9e90092161fd551bbc,3,covered,1.0
32b83b9e90092161fd551bbc,4,covered,1.0
284c5c0460f2ecb1d155468b,0,covered,1.0
284c5c0460f2ecb1d155468b,1,covered,1.0
bbf91070c1b981ca5889d4ad,0,covered,1.0
bbf91070c1b981ca5889d4ad,1,covered,1.0
25eb164bc38592993a1ad38b,0,covered,1.0
25eb164bc38592993a1ad38b,1,covered,1.0
25eb164bc38592993a1ad38b,2,covered,1.0
ad7e0cabd7e08a5a2c24236c,0,partial,0.5
ad7e0cabd7e08a5a2c24236c,1,covered,1.0
ad7e0cabd7e08a5a2c24236c,2,covered,1.0
ad7e0cabd7e08a5a2c24236c,3,covered,1.0
ad7e0cabd7e08a5a2c24236c,4,covered,1.0
d7b8a28b7413e5c4d75b9a0e,0,covered,1.0
d7b8a28b7413e5c4d75b9a0e,1,covered,1.0
d7b8a28b7413e5c4d75b9a0e,2,covered,1.0
59ca6c26ca424f29137e768b,0,covered,1.0
59ca6c26ca424f29137e768b,1,covered,1.0
59ca6c26ca424f29137e768b,2,covered,1.0
10ef8bf42e30dedfe1505c16,0,covered,1.0
10ef8bf42e30dedfe1505c16,1,covered,1.0
d3063dabc8b9709b20bb8c1c,0,covered,1.0
d3063dabc8b9709b20bb8c1c,1,covered,1.0
d3063dabc8b9709b20bb8c1c,2,covered,1.0
d3063dabc8b9709b20bb8c1c,3,covered,1.0
02d2030cfd198384a3172103,0,covered,1.0
02d2030cfd198384a3172103,1,covered,1.0
02d2030cfd198384a3172103,2,covered,1.0
02d2030cfd198384a3172103,3,covered,1.0
b9ec9fb6afcf6a7c53d04db7,0,covered,1.0
b9ec9fb6afcf6a7c53d04db7,1,covered,1.0
b9ec9fb6afcf6a7c53d04db7,2,covered,1.0
b9ec9fb6afcf6a7c53d04db7,3,covered,1.0
c56ecea3a1d9174749ff5738,0,covered,1.0
c56ecea3a1d9174749ff5738,1,covered,1.0
c56ecea3a1d9174749ff5738,2,covered,1.0
40c8dcff83fa085dccd3182f,0,covered,1.0
40c8dcff83fa085dccd3182f,1,covered,1.0
40c8dcff83fa085dccd3182f,2,covered,1.0
40c8dcff83fa085dccd3182f,3,covered,1.0
1185af2cbc4f5b1e5622e586,0,covered,1.0
1185af2cbc4f5b1e5622e586,1,covered,1.0
1185af2cbc4f5b1e5622e586,2,covered,1.0
1185af2cbc4f5b1e5622e586,3,covered,1.0
ae3ddaef33d93488a68739fd,0,covered,1.0
ae3ddaef33d93488a68739fd,1,covered,1.0
ae3ddaef33d93488a68739fd,2,partial,0.5
ae3ddaef33d93488a68739fd,3,covered,1.0
ae3ddaef33d93488a68739fd,4,covered,1.0
cbe28bae470605ee7a7a9f3d,0,covered,1.0
cbe28bae470605ee7a7a9f3d,1,covered,1.0
cbe28bae470605ee7a7a9f3d,2,covered,1.0
cbe28bae470605ee7a7a9f3d,3,covered,1.0
d207b63fe53329d3de15f7ef,0,covered,1.0
d207b63fe53329d3de15f7ef,1,covered,1.0
d207b63fe53329d3de15f7ef,2,covered,1.0
d207b63fe53329d3de15f7ef,3,covered,1.0
d207b63fe53329d3de15f7ef,4,covered,1.0
11cbbe567b6a567d716d1593,0,covered,1.0
11cbbe567b6a567d716d1593,1,covered,1.0
11cbbe567b6a567d716d1593,2,covered,1.0
f7202f9fd801d24cdc661328,0,covered,1.0
f7202f9fd801d24cdc661328,1,covered,1.0
f7202f9fd801d24cdc661328,2,covered,1.0
59cc04f57920c93d6666c477,0,covered,1.0
59cc04f57920c93d6666c477,1,covered,1.0
59cc04f57920c93d6666c477,2,covered,1.0
5cddbd4edc93b23b8ccff97e,0,covered,1.0
5cddbd4edc93b23b8ccff97e,1,covered,1.0
5cddbd4edc93b23b8ccff97e,2,covered,1.0
da7281baf04e2f38ccc2d23b,0,covered,1.0
da7281baf04e2f38ccc2d23b,1,covered,1.0
da7281baf04e2f38ccc2d23b,2,covered,1.0
da7281baf04e2f38ccc2d23b,3,covered,1.0
da7281baf04e2f38ccc2d23b,4,covered,1.0
da7281baf04e2f38ccc2d23b,5,covered,1.0
542f7297200c6851f498d233,0,partial,0.5
542f7297200c6851f498d233,1,covered,1.0
542f7297200c6851f498d233,2,covered,1.0
542f7297200c6851f498d233,3,covered,1.0
542f7297200c6851f498d233,4,covered,1.0
695c50b9d01aa97c011fb73d,0,covered,1.0
695c50b9d01aa97c011fb73d,1,covered,1.0
695c50b9d01aa97c011fb73d,2,covered,1.0
695c50b9d01aa97c011fb73d,3,covered,1.0
1d6c114a4c29b20e21fed290,0,covered,1.0
1d6c114a4c29b20e21fed290,1,covered,1.0
1d6c114a4c29b20e21fed290,2,covered,1.0
1d6c114a4c29b20e21fed290,3,covered,1.0
83c4e0435ce8aa4bb1f8fdb7,0,covered,1.0
83c4e0435ce8aa4bb1f8fdb7,1,covered,1.0
83c4e0435ce8aa4bb1f8fdb7,2,covered,1.0
4723e8d3fbea261e1c384a75,0,covered,1.0
4723e8d3fbea261e1c384a75,1,covered,1.0
4723e8d3fbea261e1c384a75,2,covered,1.0
4723e8d3fbea261e1c384a75,3,covered,1.0
675dbfd7ffcce5bffcb6f96f,0,covered,1.0
675dbfd7ffcce5bffcb6f96f,1,covered,1.0
675dbfd7ffcce5bffcb6f96f,2,covered,1.0
675dbfd7ffcce5bffcb6f96f,3,covered,1.0
a99406fc35e45db4ebda8443,0,covered,1.0
a99406fc35e45db4ebda8443,1,covered,1.0
a99406fc35e45db4ebda8443,2,covered,1.0
a99406fc35e45db4ebda8443,3,covered,1.0
a99406fc35e45db4ebda8443,4,covered,1.0
0fa4267ce8c58293f77fbb25,0,covered,1.0
0fa4267ce8c58293f77fbb25,1,partial,0.5
0fa4267ce8c58293f77fbb25,2,covered,1.0
0fa4267ce8c58293f77fbb25,3,covered,1.0
0fa4267ce8c58293f77fbb25,4,covered,1.0
107a06d0d60cbd4e6f5b9345,0,covered,1.0
107a06d0d60cbd4e6f5b9345,1,covered,1.0
107a06d0d60cbd4e6f5b9345,2,covered,1.0
aefb3b10d7d02a6192f9394e,0,covered,1.0
aefb3b10d7d02a6192f9394e,1,covered,1.0
aefb3b10d7d02a6192f9394e,2,covered,1.0
aefb3b10d7d02a6192f9394e,3,covered,1.0
aefb3b10d7d02a6192f9394e,4,covered,1.0
13043d3d815607e356c5efd1,0,covered,1.0
13043d3d815607e356c5efd1,1,covered,1.0
13043d3d815607e356c5efd1,2,covered,1.0
13043d3d815607e356c5efd1,3,covered,1.0
13043d3d815607e356c5efd1,4,partial,0.5
f2dc4da217183b2e15f120f7,0,covered,1.0
f2dc4da217183b2e15f120f7,1,covered,1.0
f2dc4da217183b2e15f120f7,2,covered,1.0
e4ae68fd967c3626fb87f150,0,covered,1.0
e4ae68fd967c3626fb87f150,1,covered,1.0
e4ae68fd967c3626fb87f150,2,covered,1.0
706065572b8ec0c1a2c94df6,0,covered,1.0
706065572b8ec0c1a2c94df6,1,covered,1.0
706065572b8ec0c1a2c94df6,2,covered,1.0
706065572b8ec0c1a2c94df6,3,covered,1.0
706065572b8ec0c1a2c94df6,4,covered,1.0
3ef3fd65e6d32330995e5fe9,0,covered,1.0
3ef3fd65e6d32330995e5fe9,1,covered,1.0
3ef3fd65e6d32330995e5fe9,2,covered,1.0
8b44bc3b363f16eed133c86d,0,covered,1.0
8b44bc3b363f16eed133c86d,1,covered,1.0
8b44bc3b363f16eed133c86d,2,covered,1.0
070bbde66174a9dfcc96885f,0,covered,1.0
070bbde66174a9dfcc96885f,1,covered,1.0
070bbde66174a9dfcc96885f,2,covered,1.0
070bbde66174a9dfcc96885f,3,covered,1.0
e38de78a9ffb9c9c8ff67a08,0,covered,1.0
e38de78a9ffb9c9c8ff67a08,1,covered,1.0
e38de78a9ffb9c9c8ff67a08,2,covered,1.0
c08bc6f63660e27a56800da1,0,covered,1.0
c08bc6f63660e27a56800da1,1,covered,1.0
c08bc6f63660e27a56800da1,2,covered,1.0
c08bc6f63660e27a56800da1,3,covered,1.0
c08bc6f63660e27a56800da1,4,covered,1.0
562bcc89e75ee158050d84cf,0,covered,1.0
562bcc89e75ee158050d84cf,1,covered,1.0
562bcc89e75ee158050d84cf,2,covered,1.0
562bcc89e75ee158050d84cf,3,covered,1.0
e1eee5f83d80f59c8f540c32,0,missing,0.0
e1eee5f83d80f59c8f540c32,1,covered,1.0
e1eee5f83d80f59c8f540c32,2,covered,1.0
e1eee5f83d80f59c8f540c32,3,covered,1.0
e1eee5f83d80f59c8f540c32,4,covered,1.0
e1eee5f83d80f59c8f540c32,5,covered,1.0
770a2232f28eef9a38c0a03d,0,covered,1.0
770a2232f28eef9a38c0a03d,1,covered,1.0
770a2232f28eef9a38c0a03d,2,covered,1.0
770a2232f28eef9a38c0a03d,3,covered,1.0
4b27e7f8041aed3691aeed33,0,covered,1.0
4b27e7f8041aed3691aeed33,1,covered,1.0
4b27e7f8041aed3691aeed33,2,covered,1.0
4b27e7f8041aed3691aeed33,3,covered,1.0
4b27e7f8041aed3691aeed33,4,covered,1.0
4b27e7f8041aed3691aeed33,5,covered,1.0
4b27e7f8041aed3691aeed33,6,covered,1.0
4b27e7f8041aed3691aeed33,7,covered,1.0
4b27e7f8041aed3691aeed33,8,covered,1.0
abbf2f2187ddbbfe4ffd0f3e,0,covered,1.0
abbf2f2187ddbbfe4ffd0f3e,1,covered,1.0
abbf2f2187ddbbfe4ffd0f3e,2,covered,1.0
abbf2f2187ddbbfe4ffd0f3e,3,covered,1.0
abbf2f2187ddbbfe4ffd0f3e,4,covered,1.0
37211022ec6174e84f22ab7d,0,covered,1.0
37211022ec6174e84f22ab7d,1,covered,1.0
37211022ec6174e84f22ab7d,2,covered,1.0
37211022ec6174e84f22ab7d,3,covered,1.0
721f11c1cc1879c214271a65,0,covered,1.0
721f11c1cc1879c214271a65,1,covered,1.0
721f11c1cc1879c214271a65,2,covered,1.0
bad3cdf3671d9bf6233d04d2,0,covered,1.0
bad3cdf3671d9bf6233d04d2,1,covered,1.0
bad3cdf3671d9bf6233d04d2,2,covered,1.0
bad3cdf3671d9bf6233d04d2,3,covered,1.0
474f5994e948844b51fd9d93,0,covered,1.0
474f5994e948844b51fd9d93,1,covered,1.0
00ee75ba3baa022687c83158,0,covered,1.0
00ee75ba3baa022687c83158,1,covered,1.0
00ee75ba3baa022687c83158,2,covered,1.0
00ee75ba3baa022687c83158,3,covered,1.0
e8f5bd50632d31c47d5f2d06,0,covered,1.0
e8f5bd50632d31c47d5f2d06,1,covered,1.0
e8f5bd50632d31c47d5f2d06,2,covered,1.0
7dcf5e39157060386eb29b64,0,covered,1.0
7dcf5e39157060386eb29b64,1,covered,1.0
ba75f8665e55bd2ea7d5293a,0,covered,1.0
ba75f8665e55bd2ea7d5293a,1,covered,1.0
ba75f8665e55bd2ea7d5293a,2,covered,1.0
ba75f8665e55bd2ea7d5293a,3,covered,1.0
2a3d8dc84dbd415c879337ab,0,covered,1.0
2a3d8dc84dbd415c879337ab,1,covered,1.0
2a3d8dc84dbd415c879337ab,2,covered,1.0
2a3d8dc84dbd415c879337ab,3,covered,1.0
e413ddbf72bfff07e831f2e3,0,covered,1.0
e413ddbf72bfff07e831f2e3,1,covered,1.0
e413ddbf72bfff07e831f2e3,2,covered,1.0
f7377d5611a13795da71abac,0,covered,1.0
f7377d5611a13795da71abac,1,covered,1.0
f7377d5611a13795da71abac,2,covered,1.0
f7377d5611a13795da71abac,3,covered,1.0
f7377d5611a13795da71abac,4,covered,1.0
7b8ab1087f93ae36510b1766,0,covered,1.0
7b8ab1087f93ae36510b1766,1,covered,1.0
7b8ab1087f93ae36510b1766,2,covered,1.0
7b8ab1087f93ae36510b1766,3,covered,1.0
218e0186b5f44015296b1e22,0,covered,1.0
218e0186b5f44015296b1e22,1,partial,0.5
c6014db43f445790e0ccfd1d,0,covered,1.0
c6014db43f445790e0ccfd1d,1,covered,1.0
c6014db43f445790e0ccfd1d,2,covered,1.0
1b9109b66048b53e0453b26b,0,partial,0.5
1b9109b66048b53e0453b26b,1,missing,0.0
1b9109b66048b53e0453b26b,2,missing,0.0
1b9109b66048b53e0453b26b,3,covered,1.0
26e94dde92cb86db4c2fa340,0,covered,1.0
26e94dde92cb86db4c2fa340,1,covered,1.0
26e94dde92cb86db4c2fa340,2,covered,1.0
075a1bb16ea460556887173f,0,covered,1.0
075a1bb16ea460556887173f,1,covered,1.0
075a1bb16ea460556887173f,2,covered,1.0
075a1bb16ea460556887173f,3,covered,1.0
7000a9ea5b5e3cb0358e30fe,0,missing,0.0
7000a9ea5b5e3cb0358e30fe,1,covered,1.0
7000a9ea5b5e3cb0358e30fe,2,covered,1.0
7000a9ea5b5e3cb0358e30fe,3,covered,1.0
7000a9ea5b5e3cb0358e30fe,4,covered,1.0
7000a9ea5b5e3cb0358e30fe,5,covered,1.0
7000a9ea5b5e3cb0358e30fe,6,covered,1.0
7000a9ea5b5e3cb0358e30fe,7,missing,0.0
7000a9ea5b5e3cb0358e30fe,8,missing,0.0
baabf3ac6a316200ccad47b2,0,covered,1.0
baabf3ac6a316200ccad47b2,1,covered,1.0
baabf3ac6a316200ccad47b2,2,covered,1.0
5aca0f70af1ac5b3e55d8a30,0,covered,1.0
5aca0f70af1ac5b3e55d8a30,1,covered,1.0
0afff320ace144e9d2a93f36,0,covered,1.0
0afff320ace144e9d2a93f36,1,covered,1.0
0afff320ace144e9d2a93f36,2,covered,1.0
0afff320ace144e9d2a93f36,3,covered,1.0
080ddff42a9d45570171d464,0,covered,1.0
080ddff42a9d45570171d464,1,covered,1.0
080ddff42a9d45570171d464,2,covered,1.0
90c816de9c4793f8e626e851,0,covered,1.0
90c816de9c4793f8e626e851,1,covered,1.0
90c816de9c4793f8e626e851,2,covered,1.0
90c816de9c4793f8e626e851,3,covered,1.0
6280703d14f0f90ee2a4af8b,0,covered,1.0
6280703d14f0f90ee2a4af8b,1,covered,1.0
034935e45b56918ab10b93fa,0,covered,1.0
034935e45b56918ab10b93fa,1,covered,1.0
034935e45b56918ab10b93fa,2,covered,1.0
7cfcda7bb9cbc28239e57741,0,covered,1.0
7cfcda7bb9cbc28239e57741,1,covered,1.0
7cfcda7bb9cbc28239e57741,2,covered,1.0
82397cb0d8956d1fc2f52811,0,covered,1.0
82397cb0d8956d1fc2f52811,1,covered,1.0
82397cb0d8956d1fc2f52811,2,covered,1.0
1ee1614651ce4e353a952b9f,0,covered,1.0
1ee1614651ce4e353a952b9f,1,covered,1.0
1ee1614651ce4e353a952b9f,2,covered,1.0
8a93e6408ccd1f195e004ec2,0,covered,1.0
8a93e6408ccd1f195e004ec2,1,covered,1.0
8a93e6408ccd1f195e004ec2,2,covered,1.0
c533f97b90a21cf94c2b1618,0,covered,1.0
c533f97b90a21cf94c2b1618,1,covered,1.0
c533f97b90a21cf94c2b1618,2,covered,1.0
c533f97b90a21cf94c2b1618,3,covered,1.0
cc8350a43a75d8114eab6ca1,0,partial,0.5
cc8350a43a75d8114eab6ca1,1,covered,1.0
f27ffbeb7f56df062392c92a,0,covered,1.0
f27ffbeb7f56df062392c92a,1,covered,1.0
f27ffbeb7f56df062392c92a,2,covered,1.0
4162678868b19d73663f3cb6,0,covered,1.0
4162678868b19d73663f3cb6,1,covered,1.0
552d8a7a4e45a0fbf35eacd2,0,covered,1.0
552d8a7a4e45a0fbf35eacd2,1,covered,1.0
552d8a7a4e45a0fbf35eacd2,2,covered,1.0
a3ccaebf20b0538e628bec1b,0,covered,1.0
a3ccaebf20b0538e628bec1b,1,covered,1.0
a3ccaebf20b0538e628bec1b,2,covered,1.0
e86200d0758cbb36d2f96acb,0,missing,0.0
e86200d0758cbb36d2f96acb,1,covered,1.0
e86200d0758cbb36d2f96acb,2,partial,0.5
f3aec97f8ead9e1a1c7183bd,0,covered,1.0
f3aec97f8ead9e1a1c7183bd,1,covered,1.0
f3aec97f8ead9e1a1c7183bd,2,covered,1.0
f3aec97f8ead9e1a1c7183bd,3,covered,1.0
6ed1459ebcfabda0ab1697d1,0,covered,1.0
6ed1459ebcfabda0ab1697d1,1,covered,1.0
6ed1459ebcfabda0ab1697d1,2,covered,1.0
b701f79a8c5192978cd4f820,0,covered,1.0
b701f79a8c5192978cd4f820,1,covered,1.0
b701f79a8c5192978cd4f820,2,covered,1.0
b701f79a8c5192978cd4f820,3,covered,1.0
b701f79a8c5192978cd4f820,4,covered,1.0
657d641413ac5679a9493e4a,0,covered,1.0
657d641413ac5679a9493e4a,1,covered,1.0
657d641413ac5679a9493e4a,2,covered,1.0
daeb5a219e4c0c0180d21f8f,0,covered,1.0
daeb5a219e4c0c0180d21f8f,1,covered,1.0
daeb5a219e4c0c0180d21f8f,2,covered,1.0
0a398e6c1eb262c4119f9059,0,covered,1.0
0a398e6c1eb262c4119f9059,1,covered,1.0
0a398e6c1eb262c4119f9059,2,covered,1.0
0a398e6c1eb262c4119f9059,3,covered,1.0
b153df96421532daa6ee8386,0,covered,1.0
b153df96421532daa6ee8386,1,covered,1.0
b153df96421532daa6ee8386,2,covered,1.0
d8d12e4e17841c892567d589,0,covered,1.0
d8d12e4e17841c892567d589,1,covered,1.0
d8d12e4e17841c892567d589,2,covered,1.0
d5c982f71e0f5295c3d80f09,0,missing,0.0
d5c982f71e0f5295c3d80f09,1,missing,0.0
d5c982f71e0f5295c3d80f09,2,covered,1.0
c8d74f2ba700fa19ed828e12,0,contradicted,0.0
c8d74f2ba700fa19ed828e12,1,covered,1.0
7973dc622289e52c5021c63d,0,covered,1.0
7973dc622289e52c5021c63d,1,covered,1.0
7973dc622289e52c5021c63d,2,covered,1.0
f3a0aecca48e3e238b83df1b,0,covered,1.0
f3a0aecca48e3e238b83df1b,1,covered,1.0
f3a0aecca48e3e238b83df1b,2,covered,1.0
e27ddc03ca6634cffca73c1b,0,covered,1.0
e27ddc03ca6634cffca73c1b,1,covered,1.0
e27ddc03ca6634cffca73c1b,2,covered,1.0
e27ddc03ca6634cffca73c1b,3,covered,1.0
89f29b57b19ee0d2cf52fcc9,0,covered,1.0
89f29b57b19ee0d2cf52fcc9,1,covered,1.0
89f29b57b19ee0d2cf52fcc9,2,covered,1.0
89f29b57b19ee0d2cf52fcc9,3,covered,1.0
bcd24daad44dfbf552822bc9,0,covered,1.0
bcd24daad44dfbf552822bc9,1,covered,1.0
bcd24daad44dfbf552822bc9,2,covered,1.0
db7c04d6cf9a900d06c16ddb,0,covered,1.0
db7c04d6cf9a900d06c16ddb,1,covered,1.0
db7c04d6cf9a900d06c16ddb,2,covered,1.0
32dd387d1419b4f4dc94f250,0,covered,1.0
32dd387d1419b4f4dc94f250,1,covered,1.0
5ae2b17c72962dade0dbf88e,0,covered,1.0
5ae2b17c72962dade0dbf88e,1,covered,1.0
2c005fcd205fcf8c500bc329,0,covered,1.0
2c005fcd205fcf8c500bc329,1,covered,1.0
b1a61a021da38a0cde148b6d,0,missing,0.0
b1a61a021da38a0cde148b6d,1,covered,1.0
b1a61a021da38a0cde148b6d,2,covered,1.0
b1a61a021da38a0cde148b6d,3,covered,1.0
b1a61a021da38a0cde148b6d,4,covered,1.0
0951ab77a0b3105936d1439e,0,partial,0.5
0951ab77a0b3105936d1439e,1,partial,0.5
22ed0333ba49c9450582e963,0,covered,1.0
22ed0333ba49c9450582e963,1,covered,1.0
9bd8b944ce9f427be92ae7a2,0,covered,1.0
9bd8b944ce9f427be92ae7a2,1,covered,1.0
9bd8b944ce9f427be92ae7a2,2,covered,1.0
9bd8b944ce9f427be92ae7a2,3,covered,1.0
9bd8b944ce9f427be92ae7a2,4,covered,1.0
9bd8b944ce9f427be92ae7a2,5,covered,1.0
9bd8b944ce9f427be92ae7a2,6,covered,1.0
955541e455c66001c122fd08,0,covered,1.0
955541e455c66001c122fd08,1,covered,1.0
955541e455c66001c122fd08,2,covered,1.0
955541e455c66001c122fd08,3,missing,0.0
857bbcdc110f0ae7d0a23f6f,0,covered,1.0
857bbcdc110f0ae7d0a23f6f,1,covered,1.0
857bbcdc110f0ae7d0a23f6f,2,covered,1.0
857bbcdc110f0ae7d0a23f6f,3,covered,1.0
857bbcdc110f0ae7d0a23f6f,4,covered,1.0
cbef6eb5982744f32261ee0f,0,covered,1.0
cbef6eb5982744f32261ee0f,1,partial,0.5
cbef6eb5982744f32261ee0f,2,missing,0.0
cbef6eb5982744f32261ee0f,3,covered,1.0
cbef6eb5982744f32261ee0f,4,covered,1.0
580606ea2bfe4d47bf33726e,0,covered,1.0
580606ea2bfe4d47bf33726e,1,covered,1.0
c68065f54153fbc827816b5c,0,covered,1.0
c68065f54153fbc827816b5c,1,covered,1.0
c68065f54153fbc827816b5c,2,partial,0.5
c68065f54153fbc827816b5c,3,covered,1.0
c68065f54153fbc827816b5c,4,covered,1.0
c68065f54153fbc827816b5c,5,covered,1.0
c68065f54153fbc827816b5c,6,covered,1.0
c68065f54153fbc827816b5c,7,covered,1.0
c68065f54153fbc827816b5c,8,covered,1.0
c68065f54153fbc827816b5c,9,covered,1.0
c68065f54153fbc827816b5c,10,missing,0.0
08c08fd638f44850ce2312e1,0,covered,1.0
08c08fd638f44850ce2312e1,1,covered,1.0
509daaa3229b14bcd51d4fce,0,covered,1.0
509daaa3229b14bcd51d4fce,1,covered,1.0
509daaa3229b14bcd51d4fce,2,covered,1.0
dc22354791ec1ec8eba45ff8,0,covered,1.0
dc22354791ec1ec8eba45ff8,1,covered,1.0
dc22354791ec1ec8eba45ff8,2,covered,1.0
dc22354791ec1ec8eba45ff8,3,covered,1.0
dc22354791ec1ec8eba45ff8,4,contradicted,0.0
f6597d0247186e5956a01ef3,0,covered,1.0
f6597d0247186e5956a01ef3,1,covered,1.0
f6597d0247186e5956a01ef3,2,covered,1.0
b1d1d9bf8a1eed1510fe9a1f,0,covered,1.0
b1d1d9bf8a1eed1510fe9a1f,1,covered,1.0
b1d1d9bf8a1eed1510fe9a1f,2,covered,1.0
037898afa296f198667f5a05,0,covered,1.0
037898afa296f198667f5a05,1,covered,1.0
ed256346654eafd278fbf39e,0,covered,1.0
ed256346654eafd278fbf39e,1,covered,1.0
ed256346654eafd278fbf39e,2,covered,1.0
ed256346654eafd278fbf39e,3,covered,1.0
a02d3483ef02c07adea791dc,0,partial,0.5
a02d3483ef02c07adea791dc,1,covered,1.0
a02d3483ef02c07adea791dc,2,covered,1.0
a02d3483ef02c07adea791dc,3,covered,1.0
b5769ce95768deba4b8cbc00,0,covered,1.0
b5769ce95768deba4b8cbc00,1,covered,1.0
b5769ce95768deba4b8cbc00,2,covered,1.0
b5769ce95768deba4b8cbc00,3,covered,1.0
2b8d8b93fbca330d49515b62,0,covered,1.0
2b8d8b93fbca330d49515b62,1,covered,1.0
2b8d8b93fbca330d49515b62,2,covered,1.0
c1b47d88ffb1d0479e86fb87,0,covered,1.0
c1b47d88ffb1d0479e86fb87,1,covered,1.0
c1b47d88ffb1d0479e86fb87,2,covered,1.0
c1b47d88ffb1d0479e86fb87,3,covered,1.0
a8f7258a1b502a92f0834ce6,0,covered,1.0
a8f7258a1b502a92f0834ce6,1,covered,1.0
a8f7258a1b502a92f0834ce6,2,covered,1.0
a8f7258a1b502a92f0834ce6,3,covered,1.0
57ab1df2420995e3a13aa5a9,0,covered,1.0
57ab1df2420995e3a13aa5a9,1,covered,1.0
57ab1df2420995e3a13aa5a9,2,partial,0.5
57ab1df2420995e3a13aa5a9,3,partial,0.5
57ab1df2420995e3a13aa5a9,4,covered,1.0
291b5ec8dce880caa78566a0,0,missing,0.0
291b5ec8dce880caa78566a0,1,covered,1.0
291b5ec8dce880caa78566a0,2,covered,1.0
291b5ec8dce880caa78566a0,3,covered,1.0
eb7d5e2cd52886e10cdf0827,0,missing,0.0
eb7d5e2cd52886e10cdf0827,1,covered,1.0
eb7d5e2cd52886e10cdf0827,2,covered,1.0
eb7d5e2cd52886e10cdf0827,3,covered,1.0
eb7d5e2cd52886e10cdf0827,4,missing,0.0
a9e2877792274ca390a12d8f,0,covered,1.0
a9e2877792274ca390a12d8f,1,covered,1.0
a9e2877792274ca390a12d8f,2,covered,1.0
e1eaf0b3e2c54dd4734779d6,0,covered,1.0
e1eaf0b3e2c54dd4734779d6,1,covered,1.0
e1eaf0b3e2c54dd4734779d6,2,covered,1.0
74b805473dcad792478fa796,0,covered,1.0
74b805473dcad792478fa796,1,covered,1.0
74b805473dcad792478fa796,2,covered,1.0
059c56e8096b3f4efa09afdf,0,covered,1.0
059c56e8096b3f4efa09afdf,1,covered,1.0
059c56e8096b3f4efa09afdf,2,covered,1.0
99e51c85932a31b836e556a1,0,covered,1.0
99e51c85932a31b836e556a1,1,missing,0.0
99e51c85932a31b836e556a1,2,missing,0.0
99e51c85932a31b836e556a1,3,partial,0.5
99e51c85932a31b836e556a1,4,covered,1.0
99e51c85932a31b836e556a1,5,covered,1.0
024c5cdd4c250692b3698db4,0,covered,1.0
024c5cdd4c250692b3698db4,1,covered,1.0
024c5cdd4c250692b3698db4,2,covered,1.0
024c5cdd4c250692b3698db4,3,partial,0.5
024c5cdd4c250692b3698db4,4,partial,0.5
64aa306054d3d40eae9d9308,0,missing,0.0
64aa306054d3d40eae9d9308,1,covered,1.0
64aa306054d3d40eae9d9308,2,covered,1.0
64aa306054d3d40eae9d9308,3,covered,1.0
cda133ad96df7793c575f426,0,covered,1.0
cda133ad96df7793c575f426,1,covered,1.0
cda133ad96df7793c575f426,2,covered,1.0
cda133ad96df7793c575f426,3,covered,1.0
b02d7ae6a9f05660bdbc9eae,0,covered,1.0
b02d7ae6a9f05660bdbc9eae,1,covered,1.0
b02d7ae6a9f05660bdbc9eae,2,covered,1.0
b02d7ae6a9f05660bdbc9eae,3,covered,1.0
8b0de0059f1866944eb3d35d,0,covered,1.0
8b0de0059f1866944eb3d35d,1,covered,1.0
8b0de0059f1866944eb3d35d,2,covered,1.0
8b0de0059f1866944eb3d35d,3,covered,1.0
8591413d19142fef290db361,0,covered,1.0
8591413d19142fef290db361,1,covered,1.0
8591413d19142fef290db361,2,covered,1.0
8591413d19142fef290db361,3,covered,1.0
8591413d19142fef290db361,4,covered,1.0
9a24866615b358ed2e1ec890,0,covered,1.0
9a24866615b358ed2e1ec890,1,covered,1.0
9a24866615b358ed2e1ec890,2,covered,1.0
9a24866615b358ed2e1ec890,3,covered,1.0
9a24866615b358ed2e1ec890,4,partial,0.5
0c9c771ed17de01ccbf670e1,0,partial,0.5
0c9c771ed17de01ccbf670e1,1,covered,1.0
0c9c771ed17de01ccbf670e1,2,covered,1.0
0c9c771ed17de01ccbf670e1,3,covered,1.0
0c9c771ed17de01ccbf670e1,4,covered,1.0
7e8917ed3688fe512c3c5f60,0,covered,1.0
7e8917ed3688fe512c3c5f60,1,partial,0.5
7e8917ed3688fe512c3c5f60,2,covered,1.0
021cec51585253b852ba581f,0,covered,1.0
021cec51585253b852ba581f,1,covered,1.0
021cec51585253b852ba581f,2,covered,1.0
021cec51585253b852ba581f,3,missing,0.0
021cec51585253b852ba581f,4,covered,1.0
b7508c0aed255845c03dfb2f,0,partial,0.5
b7508c0aed255845c03dfb2f,1,covered,1.0
b7508c0aed255845c03dfb2f,2,covered,1.0
b7508c0aed255845c03dfb2f,3,covered,1.0
b7508c0aed255845c03dfb2f,4,missing,0.0
555d7659cd2b3d2e3e6c7682,0,covered,1.0
555d7659cd2b3d2e3e6c7682,1,covered,1.0
555d7659cd2b3d2e3e6c7682,2,covered,1.0
bfc88f29f3c6188addbd3257,0,covered,1.0
bfc88f29f3c6188addbd3257,1,covered,1.0
bfc88f29f3c6188addbd3257,2,covered,1.0
047432741ebf8dffc8f9c3c8,0,covered,1.0
047432741ebf8dffc8f9c3c8,1,covered,1.0
047432741ebf8dffc8f9c3c8,2,covered,1.0
047432741ebf8dffc8f9c3c8,3,covered,1.0
047432741ebf8dffc8f9c3c8,4,covered,1.0
7a5e68cfac6b8c3dd70bf5e2,0,covered,1.0
7a5e68cfac6b8c3dd70bf5e2,1,covered,1.0
7a5e68cfac6b8c3dd70bf5e2,2,covered,1.0
fc684b8c9309889b7db6a02a,0,covered,1.0
fc684b8c9309889b7db6a02a,1,covered,1.0
fc684b8c9309889b7db6a02a,2,covered,1.0
dbfdad655772eefee7c7b043,0,covered,1.0
dbfdad655772eefee7c7b043,1,covered,1.0
dbfdad655772eefee7c7b043,2,contradicted,0.0
dbfdad655772eefee7c7b043,3,covered,1.0
dbfdad655772eefee7c7b043,4,covered,1.0
dbfdad655772eefee7c7b043,5,missing,0.0
1fdf974584b00c3a23e54610,0,covered,1.0
1fdf974584b00c3a23e54610,1,covered,1.0
1fdf974584b00c3a23e54610,2,covered,1.0
1fdf974584b00c3a23e54610,3,covered,1.0
3f188e4c4ef9e9016ae8205f,0,covered,1.0
3f188e4c4ef9e9016ae8205f,1,covered,1.0
3f188e4c4ef9e9016ae8205f,2,covered,1.0
b25807c16ae562b09c41e2e2,0,covered,1.0
b25807c16ae562b09c41e2e2,1,covered,1.0
b25807c16ae562b09c41e2e2,2,covered,1.0
b25807c16ae562b09c41e2e2,3,covered,1.0
b25807c16ae562b09c41e2e2,4,covered,1.0
7a3945cb85aeb99795e2b840,0,covered,1.0
7a3945cb85aeb99795e2b840,1,covered,1.0
7a3945cb85aeb99795e2b840,2,covered,1.0
7a3945cb85aeb99795e2b840,3,covered,1.0
3ea95f4714d9f8cd4dc90335,0,missing,0.0
3ea95f4714d9f8cd4dc90335,1,covered,1.0
3ea95f4714d9f8cd4dc90335,2,covered,1.0
3ea95f4714d9f8cd4dc90335,3,covered,1.0
3ea95f4714d9f8cd4dc90335,4,covered,1.0
3ea95f4714d9f8cd4dc90335,5,missing,0.0
f7d68ad98d0b2f11e00b96bc,0,covered,1.0
f7d68ad98d0b2f11e00b96bc,1,covered,1.0
f7d68ad98d0b2f11e00b96bc,2,covered,1.0
f7d68ad98d0b2f11e00b96bc,3,covered,1.0
f20de438f2c499cec47d393f,0,covered,1.0
f20de438f2c499cec47d393f,1,covered,1.0
f20de438f2c499cec47d393f,2,covered,1.0
f20de438f2c499cec47d393f,3,covered,1.0
f20de438f2c499cec47d393f,4,covered,1.0
f20de438f2c499cec47d393f,5,covered,1.0
f20de438f2c499cec47d393f,6,covered,1.0
f20de438f2c499cec47d393f,7,covered,1.0
f20de438f2c499cec47d393f,8,covered,1.0
87e6341fd3e0355c75f58ea0,0,covered,1.0
87e6341fd3e0355c75f58ea0,1,covered,1.0
87e6341fd3e0355c75f58ea0,2,covered,1.0
87e6341fd3e0355c75f58ea0,3,covered,1.0
87e6341fd3e0355c75f58ea0,4,covered,1.0
b308a30de94d0396dfd70062,0,covered,1.0
b308a30de94d0396dfd70062,1,covered,1.0
b308a30de94d0396dfd70062,2,covered,1.0
b308a30de94d0396dfd70062,3,covered,1.0
fc62a64d9c1da7d445215645,0,covered,1.0
fc62a64d9c1da7d445215645,1,covered,1.0
fc62a64d9c1da7d445215645,2,covered,1.0
79bdebb2576b4b5c9d2cb8f9,0,covered,1.0
79bdebb2576b4b5c9d2cb8f9,1,covered,1.0
79bdebb2576b4b5c9d2cb8f9,2,covered,1.0
79bdebb2576b4b5c9d2cb8f9,3,covered,1.0
b6bceaa86e4c7b1eea4b1852,0,contradicted,0.0
b6bceaa86e4c7b1eea4b1852,1,covered,1.0
ee649b2104a7a4009a04faf4,0,covered,1.0
ee649b2104a7a4009a04faf4,1,covered,1.0
ee649b2104a7a4009a04faf4,2,covered,1.0
ee649b2104a7a4009a04faf4,3,covered,1.0
76dbfb87216e2dc9867814f4,0,covered,1.0
76dbfb87216e2dc9867814f4,1,covered,1.0
76dbfb87216e2dc9867814f4,2,covered,1.0
6ee62f675411943f7532e575,0,covered,1.0
6ee62f675411943f7532e575,1,covered,1.0
ee8f8d5418564307d2145863,0,covered,1.0
ee8f8d5418564307d2145863,1,covered,1.0
ee8f8d5418564307d2145863,2,covered,1.0
ee8f8d5418564307d2145863,3,missing,0.0
f0483413936a47104bf72d0f,0,covered,1.0
f0483413936a47104bf72d0f,1,covered,1.0
f0483413936a47104bf72d0f,2,covered,1.0
f0483413936a47104bf72d0f,3,covered,1.0
a8c72b8d92d3f94bf22c60ae,0,covered,1.0
a8c72b8d92d3f94bf22c60ae,1,covered,1.0
a8c72b8d92d3f94bf22c60ae,2,covered,1.0
8b864f14d22df15f760d7fe6,0,covered,1.0
8b864f14d22df15f760d7fe6,1,covered,1.0
8b864f14d22df15f760d7fe6,2,partial,0.5
8b864f14d22df15f760d7fe6,3,covered,1.0
8b864f14d22df15f760d7fe6,4,covered,1.0
06a0ed4ad031d8536fa62e51,0,covered,1.0
06a0ed4ad031d8536fa62e51,1,covered,1.0
06a0ed4ad031d8536fa62e51,2,covered,1.0
06a0ed4ad031d8536fa62e51,3,covered,1.0
a8637b96f2ad2f125c26a196,0,contradicted,0.0
a8637b96f2ad2f125c26a196,1,contradicted,0.0
9cdeb044d0cc5d29d05dbc2a,0,covered,1.0
9cdeb044d0cc5d29d05dbc2a,1,covered,1.0
9cdeb044d0cc5d29d05dbc2a,2,missing,0.0
6ac09bcbbc254d6c736d06e6,0,missing,0.0
6ac09bcbbc254d6c736d06e6,1,covered,1.0
6ac09bcbbc254d6c736d06e6,2,partial,0.5
0e636e74eedc4741afc53674,0,covered,1.0
0e636e74eedc4741afc53674,1,covered,1.0
0e636e74eedc4741afc53674,2,covered,1.0
0e636e74eedc4741afc53674,3,covered,1.0
1c64a36ad64e6b9bb11a096e,0,covered,1.0
1c64a36ad64e6b9bb11a096e,1,covered,1.0
1c64a36ad64e6b9bb11a096e,2,covered,1.0
c27f6745d2210f0a5fdb238f,0,covered,1.0
c27f6745d2210f0a5fdb238f,1,covered,1.0
c27f6745d2210f0a5fdb238f,2,covered,1.0
c27f6745d2210f0a5fdb238f,3,covered,1.0
c8acf9269f5c5ed46625e964,0,partial,0.5
c8acf9269f5c5ed46625e964,1,covered,1.0
c8acf9269f5c5ed46625e964,2,covered,1.0
c8acf9269f5c5ed46625e964,3,covered,1.0
c8acf9269f5c5ed46625e964,4,covered,1.0
c8acf9269f5c5ed46625e964,5,covered,1.0
c8acf9269f5c5ed46625e964,6,covered,1.0
c8acf9269f5c5ed46625e964,7,covered,1.0
c8acf9269f5c5ed46625e964,8,covered,1.0
68726ade9f3a9b548b32d93d,0,covered,1.0
68726ade9f3a9b548b32d93d,1,covered,1.0
68726ade9f3a9b548b32d93d,2,covered,1.0
91deb352466738bba009be24,0,covered,1.0
91deb352466738bba009be24,1,covered,1.0
9236ab49b313d16a85d2d30e,0,covered,1.0
9236ab49b313d16a85d2d30e,1,covered,1.0
9236ab49b313d16a85d2d30e,2,covered,1.0
9236ab49b313d16a85d2d30e,3,covered,1.0
7b5405755d17d7533d17042f,0,covered,1.0
7b5405755d17d7533d17042f,1,covered,1.0
7b5405755d17d7533d17042f,2,covered,1.0
e471a867252386672b72b528,0,covered,1.0
e471a867252386672b72b528,1,covered,1.0
e471a867252386672b72b528,2,covered,1.0
e471a867252386672b72b528,3,covered,1.0
4f1ac7ef9ceefd38e966cf30,0,covered,1.0
4f1ac7ef9ceefd38e966cf30,1,covered,1.0
6957d077416b17c74b12a51a,0,covered,1.0
6957d077416b17c74b12a51a,1,covered,1.0
6957d077416b17c74b12a51a,2,covered,1.0
9caa5d0d2b29831228f33731,0,covered,1.0
9caa5d0d2b29831228f33731,1,covered,1.0
9caa5d0d2b29831228f33731,2,covered,1.0
02e1d1d3f4c366247f0d4938,0,covered,1.0
02e1d1d3f4c366247f0d4938,1,covered,1.0
02e1d1d3f4c366247f0d4938,2,covered,1.0
908b6c07936e6ef567d7ff26,0,covered,1.0
908b6c07936e6ef567d7ff26,1,covered,1.0
908b6c07936e6ef567d7ff26,2,covered,1.0
424e32b0778e00cef5cb0a8e,0,covered,1.0
424e32b0778e00cef5cb0a8e,1,covered,1.0
424e32b0778e00cef5cb0a8e,2,covered,1.0
50f7de1cbc0333bce5f6b08a,0,covered,1.0
50f7de1cbc0333bce5f6b08a,1,covered,1.0
50f7de1cbc0333bce5f6b08a,2,covered,1.0
50f7de1cbc0333bce5f6b08a,3,covered,1.0
8a65b163e493132181e9e3c6,0,covered,1.0
8a65b163e493132181e9e3c6,1,covered,1.0
42dfec937398fa29642ccd3b,0,covered,1.0
42dfec937398fa29642ccd3b,1,covered,1.0
42dfec937398fa29642ccd3b,2,covered,1.0
f2a290f54189efd0c972e8a3,0,covered,1.0
f2a290f54189efd0c972e8a3,1,partial,0.5
785c4a2d74318dacb9841a88,0,covered,1.0
785c4a2d74318dacb9841a88,1,covered,1.0
785c4a2d74318dacb9841a88,2,covered,1.0
8f7a122332376b02e5bbccec,0,covered,1.0
8f7a122332376b02e5bbccec,1,covered,1.0
8f7a122332376b02e5bbccec,2,covered,1.0
e496387ddae0a233e2f9068b,0,covered,1.0
e496387ddae0a233e2f9068b,1,covered,1.0
e496387ddae0a233e2f9068b,2,covered,1.0
84b1a2b7055fbc2d670abacf,0,covered,1.0
84b1a2b7055fbc2d670abacf,1,covered,1.0
84b1a2b7055fbc2d670abacf,2,covered,1.0
84b1a2b7055fbc2d670abacf,3,covered,1.0
b4507b831409c834c7e3a957,0,covered,1.0
b4507b831409c834c7e3a957,1,covered,1.0
b4507b831409c834c7e3a957,2,covered,1.0
56b8b19076432bfccc162e9d,0,covered,1.0
56b8b19076432bfccc162e9d,1,covered,1.0
56b8b19076432bfccc162e9d,2,covered,1.0
56b8b19076432bfccc162e9d,3,covered,1.0
56b8b19076432bfccc162e9d,4,covered,1.0
5ab057aa72623b811c48e8e1,0,covered,1.0
5ab057aa72623b811c48e8e1,1,covered,1.0
5ab057aa72623b811c48e8e1,2,covered,1.0
64e2a7a8c0c6e8c0084885a8,0,covered,1.0
64e2a7a8c0c6e8c0084885a8,1,covered,1.0
64e2a7a8c0c6e8c0084885a8,2,covered,1.0
b6d4338ddb427cc2de97693c,0,covered,1.0
b6d4338ddb427cc2de97693c,1,covered,1.0
b6d4338ddb427cc2de97693c,2,covered,1.0
b6d4338ddb427cc2de97693c,3,covered,1.0
be8ec593d63646de5e84f1cd,0,covered,1.0
be8ec593d63646de5e84f1cd,1,covered,1.0
be8ec593d63646de5e84f1cd,2,covered,1.0
71d6ff5b133176d04fa29aa1,0,covered,1.0
71d6ff5b133176d04fa29aa1,1,covered,1.0
71d6ff5b133176d04fa29aa1,2,covered,1.0
570822772787c33529e1ca60,0,covered,1.0
570822772787c33529e1ca60,1,covered,1.0
570822772787c33529e1ca60,2,covered,1.0
18a108b4c1064a6b5f5a8db7,0,covered,1.0
18a108b4c1064a6b5f5a8db7,1,covered,1.0
05ed7ef0ac2987415f118dc8,0,covered,1.0
05ed7ef0ac2987415f118dc8,1,covered,1.0
05ed7ef0ac2987415f118dc8,2,covered,1.0
bd4954b479404f4d8eabbc90,0,covered,1.0
bd4954b479404f4d8eabbc90,1,covered,1.0
bd4954b479404f4d8eabbc90,2,covered,1.0
2ffd77cc3e308a66b7a43e66,0,covered,1.0
2ffd77cc3e308a66b7a43e66,1,covered,1.0
2ffd77cc3e308a66b7a43e66,2,covered,1.0
2ffd77cc3e308a66b7a43e66,3,covered,1.0
24397ca95a57b36137960aa3,0,covered,1.0
24397ca95a57b36137960aa3,1,covered,1.0
24397ca95a57b36137960aa3,2,covered,1.0
24397ca95a57b36137960aa3,3,covered,1.0
4b6b8a77bcff93a616f4520b,0,covered,1.0
4b6b8a77bcff93a616f4520b,1,covered,1.0
4b6b8a77bcff93a616f4520b,2,covered,1.0
886eecd3b0e9aca0bad162af,0,covered,1.0
886eecd3b0e9aca0bad162af,1,covered,1.0
886eecd3b0e9aca0bad162af,2,covered,1.0
0f3e211b2125d9dc2d39910d,0,covered,1.0
0f3e211b2125d9dc2d39910d,1,covered,1.0
b294b1e8d1b397b7fe2ce11a,0,covered,1.0
b294b1e8d1b397b7fe2ce11a,1,covered,1.0
204cbca879aa49f803c3264c,0,covered,1.0
204cbca879aa49f803c3264c,1,covered,1.0
20932b94c11e185e84b1d65e,0,covered,1.0
20932b94c11e185e84b1d65e,1,covered,1.0
20932b94c11e185e84b1d65e,2,covered,1.0
20932b94c11e185e84b1d65e,3,covered,1.0
20932b94c11e185e84b1d65e,4,covered,1.0
e4ab5acc04ade805a9f10528,0,partial,0.5
e4ab5acc04ade805a9f10528,1,partial,0.5
94e9caceccd3fc49c0d0418f,0,covered,1.0
94e9caceccd3fc49c0d0418f,1,covered,1.0
c4f06e26d8b5d5664d7be131,0,covered,1.0
c4f06e26d8b5d5664d7be131,1,covered,1.0
c4f06e26d8b5d5664d7be131,2,covered,1.0
c4f06e26d8b5d5664d7be131,3,covered,1.0
c4f06e26d8b5d5664d7be131,4,covered,1.0
c4f06e26d8b5d5664d7be131,5,covered,1.0
c4f06e26d8b5d5664d7be131,6,covered,1.0
d2c80bccc900622eb47d7d05,0,covered,1.0
d2c80bccc900622eb47d7d05,1,covered,1.0
d2c80bccc900622eb47d7d05,2,covered,1.0
d2c80bccc900622eb47d7d05,3,covered,1.0
31b6e8bcb4c043d75b7c8fb1,0,covered,1.0
31b6e8bcb4c043d75b7c8fb1,1,covered,1.0
31b6e8bcb4c043d75b7c8fb1,2,covered,1.0
31b6e8bcb4c043d75b7c8fb1,3,covered,1.0
31b6e8bcb4c043d75b7c8fb1,4,covered,1.0
7a7eedccc40342e1c6fdd32e,0,covered,1.0
7a7eedccc40342e1c6fdd32e,1,covered,1.0
7a7eedccc40342e1c6fdd32e,2,covered,1.0
7a7eedccc40342e1c6fdd32e,3,covered,1.0
7a7eedccc40342e1c6fdd32e,4,covered,1.0
962936f81e7c1599c4835072,0,covered,1.0
962936f81e7c1599c4835072,1,covered,1.0
934831ae9198c703ea92a5a2,0,covered,1.0
934831ae9198c703ea92a5a2,1,covered,1.0
d33d85260ef657002321ae1d,0,covered,1.0
d33d85260ef657002321ae1d,1,covered,1.0
d33d85260ef657002321ae1d,2,covered,1.0
31874539313d65b33a253b32,0,covered,1.0
31874539313d65b33a253b32,1,covered,1.0
31874539313d65b33a253b32,2,covered,1.0
31874539313d65b33a253b32,3,covered,1.0
31874539313d65b33a253b32,4,covered,1.0
9a4a5d37a138582a789d245f,0,covered,1.0
9a4a5d37a138582a789d245f,1,covered,1.0
9a4a5d37a138582a789d245f,2,covered,1.0
e7d0707ee71728c1e4806c30,0,covered,1.0
e7d0707ee71728c1e4806c30,1,covered,1.0
e7d0707ee71728c1e4806c30,2,covered,1.0
d21a693c36b017f044a34943,0,covered,1.0
d21a693c36b017f044a34943,1,covered,1.0
49f1d469260a0def8ce86086,0,covered,1.0
49f1d469260a0def8ce86086,1,covered,1.0
49f1d469260a0def8ce86086,2,covered,1.0
49f1d469260a0def8ce86086,3,covered,1.0
7910901fbf349e4e36e5e37c,0,covered,1.0
7910901fbf349e4e36e5e37c,1,covered,1.0
7910901fbf349e4e36e5e37c,2,covered,1.0
7910901fbf349e4e36e5e37c,3,covered,1.0
68a01a2e975bc9537478ad9d,0,covered,1.0
68a01a2e975bc9537478ad9d,1,covered,1.0
68a01a2e975bc9537478ad9d,2,covered,1.0
68a01a2e975bc9537478ad9d,3,covered,1.0
c4aa2e1b0408f512236ea95e,0,covered,1.0
c4aa2e1b0408f512236ea95e,1,covered,1.0
c4aa2e1b0408f512236ea95e,2,covered,1.0
3bc32da82ac670c2ca40987e,0,covered,1.0
3bc32da82ac670c2ca40987e,1,covered,1.0
3bc32da82ac670c2ca40987e,2,covered,1.0
3bc32da82ac670c2ca40987e,3,covered,1.0
a729efef64aeb1e72dfcb492,0,covered,1.0
a729efef64aeb1e72dfcb492,1,covered,1.0
a729efef64aeb1e72dfcb492,2,covered,1.0
a729efef64aeb1e72dfcb492,3,covered,1.0
e4d78e685e9ff0ef3b921f45,0,covered,1.0
e4d78e685e9ff0ef3b921f45,1,covered,1.0
e4d78e685e9ff0ef3b921f45,2,partial,0.5
e4d78e685e9ff0ef3b921f45,3,covered,1.0
e4d78e685e9ff0ef3b921f45,4,covered,1.0
3dd63274c77c0969e2643747,0,covered,1.0
3dd63274c77c0969e2643747,1,covered,1.0
3dd63274c77c0969e2643747,2,covered,1.0
3dd63274c77c0969e2643747,3,covered,1.0
159bf640ebfb287c1d39127a,0,covered,1.0
159bf640ebfb287c1d39127a,1,covered,1.0
159bf640ebfb287c1d39127a,2,covered,1.0
159bf640ebfb287c1d39127a,3,covered,1.0
159bf640ebfb287c1d39127a,4,covered,1.0
bb0470e98a60624574041bf4,0,covered,1.0
bb0470e98a60624574041bf4,1,covered,1.0
bb0470e98a60624574041bf4,2,covered,1.0
5ca03162617e7605fc132d0c,0,covered,1.0
5ca03162617e7605fc132d0c,1,covered,1.0
5ca03162617e7605fc132d0c,2,covered,1.0
641cdd5171f5d5b8fda94ebb,0,covered,1.0
641cdd5171f5d5b8fda94ebb,1,covered,1.0
641cdd5171f5d5b8fda94ebb,2,covered,1.0
eb0fffa09eb890e71938cc87,0,covered,1.0
eb0fffa09eb890e71938cc87,1,covered,1.0
eb0fffa09eb890e71938cc87,2,covered,1.0
d2b6899a0f336797efd8751c,0,covered,1.0
d2b6899a0f336797efd8751c,1,covered,1.0
d2b6899a0f336797efd8751c,2,covered,1.0
d2b6899a0f336797efd8751c,3,partial,0.5
d2b6899a0f336797efd8751c,4,covered,1.0
d2b6899a0f336797efd8751c,5,covered,1.0
af4c9f45743123199885a52d,0,covered,1.0
af4c9f45743123199885a52d,1,covered,1.0
af4c9f45743123199885a52d,2,covered,1.0
af4c9f45743123199885a52d,3,covered,1.0
af4c9f45743123199885a52d,4,covered,1.0
6460afbd9d8e338c87b17a6b,0,covered,1.0
6460afbd9d8e338c87b17a6b,1,covered,1.0
6460afbd9d8e338c87b17a6b,2,covered,1.0
6460afbd9d8e338c87b17a6b,3,covered,1.0
593ca033315f32ee17f95371,0,covered,1.0
593ca033315f32ee17f95371,1,covered,1.0
593ca033315f32ee17f95371,2,covered,1.0
593ca033315f32ee17f95371,3,covered,1.0
723e7c6f3c236db2e8a2beb0,0,covered,1.0
723e7c6f3c236db2e8a2beb0,1,covered,1.0
723e7c6f3c236db2e8a2beb0,2,covered,1.0
d4af3f382a871c9be309c639,0,covered,1.0
d4af3f382a871c9be309c639,1,covered,1.0
d4af3f382a871c9be309c639,2,covered,1.0
d4af3f382a871c9be309c639,3,covered,1.0
bf8117bcfebd110bf268d167,0,covered,1.0
bf8117bcfebd110bf268d167,1,covered,1.0
bf8117bcfebd110bf268d167,2,covered,1.0
bf8117bcfebd110bf268d167,3,covered,1.0
1117f43cb2c5be8382f002c1,0,covered,1.0
1117f43cb2c5be8382f002c1,1,covered,1.0
1117f43cb2c5be8382f002c1,2,covered,1.0
1117f43cb2c5be8382f002c1,3,covered,1.0
1117f43cb2c5be8382f002c1,4,covered,1.0
a649365c9167e12122d32e66,0,covered,1.0
a649365c9167e12122d32e66,1,covered,1.0
a649365c9167e12122d32e66,2,covered,1.0
a649365c9167e12122d32e66,3,covered,1.0
a649365c9167e12122d32e66,4,covered,1.0
014a34fc14fa2f65b37bc307,0,covered,1.0
014a34fc14fa2f65b37bc307,1,covered,1.0
014a34fc14fa2f65b37bc307,2,covered,1.0
014a34fc14fa2f65b37bc307,3,covered,1.0
014a34fc14fa2f65b37bc307,4,covered,1.0
588677c38e3172988e91f76b,0,covered,1.0
588677c38e3172988e91f76b,1,covered,1.0
588677c38e3172988e91f76b,2,covered,1.0
e3e8b03d055a29455b55add0,0,covered,1.0
e3e8b03d055a29455b55add0,1,covered,1.0
e3e8b03d055a29455b55add0,2,covered,1.0
e3e8b03d055a29455b55add0,3,covered,1.0
e3e8b03d055a29455b55add0,4,covered,1.0
c2af4dc0f5e4f3b181493441,0,covered,1.0
c2af4dc0f5e4f3b181493441,1,covered,1.0
c2af4dc0f5e4f3b181493441,2,covered,1.0
cd7a62add13ae700e1e21845,0,covered,1.0
cd7a62add13ae700e1e21845,1,covered,1.0
cd7a62add13ae700e1e21845,2,covered,1.0
1a6234ebb7e4748f0bf314de,0,covered,1.0
1a6234ebb7e4748f0bf314de,1,covered,1.0
1a6234ebb7e4748f0bf314de,2,covered,1.0
1a6234ebb7e4748f0bf314de,3,covered,1.0
1a6234ebb7e4748f0bf314de,4,covered,1.0
4a75d655ae834f68093d7cc5,0,covered,1.0
4a75d655ae834f68093d7cc5,1,covered,1.0
4a75d655ae834f68093d7cc5,2,covered,1.0
44e7ddc18ef3a67248b814ff,0,covered,1.0
44e7ddc18ef3a67248b814ff,1,covered,1.0
44e7ddc18ef3a67248b814ff,2,covered,1.0
63813adf90e3708cdf40ba67,0,covered,1.0
63813adf90e3708cdf40ba67,1,covered,1.0
63813adf90e3708cdf40ba67,2,covered,1.0
63813adf90e3708cdf40ba67,3,covered,1.0
63813adf90e3708cdf40ba67,4,covered,1.0
63813adf90e3708cdf40ba67,5,covered,1.0
a372da9cb37d00e30ebdea62,0,covered,1.0
a372da9cb37d00e30ebdea62,1,covered,1.0
a372da9cb37d00e30ebdea62,2,covered,1.0
a372da9cb37d00e30ebdea62,3,covered,1.0
37e4eaa501be2952fc373cb7,0,covered,1.0
37e4eaa501be2952fc373cb7,1,covered,1.0
37e4eaa501be2952fc373cb7,2,covered,1.0
0ba4232aef7dd9603532c75d,0,covered,1.0
0ba4232aef7dd9603532c75d,1,covered,1.0
0ba4232aef7dd9603532c75d,2,covered,1.0
0ba4232aef7dd9603532c75d,3,covered,1.0
0ba4232aef7dd9603532c75d,4,covered,1.0
e22d97c44d85134d23f800fa,0,covered,1.0
e22d97c44d85134d23f800fa,1,covered,1.0
e22d97c44d85134d23f800fa,2,covered,1.0
e22d97c44d85134d23f800fa,3,covered,1.0
b919a0682d5a945859b177a8,0,covered,1.0
b919a0682d5a945859b177a8,1,covered,1.0
b919a0682d5a945859b177a8,2,covered,1.0
b919a0682d5a945859b177a8,3,covered,1.0
f5a8e0ff88e2dcfc3cf36eaf,0,covered,1.0
f5a8e0ff88e2dcfc3cf36eaf,1,covered,1.0
f5a8e0ff88e2dcfc3cf36eaf,2,covered,1.0
f5a8e0ff88e2dcfc3cf36eaf,3,covered,1.0
f5a8e0ff88e2dcfc3cf36eaf,4,covered,1.0
f5a8e0ff88e2dcfc3cf36eaf,5,covered,1.0
f5a8e0ff88e2dcfc3cf36eaf,6,covered,1.0
f5a8e0ff88e2dcfc3cf36eaf,7,covered,1.0
f5a8e0ff88e2dcfc3cf36eaf,8,covered,1.0
b2b501b62603d219ae6527b0,0,covered,1.0
b2b501b62603d219ae6527b0,1,covered,1.0
b2b501b62603d219ae6527b0,2,covered,1.0
b2b501b62603d219ae6527b0,3,covered,1.0
b2b501b62603d219ae6527b0,4,covered,1.0
69b25c816fd11586432c4719,0,covered,1.0
69b25c816fd11586432c4719,1,covered,1.0
69b25c816fd11586432c4719,2,covered,1.0
69b25c816fd11586432c4719,3,covered,1.0
6971d0e9bb515d1377120541,0,covered,1.0
6971d0e9bb515d1377120541,1,covered,1.0
6971d0e9bb515d1377120541,2,covered,1.0
821e0c9666cbc5e2f1915ab9,0,covered,1.0
821e0c9666cbc5e2f1915ab9,1,covered,1.0
821e0c9666cbc5e2f1915ab9,2,covered,1.0
821e0c9666cbc5e2f1915ab9,3,covered,1.0
5b2f5cb9b09db43042dd3bfe,0,covered,1.0
5b2f5cb9b09db43042dd3bfe,1,covered,1.0
f5c0ce7ed4c2745324ec77b3,0,covered,1.0
f5c0ce7ed4c2745324ec77b3,1,covered,1.0
f5c0ce7ed4c2745324ec77b3,2,covered,1.0
f5c0ce7ed4c2745324ec77b3,3,covered,1.0
e627bcc7767fec6180b72543,0,covered,1.0
e627bcc7767fec6180b72543,1,covered,1.0
678f771eb05fb6a4b712a65d,0,covered,1.0
678f771eb05fb6a4b712a65d,1,covered,1.0
678f771eb05fb6a4b712a65d,2,covered,1.0
678f771eb05fb6a4b712a65d,3,covered,1.0
04c87a7304ca12e29b34c198,0,covered,1.0
04c87a7304ca12e29b34c198,1,covered,1.0
04c87a7304ca12e29b34c198,2,covered,1.0
04c87a7304ca12e29b34c198,3,covered,1.0
97fbd5ff737675c7a9de613f,0,covered,1.0
97fbd5ff737675c7a9de613f,1,covered,1.0
97fbd5ff737675c7a9de613f,2,covered,1.0
6b67b1f26f872b9fd2435d41,0,covered,1.0
6b67b1f26f872b9fd2435d41,1,covered,1.0
6b67b1f26f872b9fd2435d41,2,covered,1.0
6b67b1f26f872b9fd2435d41,3,covered,1.0
6b67b1f26f872b9fd2435d41,4,covered,1.0
ed429cd54c779ef2dc015a44,0,covered,1.0
ed429cd54c779ef2dc015a44,1,covered,1.0
ed429cd54c779ef2dc015a44,2,covered,1.0
ed429cd54c779ef2dc015a44,3,covered,1.0
a4fdc8c975359f53fa59c446,0,partial,0.5
a4fdc8c975359f53fa59c446,1,contradicted,0.0
3208058daaa23495a690281e,0,covered,1.0
3208058daaa23495a690281e,1,covered,1.0
3208058daaa23495a690281e,2,covered,1.0
19d5f8ab9038e7beceaf3337,0,covered,1.0
19d5f8ab9038e7beceaf3337,1,covered,1.0
19d5f8ab9038e7beceaf3337,2,covered,1.0
eb9653522f2db1253be7495e,0,covered,1.0
eb9653522f2db1253be7495e,1,covered,1.0
eb9653522f2db1253be7495e,2,covered,1.0
eb9653522f2db1253be7495e,3,covered,1.0
426e5061194b1a27f5a1d750,0,covered,1.0
426e5061194b1a27f5a1d750,1,covered,1.0
426e5061194b1a27f5a1d750,2,covered,1.0
4def7be83d345a733e3442ba,0,covered,1.0
4def7be83d345a733e3442ba,1,covered,1.0
4def7be83d345a733e3442ba,2,covered,1.0
4def7be83d345a733e3442ba,3,covered,1.0
61e92d7fc2573da3fcc0b9a7,0,covered,1.0
61e92d7fc2573da3fcc0b9a7,1,covered,1.0
61e92d7fc2573da3fcc0b9a7,2,covered,1.0
3e0a111499fbc423677a9294,0,covered,1.0
3e0a111499fbc423677a9294,1,covered,1.0
dde46ead068c2b2b3a2534d7,0,covered,1.0
dde46ead068c2b2b3a2534d7,1,covered,1.0
dde46ead068c2b2b3a2534d7,2,covered,1.0
dde46ead068c2b2b3a2534d7,3,covered,1.0
e046656f063efbe7f5db27c5,0,covered,1.0
e046656f063efbe7f5db27c5,1,covered,1.0
e046656f063efbe7f5db27c5,2,covered,1.0
07031d06ee88e9793674a47e,0,covered,1.0
07031d06ee88e9793674a47e,1,covered,1.0
07031d06ee88e9793674a47e,2,covered,1.0
07031d06ee88e9793674a47e,3,covered,1.0
622a9c00e0ebeb7e65c142e4,0,covered,1.0
622a9c00e0ebeb7e65c142e4,1,covered,1.0
b2ca317e729b3e17f3bfb3b8,0,covered,1.0
b2ca317e729b3e17f3bfb3b8,1,covered,1.0
b2ca317e729b3e17f3bfb3b8,2,covered,1.0
6d5cf50938fdd09d69b51e89,0,covered,1.0
6d5cf50938fdd09d69b51e89,1,covered,1.0
6d5cf50938fdd09d69b51e89,2,covered,1.0
c5ade261239d1c463fdc0a1d,0,covered,1.0
c5ade261239d1c463fdc0a1d,1,covered,1.0
c5ade261239d1c463fdc0a1d,2,covered,1.0
2dd20874ad469464e036ffac,0,covered,1.0
2dd20874ad469464e036ffac,1,covered,1.0
2dd20874ad469464e036ffac,2,covered,1.0
ab0a3de58555fa3d9e38139c,0,covered,1.0
ab0a3de58555fa3d9e38139c,1,covered,1.0
ab0a3de58555fa3d9e38139c,2,covered,1.0
c449a2effbbcc8b87ae326d9,0,covered,1.0
c449a2effbbcc8b87ae326d9,1,covered,1.0
c449a2effbbcc8b87ae326d9,2,covered,1.0
c449a2effbbcc8b87ae326d9,3,covered,1.0
94be5db90889b3dd81d3937c,0,covered,1.0
94be5db90889b3dd81d3937c,1,covered,1.0
3c5b283c4b5970d8e2e03134,0,covered,1.0
3c5b283c4b5970d8e2e03134,1,covered,1.0
3c5b283c4b5970d8e2e03134,2,covered,1.0
e5fcfb05a4169edec2bca00b,0,covered,1.0
e5fcfb05a4169edec2bca00b,1,covered,1.0
4c9a4ad52a59b6a33d7b8f51,0,covered,1.0
4c9a4ad52a59b6a33d7b8f51,1,covered,1.0
4c9a4ad52a59b6a33d7b8f51,2,covered,1.0
33a748ed547dc8263654a0c3,0,covered,1.0
33a748ed547dc8263654a0c3,1,covered,1.0
33a748ed547dc8263654a0c3,2,covered,1.0
5e724cba351f6a998c9c7e8c,0,covered,1.0
5e724cba351f6a998c9c7e8c,1,covered,1.0
5e724cba351f6a998c9c7e8c,2,covered,1.0
cce21aab2f77d46e18b354b0,0,covered,1.0
cce21aab2f77d46e18b354b0,1,covered,1.0
cce21aab2f77d46e18b354b0,2,covered,1.0
cce21aab2f77d46e18b354b0,3,covered,1.0
edcc089a4a5cb839ad012c1c,0,covered,1.0
edcc089a4a5cb839ad012c1c,1,covered,1.0
edcc089a4a5cb839ad012c1c,2,covered,1.0
fb57a4510d7c5241f0efb32a,0,covered,1.0
fb57a4510d7c5241f0efb32a,1,covered,1.0
fb57a4510d7c5241f0efb32a,2,covered,1.0
fb57a4510d7c5241f0efb32a,3,covered,1.0
fb57a4510d7c5241f0efb32a,4,covered,1.0
452ed59f8cabfdf8139760ed,0,covered,1.0
452ed59f8cabfdf8139760ed,1,covered,1.0
452ed59f8cabfdf8139760ed,2,covered,1.0
853da39ca0aec56e5b92016f,0,covered,1.0
853da39ca0aec56e5b92016f,1,covered,1.0
853da39ca0aec56e5b92016f,2,covered,1.0
64fe25da01b391291fa8c777,0,covered,1.0
64fe25da01b391291fa8c777,1,covered,1.0
64fe25da01b391291fa8c777,2,covered,1.0
64fe25da01b391291fa8c777,3,covered,1.0
baa007087ce64f1e73edc6b6,0,covered,1.0
baa007087ce64f1e73edc6b6,1,covered,1.0
baa007087ce64f1e73edc6b6,2,covered,1.0
389455eb764f024422e2b414,0,covered,1.0
389455eb764f024422e2b414,1,covered,1.0
389455eb764f024422e2b414,2,covered,1.0
d9c4a9bb4238d3b99e8892e1,0,partial,0.5
d9c4a9bb4238d3b99e8892e1,1,covered,1.0
d9c4a9bb4238d3b99e8892e1,2,covered,1.0
9144810316507c5947de09ef,0,covered,1.0
9144810316507c5947de09ef,1,covered,1.0
eb064fd0f2b1bc306e56ee30,0,covered,1.0
eb064fd0f2b1bc306e56ee30,1,covered,1.0
eb064fd0f2b1bc306e56ee30,2,covered,1.0
e09d23bc50e1167341b523c9,0,covered,1.0
e09d23bc50e1167341b523c9,1,covered,1.0
e09d23bc50e1167341b523c9,2,covered,1.0
b6130a480c6707e9222375f5,0,covered,1.0
b6130a480c6707e9222375f5,1,covered,1.0
b6130a480c6707e9222375f5,2,covered,1.0
b6130a480c6707e9222375f5,3,covered,1.0
628b7609b74ae80862da29cb,0,covered,1.0
628b7609b74ae80862da29cb,1,covered,1.0
628b7609b74ae80862da29cb,2,covered,1.0
628b7609b74ae80862da29cb,3,covered,1.0
1e96a06f7fce111816c5fcda,0,covered,1.0
1e96a06f7fce111816c5fcda,1,covered,1.0
1e96a06f7fce111816c5fcda,2,covered,1.0
9d3c279ccaec2aeaad1bce5e,0,covered,1.0
9d3c279ccaec2aeaad1bce5e,1,covered,1.0
9d3c279ccaec2aeaad1bce5e,2,covered,1.0
c3191ccd3f960f826b4b96cb,0,covered,1.0
c3191ccd3f960f826b4b96cb,1,covered,1.0
fe37b4f36f6382ded574d3b9,0,covered,1.0
fe37b4f36f6382ded574d3b9,1,covered,1.0
c0a9145ed19a10745e1d327c,0,covered,1.0
c0a9145ed19a10745e1d327c,1,covered,1.0
a61cd1c881f76a4cac247c1d,0,covered,1.0
a61cd1c881f76a4cac247c1d,1,covered,1.0
a61cd1c881f76a4cac247c1d,2,covered,1.0
a61cd1c881f76a4cac247c1d,3,covered,1.0
a61cd1c881f76a4cac247c1d,4,covered,1.0
c4f92a561f63799cad91251f,0,contradicted,0.0
c4f92a561f63799cad91251f,1,contradicted,0.0
4a889cd27d1086b379773924,0,covered,1.0
4a889cd27d1086b379773924,1,covered,1.0
199e597117bd15e2d11c2491,0,covered,1.0
199e597117bd15e2d11c2491,1,covered,1.0
199e597117bd15e2d11c2491,2,covered,1.0
199e597117bd15e2d11c2491,3,covered,1.0
199e597117bd15e2d11c2491,4,covered,1.0
199e597117bd15e2d11c2491,5,covered,1.0
199e597117bd15e2d11c2491,6,covered,1.0
f024093a945570cba57605a1,0,covered,1.0
f024093a945570cba57605a1,1,covered,1.0
f024093a945570cba57605a1,2,covered,1.0
f024093a945570cba57605a1,3,covered,1.0
eaed0d0fe01baa4451b89ae4,0,covered,1.0
eaed0d0fe01baa4451b89ae4,1,covered,1.0
eaed0d0fe01baa4451b89ae4,2,covered,1.0
eaed0d0fe01baa4451b89ae4,3,covered,1.0
eaed0d0fe01baa4451b89ae4,4,covered,1.0
b5b611e26daf2494fdd35f55,0,covered,1.0
b5b611e26daf2494fdd35f55,1,covered,1.0
b5b611e26daf2494fdd35f55,2,covered,1.0
b5b611e26daf2494fdd35f55,3,covered,1.0
b5b611e26daf2494fdd35f55,4,covered,1.0
c1a2a7d63e905edf8da37aff,0,covered,1.0
c1a2a7d63e905edf8da37aff,1,covered,1.0
618327d1121c36f21d60623e,0,covered,1.0
618327d1121c36f21d60623e,1,covered,1.0
09c23c145d26ba3446a951a8,0,covered,1.0
09c23c145d26ba3446a951a8,1,covered,1.0
09c23c145d26ba3446a951a8,2,covered,1.0
c5dfc81cca0b8afd17efaef8,0,partial,0.5
c5dfc81cca0b8afd17efaef8,1,covered,1.0
c5dfc81cca0b8afd17efaef8,2,covered,1.0
c5dfc81cca0b8afd17efaef8,3,covered,1.0
c5dfc81cca0b8afd17efaef8,4,covered,1.0
6782cb6b1d24277b3baeec03,0,covered,1.0
6782cb6b1d24277b3baeec03,1,covered,1.0
6782cb6b1d24277b3baeec03,2,covered,1.0
698b162a5abc3061c6f4a4c2,0,covered,1.0
698b162a5abc3061c6f4a4c2,1,covered,1.0
698b162a5abc3061c6f4a4c2,2,covered,1.0
deab324cbad7365becf9e25e,0,covered,1.0
deab324cbad7365becf9e25e,1,covered,1.0
ec90e918cf1f50e0f01f1c65,0,covered,1.0
ec90e918cf1f50e0f01f1c65,1,covered,1.0
ec90e918cf1f50e0f01f1c65,2,covered,1.0
ec90e918cf1f50e0f01f1c65,3,covered,1.0
f5e65f7f4e35331b82ce305c,0,covered,1.0
f5e65f7f4e35331b82ce305c,1,covered,1.0
f5e65f7f4e35331b82ce305c,2,covered,1.0
f5e65f7f4e35331b82ce305c,3,covered,1.0
5bf3c0f99ce644e01da61069,0,covered,1.0
5bf3c0f99ce644e01da61069,1,covered,1.0
5bf3c0f99ce644e01da61069,2,covered,1.0
5bf3c0f99ce644e01da61069,3,covered,1.0
000ddb5571352c377aae0c6e,0,covered,1.0
000ddb5571352c377aae0c6e,1,covered,1.0
000ddb5571352c377aae0c6e,2,covered,1.0
d4d6cad52e569ceac1fb4a54,0,covered,1.0
d4d6cad52e569ceac1fb4a54,1,covered,1.0
d4d6cad52e569ceac1fb4a54,2,covered,1.0
d4d6cad52e569ceac1fb4a54,3,covered,1.0
17b5b9b984cfbb6daee33f25,0,covered,1.0
17b5b9b984cfbb6daee33f25,1,covered,1.0
17b5b9b984cfbb6daee33f25,2,covered,1.0
17b5b9b984cfbb6daee33f25,3,covered,1.0
2fb11c03b0ce88e173c81807,0,covered,1.0
2fb11c03b0ce88e173c81807,1,covered,1.0
2fb11c03b0ce88e173c81807,2,covered,1.0
2fb11c03b0ce88e173c81807,3,covered,1.0
2fb11c03b0ce88e173c81807,4,covered,1.0
d78ef0cb11b71768c006c76a,0,covered,1.0
d78ef0cb11b71768c006c76a,1,covered,1.0
d78ef0cb11b71768c006c76a,2,covered,1.0
d78ef0cb11b71768c006c76a,3,covered,1.0
0811eaa0160e02912860d347,0,missing,0.0
0811eaa0160e02912860d347,1,covered,1.0
0811eaa0160e02912860d347,2,covered,1.0
0811eaa0160e02912860d347,3,covered,1.0
0811eaa0160e02912860d347,4,covered,1.0
095d44a720bf4e97aa90afea,0,covered,1.0
095d44a720bf4e97aa90afea,1,covered,1.0
095d44a720bf4e97aa90afea,2,covered,1.0
e518308832bf9e66845f95fc,0,covered,1.0
e518308832bf9e66845f95fc,1,covered,1.0
e518308832bf9e66845f95fc,2,covered,1.0
8273eeadf2ca39329037878a,0,covered,1.0
8273eeadf2ca39329037878a,1,covered,1.0
8273eeadf2ca39329037878a,2,covered,1.0
17e0e0ce729f8ba5b65e5cc1,0,covered,1.0
17e0e0ce729f8ba5b65e5cc1,1,covered,1.0
17e0e0ce729f8ba5b65e5cc1,2,covered,1.0
74edb1b96889a8317428cedd,0,covered,1.0
74edb1b96889a8317428cedd,1,covered,1.0
74edb1b96889a8317428cedd,2,covered,1.0
74edb1b96889a8317428cedd,3,covered,1.0
74edb1b96889a8317428cedd,4,covered,1.0
74edb1b96889a8317428cedd,5,covered,1.0
f6db52d0250e98b92cb83a1e,0,covered,1.0
f6db52d0250e98b92cb83a1e,1,covered,1.0
f6db52d0250e98b92cb83a1e,2,covered,1.0
f6db52d0250e98b92cb83a1e,3,covered,1.0
f6db52d0250e98b92cb83a1e,4,covered,1.0
bfb05f89acc5f0b103a42ee0,0,covered,1.0
bfb05f89acc5f0b103a42ee0,1,covered,1.0
bfb05f89acc5f0b103a42ee0,2,covered,1.0
bfb05f89acc5f0b103a42ee0,3,covered,1.0
6aaa1366276debdf199e1093,0,covered,1.0
6aaa1366276debdf199e1093,1,covered,1.0
6aaa1366276debdf199e1093,2,covered,1.0
6aaa1366276debdf199e1093,3,covered,1.0
b0be991d260545a4f40cb798,0,covered,1.0
b0be991d260545a4f40cb798,1,covered,1.0
b0be991d260545a4f40cb798,2,covered,1.0
de8a905a124742fc2a734e98,0,covered,1.0
de8a905a124742fc2a734e98,1,covered,1.0
de8a905a124742fc2a734e98,2,covered,1.0
de8a905a124742fc2a734e98,3,covered,1.0
b0587deda6ab6afcf097e423,0,covered,1.0
b0587deda6ab6afcf097e423,1,covered,1.0
b0587deda6ab6afcf097e423,2,covered,1.0
b0587deda6ab6afcf097e423,3,covered,1.0
dfdf6a3804ad70044caeec1f,0,covered,1.0
dfdf6a3804ad70044caeec1f,1,covered,1.0
dfdf6a3804ad70044caeec1f,2,covered,1.0
dfdf6a3804ad70044caeec1f,3,covered,1.0
dfdf6a3804ad70044caeec1f,4,covered,1.0
08539a50fdd4a1304dc25e33,0,covered,1.0
08539a50fdd4a1304dc25e33,1,covered,1.0
08539a50fdd4a1304dc25e33,2,covered,1.0
08539a50fdd4a1304dc25e33,3,covered,1.0
08539a50fdd4a1304dc25e33,4,covered,1.0
a3d32a55e761e9c0c3416c11,0,partial,0.5
a3d32a55e761e9c0c3416c11,1,covered,1.0
a3d32a55e761e9c0c3416c11,2,covered,1.0
a3d32a55e761e9c0c3416c11,3,covered,1.0
a3d32a55e761e9c0c3416c11,4,partial,0.5
8d6d4e540a3cf484572fe140,0,covered,1.0
8d6d4e540a3cf484572fe140,1,covered,1.0
8d6d4e540a3cf484572fe140,2,covered,1.0
42cebcb0085b4338f45415b5,0,covered,1.0
42cebcb0085b4338f45415b5,1,covered,1.0
42cebcb0085b4338f45415b5,2,covered,1.0
42cebcb0085b4338f45415b5,3,covered,1.0
42cebcb0085b4338f45415b5,4,covered,1.0
49835f32598ec2f460a1f7f2,0,partial,0.5
49835f32598ec2f460a1f7f2,1,covered,1.0
49835f32598ec2f460a1f7f2,2,covered,1.0
49835f32598ec2f460a1f7f2,3,covered,1.0
49835f32598ec2f460a1f7f2,4,covered,1.0
6eb89f911975eca987a05246,0,covered,1.0
6eb89f911975eca987a05246,1,covered,1.0
6eb89f911975eca987a05246,2,covered,1.0
69020bf44379db24aabff823,0,covered,1.0
69020bf44379db24aabff823,1,covered,1.0
69020bf44379db24aabff823,2,covered,1.0
46e4417d118bec300205866f,0,covered,1.0
46e4417d118bec300205866f,1,covered,1.0
46e4417d118bec300205866f,2,covered,1.0
46e4417d118bec300205866f,3,covered,1.0
46e4417d118bec300205866f,4,covered,1.0
d9ea2b31c6154cb002763ebf,0,covered,1.0
d9ea2b31c6154cb002763ebf,1,covered,1.0
d9ea2b31c6154cb002763ebf,2,covered,1.0
60166478f6315cc4bb3611a6,0,covered,1.0
60166478f6315cc4bb3611a6,1,covered,1.0
60166478f6315cc4bb3611a6,2,covered,1.0
a306a7ed32aa4a9ce09b7a63,0,covered,1.0
a306a7ed32aa4a9ce09b7a63,1,covered,1.0
a306a7ed32aa4a9ce09b7a63,2,covered,1.0
a306a7ed32aa4a9ce09b7a63,3,covered,1.0
a306a7ed32aa4a9ce09b7a63,4,covered,1.0
a306a7ed32aa4a9ce09b7a63,5,covered,1.0
22c42b97e5b1e3711c3ff979,0,covered,1.0
22c42b97e5b1e3711c3ff979,1,covered,1.0
22c42b97e5b1e3711c3ff979,2,covered,1.0
22c42b97e5b1e3711c3ff979,3,covered,1.0
24fc44708468fbb3f2f731c6,0,covered,1.0
24fc44708468fbb3f2f731c6,1,covered,1.0
24fc44708468fbb3f2f731c6,2,covered,1.0
cc9a419e86eebd5d279bb72f,0,covered,1.0
cc9a419e86eebd5d279bb72f,1,covered,1.0
cc9a419e86eebd5d279bb72f,2,covered,1.0
cc9a419e86eebd5d279bb72f,3,covered,1.0
cc9a419e86eebd5d279bb72f,4,covered,1.0
5a5bad29d7b7bf523967ee44,0,covered,1.0
5a5bad29d7b7bf523967ee44,1,covered,1.0
5a5bad29d7b7bf523967ee44,2,covered,1.0
5a5bad29d7b7bf523967ee44,3,covered,1.0
31f454e601efa901ad00c117,0,covered,1.0
31f454e601efa901ad00c117,1,covered,1.0
31f454e601efa901ad00c117,2,covered,1.0
31f454e601efa901ad00c117,3,covered,1.0
5a1f842be3ca002ab43a603a,0,covered,1.0
5a1f842be3ca002ab43a603a,1,covered,1.0
5a1f842be3ca002ab43a603a,2,covered,1.0
5a1f842be3ca002ab43a603a,3,covered,1.0
5a1f842be3ca002ab43a603a,4,covered,1.0
5a1f842be3ca002ab43a603a,5,covered,1.0
5a1f842be3ca002ab43a603a,6,covered,1.0
5a1f842be3ca002ab43a603a,7,covered,1.0
5a1f842be3ca002ab43a603a,8,covered,1.0
31a02e6d409df431aebf56e8,0,covered,1.0
31a02e6d409df431aebf56e8,1,covered,1.0
31a02e6d409df431aebf56e8,2,covered,1.0
31a02e6d409df431aebf56e8,3,covered,1.0
31a02e6d409df431aebf56e8,4,covered,1.0
9f0c55e1118add4850ab411c,0,covered,1.0
9f0c55e1118add4850ab411c,1,covered,1.0
9f0c55e1118add4850ab411c,2,covered,1.0
9f0c55e1118add4850ab411c,3,covered,1.0
7c8374e7909652858e25407f,0,covered,1.0
7c8374e7909652858e25407f,1,covered,1.0
7c8374e7909652858e25407f,2,covered,1.0
8a81dcb105996228197c0af7,0,partial,0.5
8a81dcb105996228197c0af7,1,covered,1.0
8a81dcb105996228197c0af7,2,covered,1.0
8a81dcb105996228197c0af7,3,covered,1.0
5339beea165d0f8748db9109,0,covered,1.0
5339beea165d0f8748db9109,1,covered,1.0
dad5993df471484978798128,0,covered,1.0
dad5993df471484978798128,1,covered,1.0
dad5993df471484978798128,2,covered,1.0
dad5993df471484978798128,3,covered,1.0
7ad01a5b6350095b81972faa,0,covered,1.0
7ad01a5b6350095b81972faa,1,covered,1.0
7ad01a5b6350095b81972faa,2,covered,1.0
b12e04688e0a07eb64528fb4,0,covered,1.0
b12e04688e0a07eb64528fb4,1,covered,1.0
d44b03e7919d90910c6d7ea3,0,covered,1.0
d44b03e7919d90910c6d7ea3,1,covered,1.0
d44b03e7919d90910c6d7ea3,2,covered,1.0
d44b03e7919d90910c6d7ea3,3,covered,1.0
a45c7811f21dceafae3e3157,0,covered,1.0
a45c7811f21dceafae3e3157,1,covered,1.0
a45c7811f21dceafae3e3157,2,covered,1.0
a45c7811f21dceafae3e3157,3,covered,1.0
89f9f85c5c6f19451b2d0801,0,covered,1.0
89f9f85c5c6f19451b2d0801,1,covered,1.0
89f9f85c5c6f19451b2d0801,2,covered,1.0
2f7db7a5fc9276b34aaa56a9,0,covered,1.0
2f7db7a5fc9276b34aaa56a9,1,covered,1.0
2f7db7a5fc9276b34aaa56a9,2,covered,1.0
2f7db7a5fc9276b34aaa56a9,3,covered,1.0
2f7db7a5fc9276b34aaa56a9,4,covered,1.0
93b0b727805547383aaa44c2,0,covered,1.0
93b0b727805547383aaa44c2,1,covered,1.0
93b0b727805547383aaa44c2,2,covered,1.0
93b0b727805547383aaa44c2,3,covered,1.0
d33348213cdc2746e27b0037,0,covered,1.0
d33348213cdc2746e27b0037,1,partial,0.5
aa52e9d2270d498c86548801,0,covered,1.0
aa52e9d2270d498c86548801,1,covered,1.0
aa52e9d2270d498c86548801,2,covered,1.0
029b2681ecf8a426e8a2e8f9,0,covered,1.0
029b2681ecf8a426e8a2e8f9,1,covered,1.0
029b2681ecf8a426e8a2e8f9,2,covered,1.0
fa7b61483add070c20247d71,0,covered,1.0
fa7b61483add070c20247d71,1,covered,1.0
fa7b61483add070c20247d71,2,covered,1.0
fa7b61483add070c20247d71,3,covered,1.0
3946f655f0cb3315cc1b393c,0,covered,1.0
3946f655f0cb3315cc1b393c,1,covered,1.0
3946f655f0cb3315cc1b393c,2,covered,1.0
ffd83a6949b2b9a8ccc75513,0,covered,1.0
ffd83a6949b2b9a8ccc75513,1,covered,1.0
ffd83a6949b2b9a8ccc75513,2,covered,1.0
ffd83a6949b2b9a8ccc75513,3,covered,1.0
62eb5aabb6a0e29928385636,0,missing,0.0
62eb5aabb6a0e29928385636,1,covered,1.0
62eb5aabb6a0e29928385636,2,covered,1.0
62eb5aabb6a0e29928385636,3,covered,1.0
62eb5aabb6a0e29928385636,4,covered,1.0
62eb5aabb6a0e29928385636,5,covered,1.0
62eb5aabb6a0e29928385636,6,covered,1.0
62eb5aabb6a0e29928385636,7,missing,0.0
62eb5aabb6a0e29928385636,8,missing,0.0
cea576409a34a75d0285bf66,0,covered,1.0
cea576409a34a75d0285bf66,1,covered,1.0
cea576409a34a75d0285bf66,2,covered,1.0
69d1a9d44662404ee309cbac,0,covered,1.0
69d1a9d44662404ee309cbac,1,partial,0.5
495a2afaf420098f3576cc23,0,covered,1.0
495a2afaf420098f3576cc23,1,covered,1.0
495a2afaf420098f3576cc23,2,covered,1.0
495a2afaf420098f3576cc23,3,covered,1.0
0978b3d78292dfc9c65b561c,0,covered,1.0
0978b3d78292dfc9c65b561c,1,covered,1.0
0978b3d78292dfc9c65b561c,2,covered,1.0
0b0b4fbdeb7e4e5167955108,0,covered,1.0
0b0b4fbdeb7e4e5167955108,1,covered,1.0
0b0b4fbdeb7e4e5167955108,2,covered,1.0
0b0b4fbdeb7e4e5167955108,3,covered,1.0
1aa315a91187e5289aed3d5f,0,covered,1.0
1aa315a91187e5289aed3d5f,1,covered,1.0
46ba9ccb9ab0943fb2322f32,0,covered,1.0
46ba9ccb9ab0943fb2322f32,1,covered,1.0
46ba9ccb9ab0943fb2322f32,2,covered,1.0
0cbd30b242836014540e5af2,0,covered,1.0
0cbd30b242836014540e5af2,1,covered,1.0
0cbd30b242836014540e5af2,2,covered,1.0
2c5d1eb079ed8025ca641db9,0,covered,1.0
2c5d1eb079ed8025ca641db9,1,covered,1.0
2c5d1eb079ed8025ca641db9,2,covered,1.0
f24f0361e23431db936f60f9,0,covered,1.0
f24f0361e23431db936f60f9,1,covered,1.0
f24f0361e23431db936f60f9,2,covered,1.0
e2fe63b76d87d09127e891fb,0,covered,1.0
e2fe63b76d87d09127e891fb,1,covered,1.0
e2fe63b76d87d09127e891fb,2,covered,1.0
a34ef386412c02c587da9c6d,0,covered,1.0
a34ef386412c02c587da9c6d,1,covered,1.0
a34ef386412c02c587da9c6d,2,covered,1.0
a34ef386412c02c587da9c6d,3,covered,1.0
ac8c20147fd7fd419131b10b,0,covered,1.0
ac8c20147fd7fd419131b10b,1,covered,1.0
7b245ac37bd3e6f54cba0b8b,0,partial,0.5
7b245ac37bd3e6f54cba0b8b,1,covered,1.0
7b245ac37bd3e6f54cba0b8b,2,covered,1.0
9ae459130811940c96e827ef,0,covered,1.0
9ae459130811940c96e827ef,1,covered,1.0
d6f4e371dbb6ed57443da446,0,covered,1.0
d6f4e371dbb6ed57443da446,1,covered,1.0
d6f4e371dbb6ed57443da446,2,covered,1.0
4ef869fbd99e561316761cd6,0,covered,1.0
4ef869fbd99e561316761cd6,1,covered,1.0
4ef869fbd99e561316761cd6,2,covered,1.0
01c363a5688bc046f6d9cbed,0,covered,1.0
01c363a5688bc046f6d9cbed,1,covered,1.0
01c363a5688bc046f6d9cbed,2,covered,1.0
01c363a5688bc046f6d9cbed,3,covered,1.0
efcb6f7ecb25304cd4c8ff19,0,covered,1.0
efcb6f7ecb25304cd4c8ff19,1,covered,1.0
efcb6f7ecb25304cd4c8ff19,2,covered,1.0
9aaaa3a181ae05a5aaac0ccb,0,covered,1.0
9aaaa3a181ae05a5aaac0ccb,1,covered,1.0
9aaaa3a181ae05a5aaac0ccb,2,covered,1.0
9aaaa3a181ae05a5aaac0ccb,3,covered,1.0
9aaaa3a181ae05a5aaac0ccb,4,covered,1.0
93625a5b75e6e8f7bb2cd035,0,covered,1.0
93625a5b75e6e8f7bb2cd035,1,covered,1.0
93625a5b75e6e8f7bb2cd035,2,contradicted,0.0
f3c178a52fad6cbe45297e9b,0,covered,1.0
f3c178a52fad6cbe45297e9b,1,covered,1.0
f3c178a52fad6cbe45297e9b,2,covered,1.0
8e604fd55d3ece70be282618,0,missing,0.0
8e604fd55d3ece70be282618,1,covered,1.0
8e604fd55d3ece70be282618,2,covered,1.0
8e604fd55d3ece70be282618,3,covered,1.0
625de48f67655e1334226c30,0,covered,1.0
625de48f67655e1334226c30,1,covered,1.0
625de48f67655e1334226c30,2,covered,1.0
dc28644dc04dcfe61b7e49a4,0,covered,1.0
dc28644dc04dcfe61b7e49a4,1,covered,1.0
dc28644dc04dcfe61b7e49a4,2,covered,1.0
97f82d7c0052b837c576081a,0,covered,1.0
97f82d7c0052b837c576081a,1,covered,1.0
97f82d7c0052b837c576081a,2,covered,1.0
a101fc9a291f6381b7e8d25a,0,covered,1.0
a101fc9a291f6381b7e8d25a,1,covered,1.0
37cd6f4abfeda62bbc29d9da,0,covered,1.0
37cd6f4abfeda62bbc29d9da,1,covered,1.0
37cd6f4abfeda62bbc29d9da,2,covered,1.0
29c9bef0908631c7171db9a6,0,covered,1.0
29c9bef0908631c7171db9a6,1,covered,1.0
29c9bef0908631c7171db9a6,2,covered,1.0
8b01f8c0cb2275f448f18ce5,0,covered,1.0
8b01f8c0cb2275f448f18ce5,1,covered,1.0
8b01f8c0cb2275f448f18ce5,2,covered,1.0
8b01f8c0cb2275f448f18ce5,3,covered,1.0
ef08c19f8e07fdb8c6e7293e,0,covered,1.0
ef08c19f8e07fdb8c6e7293e,1,covered,1.0
ef08c19f8e07fdb8c6e7293e,2,covered,1.0
ef08c19f8e07fdb8c6e7293e,3,covered,1.0
def9c41720b356db282aff5e,0,covered,1.0
def9c41720b356db282aff5e,1,covered,1.0
def9c41720b356db282aff5e,2,covered,1.0
2814fb379f5599c2f4487060,0,covered,1.0
2814fb379f5599c2f4487060,1,covered,1.0
2814fb379f5599c2f4487060,2,covered,1.0
deb18a68b4fa4b1fc4638206,0,covered,1.0
deb18a68b4fa4b1fc4638206,1,covered,1.0
9f7bb10743d83556505f6a17,0,covered,1.0
9f7bb10743d83556505f6a17,1,covered,1.0
8b67a095f671a8f5f91648d4,0,partial,0.5
8b67a095f671a8f5f91648d4,1,covered,1.0
32807d16d482a5385099c2ea,0,covered,1.0
32807d16d482a5385099c2ea,1,covered,1.0
32807d16d482a5385099c2ea,2,covered,1.0
32807d16d482a5385099c2ea,3,covered,1.0
32807d16d482a5385099c2ea,4,covered,1.0
4a5d08d69f483c72873af941,0,partial,0.5
4a5d08d69f483c72873af941,1,partial,0.5
123b04db159740a1749cd4d4,0,covered,1.0
123b04db159740a1749cd4d4,1,covered,1.0
e387f5e1b02d75dbcea95e2e,0,covered,1.0
e387f5e1b02d75dbcea95e2e,1,covered,1.0
e387f5e1b02d75dbcea95e2e,2,covered,1.0
e387f5e1b02d75dbcea95e2e,3,covered,1.0
e387f5e1b02d75dbcea95e2e,4,covered,1.0
e387f5e1b02d75dbcea95e2e,5,covered,1.0
e387f5e1b02d75dbcea95e2e,6,covered,1.0
7c9d5f07a41ed3452a877e20,0,covered,1.0
7c9d5f07a41ed3452a877e20,1,covered,1.0
7c9d5f07a41ed3452a877e20,2,covered,1.0
7c9d5f07a41ed3452a877e20,3,covered,1.0
b8b318909edd6655c0dd6150,0,covered,1.0
b8b318909edd6655c0dd6150,1,covered,1.0
b8b318909edd6655c0dd6150,2,covered,1.0
b8b318909edd6655c0dd6150,3,covered,1.0
b8b318909edd6655c0dd6150,4,covered,1.0
882f212c3c09eb33e867a93a,0,covered,1.0
882f212c3c09eb33e867a93a,1,covered,1.0
882f212c3c09eb33e867a93a,2,covered,1.0
882f212c3c09eb33e867a93a,3,covered,1.0
882f212c3c09eb33e867a93a,4,covered,1.0
c078763d21b6d481af5a2dc7,0,covered,1.0
c078763d21b6d481af5a2dc7,1,covered,1.0
fd489aff178236e88b0724be,0,covered,1.0
fd489aff178236e88b0724be,1,covered,1.0
08ad6b4dfde4b30c535e31c2,0,covered,1.0
08ad6b4dfde4b30c535e31c2,1,covered,1.0
08ad6b4dfde4b30c535e31c2,2,covered,1.0
919f8194d373e7dc7257ac6b,0,covered,1.0
919f8194d373e7dc7257ac6b,1,covered,1.0
919f8194d373e7dc7257ac6b,2,covered,1.0
919f8194d373e7dc7257ac6b,3,covered,1.0
919f8194d373e7dc7257ac6b,4,missing,0.0
6696b339956f8283f553c982,0,covered,1.0
6696b339956f8283f553c982,1,covered,1.0
6696b339956f8283f553c982,2,covered,1.0
cec9937ef03fb2a88c572945,0,covered,1.0
cec9937ef03fb2a88c572945,1,covered,1.0
cec9937ef03fb2a88c572945,2,covered,1.0
e2e1039850eb5957122f69cd,0,covered,1.0
e2e1039850eb5957122f69cd,1,covered,1.0
59a7b15d7f8a24c2722b0d4a,0,partial,0.5
59a7b15d7f8a24c2722b0d4a,1,covered,1.0
59a7b15d7f8a24c2722b0d4a,2,covered,1.0
59a7b15d7f8a24c2722b0d4a,3,covered,1.0
768dd831cb0f4f6ee8c5a6e9,0,partial,0.5
768dd831cb0f4f6ee8c5a6e9,1,covered,1.0
768dd831cb0f4f6ee8c5a6e9,2,partial,0.5
768dd831cb0f4f6ee8c5a6e9,3,partial,0.5
8f2fe0f034af14a67d2a61d7,0,covered,1.0
8f2fe0f034af14a67d2a61d7,1,covered,1.0
8f2fe0f034af14a67d2a61d7,2,covered,1.0
8f2fe0f034af14a67d2a61d7,3,covered,1.0
4d73e72292fd8b6807411c67,0,covered,1.0
4d73e72292fd8b6807411c67,1,covered,1.0
4d73e72292fd8b6807411c67,2,covered,1.0
2c36f7faa115047c5d3e7b6f,0,covered,1.0
2c36f7faa115047c5d3e7b6f,1,covered,1.0
2c36f7faa115047c5d3e7b6f,2,covered,1.0
2c36f7faa115047c5d3e7b6f,3,covered,1.0
6b3a3a20fb37a3dec128d3f6,0,covered,1.0
6b3a3a20fb37a3dec128d3f6,1,covered,1.0
6b3a3a20fb37a3dec128d3f6,2,covered,1.0
6b3a3a20fb37a3dec128d3f6,3,covered,1.0
1384baf58affacf89f3300d2,0,covered,1.0
1384baf58affacf89f3300d2,1,covered,1.0
1384baf58affacf89f3300d2,2,partial,0.5
1384baf58affacf89f3300d2,3,covered,1.0
1384baf58affacf89f3300d2,4,covered,1.0
75fff64135813026d47461b4,0,missing,0.0
75fff64135813026d47461b4,1,covered,1.0
75fff64135813026d47461b4,2,covered,1.0
75fff64135813026d47461b4,3,covered,1.0
5f72218a4fa3f5aa05dadec1,0,missing,0.0
5f72218a4fa3f5aa05dadec1,1,covered,1.0
5f72218a4fa3f5aa05dadec1,2,covered,1.0
5f72218a4fa3f5aa05dadec1,3,covered,1.0
5f72218a4fa3f5aa05dadec1,4,covered,1.0
29617abfe1db3a17db2ee474,0,covered,1.0
29617abfe1db3a17db2ee474,1,covered,1.0
29617abfe1db3a17db2ee474,2,covered,1.0
43025dca6339cb42db04dcaa,0,covered,1.0
43025dca6339cb42db04dcaa,1,covered,1.0
43025dca6339cb42db04dcaa,2,covered,1.0
d565054afc64a08fc4200b51,0,covered,1.0
d565054afc64a08fc4200b51,1,covered,1.0
d565054afc64a08fc4200b51,2,covered,1.0
14279690a75db1eebc14f9aa,0,covered,1.0
14279690a75db1eebc14f9aa,1,covered,1.0
14279690a75db1eebc14f9aa,2,covered,1.0
09713474d831f16d6e650635,0,covered,1.0
09713474d831f16d6e650635,1,covered,1.0
09713474d831f16d6e650635,2,covered,1.0
09713474d831f16d6e650635,3,partial,0.5
09713474d831f16d6e650635,4,covered,1.0
09713474d831f16d6e650635,5,covered,1.0
0e79d6804b1d72d2a0f8cf73,0,covered,1.0
0e79d6804b1d72d2a0f8cf73,1,covered,1.0
0e79d6804b1d72d2a0f8cf73,2,covered,1.0
0e79d6804b1d72d2a0f8cf73,3,partial,0.5
0e79d6804b1d72d2a0f8cf73,4,covered,1.0
d678a1c6216677507dda3869,0,covered,1.0
d678a1c6216677507dda3869,1,covered,1.0
d678a1c6216677507dda3869,2,covered,1.0
d678a1c6216677507dda3869,3,covered,1.0
5c84dcc5ee8d3a7bfcbfdcb0,0,covered,1.0
5c84dcc5ee8d3a7bfcbfdcb0,1,covered,1.0
5c84dcc5ee8d3a7bfcbfdcb0,2,covered,1.0
5c84dcc5ee8d3a7bfcbfdcb0,3,covered,1.0
d3809ec4eba9cccfc7313322,0,covered,1.0
d3809ec4eba9cccfc7313322,1,covered,1.0
d3809ec4eba9cccfc7313322,2,covered,1.0
4a739fd10d6085f34eee6205,0,covered,1.0
4a739fd10d6085f34eee6205,1,covered,1.0
4a739fd10d6085f34eee6205,2,covered,1.0
4a739fd10d6085f34eee6205,3,covered,1.0
9b2254c2372480b190e933a7,0,covered,1.0
9b2254c2372480b190e933a7,1,covered,1.0
9b2254c2372480b190e933a7,2,covered,1.0
9b2254c2372480b190e933a7,3,covered,1.0
eb910277071b0e4868f9fd1e,0,covered,1.0
eb910277071b0e4868f9fd1e,1,covered,1.0
eb910277071b0e4868f9fd1e,2,covered,1.0
eb910277071b0e4868f9fd1e,3,covered,1.0
eb910277071b0e4868f9fd1e,4,covered,1.0
71bf1ae0d33b43f028e56046,0,covered,1.0
71bf1ae0d33b43f028e56046,1,covered,1.0
71bf1ae0d33b43f028e56046,2,covered,1.0
71bf1ae0d33b43f028e56046,3,covered,1.0
71bf1ae0d33b43f028e56046,4,covered,1.0
e82a37db691dc4b68560c5a3,0,covered,1.0
e82a37db691dc4b68560c5a3,1,covered,1.0
e82a37db691dc4b68560c5a3,2,covered,1.0
e82a37db691dc4b68560c5a3,3,covered,1.0
e82a37db691dc4b68560c5a3,4,covered,1.0
8bd1404af0e84cbe39b23099,0,covered,1.0
8bd1404af0e84cbe39b23099,1,covered,1.0
8bd1404af0e84cbe39b23099,2,covered,1.0
c08bfdc6b55b184db3f39da8,0,covered,1.0
c08bfdc6b55b184db3f39da8,1,covered,1.0
c08bfdc6b55b184db3f39da8,2,covered,1.0
c08bfdc6b55b184db3f39da8,3,covered,1.0
c08bfdc6b55b184db3f39da8,4,covered,1.0
7482edac47b9472eac89f49d,0,partial,0.5
7482edac47b9472eac89f49d,1,covered,1.0
7482edac47b9472eac89f49d,2,covered,1.0
7482edac47b9472eac89f49d,3,covered,1.0
7482edac47b9472eac89f49d,4,missing,0.0
d639e51f32c687c4d181181c,0,covered,1.0
d639e51f32c687c4d181181c,1,covered,1.0
d639e51f32c687c4d181181c,2,covered,1.0
716c154576195fbce1fc545a,0,covered,1.0
716c154576195fbce1fc545a,1,covered,1.0
716c154576195fbce1fc545a,2,covered,1.0
21db4c17c92050a62e0ecfec,0,covered,1.0
21db4c17c92050a62e0ecfec,1,covered,1.0
21db4c17c92050a62e0ecfec,2,covered,1.0
21db4c17c92050a62e0ecfec,3,covered,1.0
21db4c17c92050a62e0ecfec,4,covered,1.0
08970a5a69e3b8d71ca5013e,0,missing,0.0
08970a5a69e3b8d71ca5013e,1,covered,1.0
08970a5a69e3b8d71ca5013e,2,covered,1.0
08970a5a69e3b8d71ca5013e,3,covered,1.0
08970a5a69e3b8d71ca5013e,4,partial,0.5
95f781613d232e9699c432b9,0,covered,1.0
95f781613d232e9699c432b9,1,covered,1.0
95f781613d232e9699c432b9,2,covered,1.0
1f9f3c8c03d56fa4c473590f,0,covered,1.0
1f9f3c8c03d56fa4c473590f,1,covered,1.0
1f9f3c8c03d56fa4c473590f,2,covered,1.0
d8ab364eb47b50ed49ac13dd,0,covered,1.0
d8ab364eb47b50ed49ac13dd,1,contradicted,0.0
d8ab364eb47b50ed49ac13dd,2,covered,1.0
d8ab364eb47b50ed49ac13dd,3,covered,1.0
d8ab364eb47b50ed49ac13dd,4,covered,1.0
d8ab364eb47b50ed49ac13dd,5,covered,1.0
5a1948ffdf3f124a6a7eb100,0,covered,1.0
5a1948ffdf3f124a6a7eb100,1,covered,1.0
5a1948ffdf3f124a6a7eb100,2,covered,1.0
5a1948ffdf3f124a6a7eb100,3,covered,1.0
f7558ee6993d0910798cf03d,0,covered,1.0
f7558ee6993d0910798cf03d,1,covered,1.0
f7558ee6993d0910798cf03d,2,covered,1.0
433226e8c487392d54eb8036,0,covered,1.0
433226e8c487392d54eb8036,1,covered,1.0
433226e8c487392d54eb8036,2,covered,1.0
433226e8c487392d54eb8036,3,covered,1.0
433226e8c487392d54eb8036,4,covered,1.0
8d6e778a42d3f56abcc6022f,0,covered,1.0
8d6e778a42d3f56abcc6022f,1,covered,1.0
8d6e778a42d3f56abcc6022f,2,covered,1.0
8d6e778a42d3f56abcc6022f,3,covered,1.0
23b5df22eb93ce9ecbf6160f,0,missing,0.0
23b5df22eb93ce9ecbf6160f,1,covered,1.0
23b5df22eb93ce9ecbf6160f,2,covered,1.0
23b5df22eb93ce9ecbf6160f,3,covered,1.0
23b5df22eb93ce9ecbf6160f,4,covered,1.0
23b5df22eb93ce9ecbf6160f,5,missing,0.0
bc59cad06a273a60a87e3fd6,0,covered,1.0
bc59cad06a273a60a87e3fd6,1,covered,1.0
bc59cad06a273a60a87e3fd6,2,covered,1.0
bc59cad06a273a60a87e3fd6,3,covered,1.0
a8d43cab7f1bf8802674b93b,0,covered,1.0
a8d43cab7f1bf8802674b93b,1,covered,1.0
a8d43cab7f1bf8802674b93b,2,covered,1.0
a8d43cab7f1bf8802674b93b,3,covered,1.0
a8d43cab7f1bf8802674b93b,4,covered,1.0
a8d43cab7f1bf8802674b93b,5,covered,1.0
a8d43cab7f1bf8802674b93b,6,covered,1.0
a8d43cab7f1bf8802674b93b,7,covered,1.0
a8d43cab7f1bf8802674b93b,8,covered,1.0
b1836e77659d72bea14021e8,0,covered,1.0
b1836e77659d72bea14021e8,1,covered,1.0
b1836e77659d72bea14021e8,2,covered,1.0
b1836e77659d72bea14021e8,3,covered,1.0
b1836e77659d72bea14021e8,4,covered,1.0
acf7f011b3be82655f8315dd,0,covered,1.0
acf7f011b3be82655f8315dd,1,covered,1.0
acf7f011b3be82655f8315dd,2,covered,1.0
acf7f011b3be82655f8315dd,3,covered,1.0
07bbe0e8c704f1864ce5e7ad,0,covered,1.0
07bbe0e8c704f1864ce5e7ad,1,covered,1.0
07bbe0e8c704f1864ce5e7ad,2,covered,1.0
c0f9c3c8c1738e9370451506,0,missing,0.0
c0f9c3c8c1738e9370451506,1,covered,1.0
c0f9c3c8c1738e9370451506,2,covered,1.0
c0f9c3c8c1738e9370451506,3,covered,1.0
2f7359573e456291899e5716,0,partial,0.5
2f7359573e456291899e5716,1,covered,1.0
987b32ac9f631d80f5d640fa,0,covered,1.0
987b32ac9f631d80f5d640fa,1,covered,1.0
987b32ac9f631d80f5d640fa,2,covered,1.0
987b32ac9f631d80f5d640fa,3,covered,1.0
d81b504604548869ae2b8dcf,0,covered,1.0
d81b504604548869ae2b8dcf,1,covered,1.0
d81b504604548869ae2b8dcf,2,covered,1.0
7b334cae7f91dd8862115d48,0,covered,1.0
7b334cae7f91dd8862115d48,1,covered,1.0
214e46959b78dc190c986cb0,0,covered,1.0
214e46959b78dc190c986cb0,1,covered,1.0
214e46959b78dc190c986cb0,2,covered,1.0
214e46959b78dc190c986cb0,3,covered,1.0
3ab31783451cb962efa835e9,0,covered,1.0
3ab31783451cb962efa835e9,1,covered,1.0
3ab31783451cb962efa835e9,2,covered,1.0
3ab31783451cb962efa835e9,3,covered,1.0
ead13cd1c5b36d81dcf59f17,0,covered,1.0
ead13cd1c5b36d81dcf59f17,1,covered,1.0
ead13cd1c5b36d81dcf59f17,2,covered,1.0
fd411f178f4d36bb2f71c35b,0,covered,1.0
fd411f178f4d36bb2f71c35b,1,covered,1.0
fd411f178f4d36bb2f71c35b,2,covered,1.0
fd411f178f4d36bb2f71c35b,3,covered,1.0
fd411f178f4d36bb2f71c35b,4,covered,1.0
fd36f97c551ce22ddee28510,0,covered,1.0
fd36f97c551ce22ddee28510,1,covered,1.0
fd36f97c551ce22ddee28510,2,covered,1.0
fd36f97c551ce22ddee28510,3,covered,1.0
154563290e02a24518572c0a,0,covered,1.0
154563290e02a24518572c0a,1,covered,1.0
6f0611a7ede6868fda855668,0,covered,1.0
6f0611a7ede6868fda855668,1,covered,1.0
6f0611a7ede6868fda855668,2,covered,1.0
9ba5be250ed35e77acf23125,0,covered,1.0
9ba5be250ed35e77acf23125,1,covered,1.0
9ba5be250ed35e77acf23125,2,covered,1.0
